SEASON,SEASON_TYPE,TEAM_ABB,GP,POSS,POSS_PCT,PPP,PTS,FGM,FGA,FG_PCT,EFG_PCT,FT_POSS_PCT,TOV_POSS_PCT,SF_POSS_PCT,PLUSONE_POSS_PCT,SCORE_POSS_PCT,PERCENTILE
2015-16,pre-season,-,7.0,6.8,1.13,7.9,2.5,5.5,45.5,55.7,12.5,10.7,8.9,1.8,44.6,86.2,0
2015-16,pre-season,-,7.0,6.4,0.93,6.6,2.4,5.5,43.2,48.9,12.3,10.5,12.3,1.8,43.9,65.5,0
2015-16,pre-season,-,8.0,7.0,1.11,8.5,3.2,5.8,54.3,64.3,13.0,13.0,10.9,2.2,47.8,82.8,0
2015-16,pre-season,-,8.0,6.7,0.81,6.1,2.4,6.3,38.6,44.3,5.7,13.2,5.7,1.9,35.8,44.8,0
2015-16,pre-season,-,8.0,7.6,0.80,6.7,2.8,7.2,39.5,43.0,6.0,12.0,6.0,4.0,36.0,39.3,0
2015-16,pre-season,-,8.0,6.6,0.74,5.6,2.0,5.7,35.0,41.3,7.5,17.0,7.5,0.0,34.0,27.6,0
2015-16,pre-season,-,7.0,6.7,0.76,5.4,2.1,6.0,35.7,38.1,8.0,10.0,4.0,2.0,36.0,31.0,0
2015-16,pre-season,-,7.0,6.2,0.88,6.0,2.2,5.7,38.2,42.6,7.3,9.8,4.9,0.0,39.0,62.1,0
2015-16,pre-season,-,6.0,5.4,0.83,4.9,1.7,4.9,35.3,39.7,12.2,7.3,9.8,2.4,39.0,55.2,0
2015-16,pre-season,-,5.0,4.5,0.87,4.1,1.3,3.9,32.3,41.9,10.5,13.2,10.5,5.3,31.6,58.6,0
2015-16,pre-season,-,4.0,3.5,1.17,4.5,1.8,3.3,55.0,62.5,8.7,8.7,8.7,4.3,52.2,93.1,0
2015-16,pre-season,-,6.0,5.2,0.82,4.5,2.0,5.0,40.0,43.3,3.0,9.1,3.0,3.0,36.4,51.7,0
2015-16,pre-season,-,6.0,4.9,0.79,4.5,1.7,4.3,38.5,46.2,8.8,14.7,5.9,0.0,35.3,34.5,0
2015-16,pre-season,-,4.0,3.4,1.08,4.3,1.7,3.2,52.6,68.4,0.0,20.8,0.0,0.0,41.7,79.3,0
2015-16,pre-season,-,5.0,4.7,1.14,6.0,2.3,4.0,56.3,68.8,9.5,19.0,4.8,4.8,47.6,89.7,0
2015-16,pre-season,-,4.0,3.5,0.96,3.8,1.7,3.0,55.6,55.6,8.3,16.7,8.3,0.0,50.0,72.4,0
2015-16,pre-season,-,5.0,5.2,0.81,4.4,1.4,4.2,33.3,40.5,11.1,11.1,3.7,0.0,37.0,48.3,0
2015-16,pre-season,-,5.0,3.8,0.57,2.6,0.9,3.8,23.3,28.3,10.8,10.8,10.8,2.7,24.3,13.8,0
2015-16,pre-season,-,2.0,2.2,1.67,4.0,1.4,2.2,63.6,81.8,8.3,0.0,8.3,0.0,66.7,100,0
2015-16,pre-season,-,3.0,2.5,1.42,4.3,1.5,2.5,60.0,75.0,8.3,8.3,8.3,0.0,58.3,96.6,0
2015-16,pre-season,-,4.0,4.0,0.59,2.7,0.8,3.8,21.7,28.3,7.4,7.4,7.4,0.0,25.9,17.2,0
2015-16,pre-season,-,2.0,2.3,1.00,2.5,0.8,2.2,38.5,50.0,6.7,6.7,6.7,0.0,40.0,75.9,0
2015-16,pre-season,-,5.0,4.5,0.93,4.7,1.3,3.0,44.4,55.6,20.0,20.0,20.0,0.0,46.7,69.0,0
2015-16,pre-season,-,4.0,4.0,0.67,2.8,1.0,3.2,31.3,37.5,4.8,19.0,4.8,0.0,28.6,24.1,0
2015-16,pre-season,-,4.0,3.5,0.63,2.4,1.0,2.8,35.7,35.7,5.3,21.1,5.3,0.0,31.6,20.7,0
2015-16,pre-season,-,4.0,4.8,1.00,4.5,1.5,3.5,42.9,64.3,0.0,22.2,0.0,0.0,33.3,0.0,0
2015-16,pre-season,-,4.0,3.2,0.50,1.8,0.8,2.8,28.6,32.1,0.0,22.2,0.0,0.0,22.2,6.9,0
2015-16,pre-season,-,2.0,2.3,0.80,2.0,1.0,2.3,44.4,44.4,0.0,10.0,0.0,0.0,40.0,39.3,0
2015-16,pre-season,-,4.0,3.3,0.38,1.3,0.5,2.7,18.8,21.9,4.8,19.0,4.8,0.0,19.0,3.4,0
2015-16,pre-season,-,3.0,2.4,0.55,1.5,0.8,2.3,33.3,33.3,9.1,9.1,9.1,0.0,27.3,10.3,0
2015-16,pre-season,-,4.0,4.2,0.11,0.5,0.3,3.8,6.7,6.7,0.0,16.7,0.0,0.0,5.6,0.0,0
2015-16,pre-season,-,3.0,2.4,0.33,1.0,0.0,2.0,0.0,0.0,33.3,0.0,0.0,0.0,33.3,0.0,0
2015-16,pre-season,-,1.0,0.9,0.00,0.0,0.0,1.0,0.0,0.0,0.0,0.0,0.0,0.0,0.0,0.0,0
2015-16,pre-season,-,3.0,2.9,0.00,0.0,0.0,2.0,0.0,0.0,0.0,33.3,0.0,0.0,0.0,0.0,0
2015-16,pre-season,-,2.0,1.8,0.00,0.0,0.0,2.0,0.0,0.0,0.0,0.0,0.0,0.0,0.0,0.0,0
2015-16,pre-season,-,6.0,5.7,0.00,0.0,0.0,5.0,0.0,0.0,0.0,16.7,0.0,0.0,0.0,0.0,0
2015-16,regular-season,-,8.0,7.7,0.84,6.7,2.6,6.4,40.0,46.2,6.4,14.1,5.3,0.9,37.4,17.2,0
2015-16,regular-season,-,7.4,6.6,0.86,6.4,2.3,5.9,39.3,44.4,9.4,12.2,7.9,1.0,39.6,41.4,0
2015-16,regular-season,-,5.8,5.4,0.93,5.4,1.9,4.8,40.2,46.7,10.3,9.0,9.7,1.9,41.4,89.7,0
2015-16,regular-season,-,6.0,5.4,0.88,5.2,2.0,5.0,39.7,45.5,6.8,9.8,5.7,1.4,38.7,55.2,0
2015-16,regular-season,-,5.8,5.3,0.90,5.2,1.9,4.5,42.2,48.8,8.9,14.6,7.0,1.1,40.4,79.3,0
2015-16,regular-season,-,5.9,5.6,0.85,5.0,1.9,5.0,39.2,44.0,7.4,10.1,6.4,1.2,38.8,31.0,0
2015-16,regular-season,-,5.5,5.0,0.89,5.0,1.8,4.4,40.3,49.0,7.5,13.9,5.9,1.1,38.5,69.0,0
2015-16,regular-season,-,5.6,5.1,0.88,4.9,1.9,4.5,41.1,47.4,6.8,13.8,5.7,1.8,37.9,58.6,0
2015-16,regular-season,-,4.9,4.5,0.89,4.3,1.4,4.0,36.2,43.1,10.5,9.8,9.8,2.0,37.6,65.5,0
2015-16,regular-season,-,4.6,4.3,0.93,4.3,1.7,3.7,45.5,51.8,7.4,14.5,6.9,1.8,41.4,86.2,0
2015-16,regular-season,-,4.4,4.1,0.95,4.2,1.6,3.8,42.2,48.4,8.2,8.2,6.9,1.1,42.9,96.6,0
2015-16,regular-season,-,4.9,4.5,0.86,4.2,1.7,4.0,42.7,46.8,5.5,12.8,3.8,1.3,39.6,44.8,0
2015-16,regular-season,-,4.6,4.4,0.90,4.2,1.6,3.9,40.7,47.6,6.8,10.5,5.5,0.8,39.4,75.9,0
2015-16,regular-season,-,4.9,4.5,0.80,3.9,1.5,4.1,36.0,41.9,7.7,10.9,6.7,1.5,35.6,6.9,0
2015-16,regular-season,-,4.0,3.7,0.91,3.6,1.4,3.3,42.5,48.7,6.4,10.4,5.5,0.3,41.3,82.8,0
2015-16,regular-season,-,4.2,4.0,0.85,3.5,1.4,3.5,39.2,42.9,7.6,9.6,7.0,1.2,39.4,27.6,0
2015-16,regular-season,-,4.3,4.1,0.82,3.5,1.4,3.6,39.4,41.8,9.4,9.7,8.8,2.0,39.5,13.8,0
2015-16,regular-season,-,3.9,3.5,0.88,3.5,1.3,3.3,39.0,44.8,8.8,10.3,8.1,3.1,38.1,62.1,0
2015-16,regular-season,-,3.2,2.8,1.07,3.4,1.2,2.5,47.1,57.0,9.3,12.0,6.9,1.5,45.6,100,0
2015-16,regular-season,-,3.9,3.6,0.86,3.3,1.2,3.1,38.5,43.0,9.8,9.5,8.9,0.6,40.5,37.9,0
2015-16,regular-season,-,4.7,4.2,0.71,3.3,1.2,3.9,31.8,37.6,5.7,13.2,4.2,1.6,30.4,0.0,0
2015-16,regular-season,-,3.8,3.6,0.85,3.3,1.4,3.4,40.5,44.4,4.5,7.3,3.8,0.6,39.5,34.5,0
2015-16,regular-season,-,3.7,3.5,0.87,3.2,1.2,3.1,39.7,47.7,3.9,11.5,3.0,0.0,37.5,48.3,0
2015-16,regular-season,-,3.5,3.1,0.87,3.0,1.1,2.7,40.5,48.6,7.7,16.1,7.0,1.1,37.5,51.7,0
2015-16,regular-season,-,3.2,3.1,0.94,3.0,1.0,2.6,38.7,44.3,13.3,8.3,11.4,1.9,42.4,93.1,0
2015-16,regular-season,-,3.4,3.2,0.90,3.0,1.1,2.9,36.5,44.8,5.8,7.2,5.1,0.4,37.3,72.4,0
2015-16,regular-season,-,3.1,2.8,0.84,2.6,1.0,2.4,40.6,45.9,8.3,15.4,7.9,1.2,38.6,24.1,0
2015-16,regular-season,-,3.3,3.0,0.75,2.5,0.9,2.7,34.5,40.8,5.9,13.3,6.3,1.8,32.5,3.4,0
2015-16,regular-season,-,2.8,2.6,0.81,2.3,1.0,2.4,40.7,44.1,6.0,11.2,5.2,0.4,39.5,10.3,0
2015-16,regular-season,-,2.4,2.2,0.84,2.0,0.7,1.8,40.4,45.7,8.5,16.6,6.5,1.0,38.2,20.7,0
2015-16,playoffs,-,3.6,3.3,1.15,4.1,1.4,2.9,49.3,64.5,9.3,10.5,8.1,0.0,46.5,100,0
2015-16,playoffs,-,3.4,3.2,0.90,3.0,1.3,2.7,48.1,52.8,3.0,16.4,3.0,0.0,41.8,64.3,0
2015-16,playoffs,-,5.0,4.4,0.96,4.8,1.9,4.3,44.7,50.0,7.3,9.1,7.3,2.0,43.6,92.9,0
2015-16,playoffs,-,4.6,4.5,0.91,4.2,1.8,4.0,45.0,50.0,4.3,10.9,2.2,2.0,41.3,78.6,0
2015-16,playoffs,-,2.2,2.1,0.87,1.9,0.7,1.8,37.8,44.6,8.7,10.9,2.2,0.0,39.1,57.1,0
2015-16,playoffs,-,3.1,3.1,0.73,2.3,0.9,2.5,34.3,35.7,11.4,11.4,9.1,2.0,36.4,38.5,0
2015-16,playoffs,-,9.0,8.4,0.57,5.2,2.2,7.8,27.7,28.7,5.6,7.4,3.7,0.0,29.6,21.4,0
2015-16,playoffs,-,4.7,4.7,0.91,4.3,1.3,3.1,40.9,43.2,18.2,18.2,18.2,3.0,42.4,71.4,0
2015-16,playoffs,-,4.4,4.1,0.66,2.9,1.1,3.7,29.7,36.5,4.5,13.6,4.5,2.0,27.3,28.6,0
2015-16,playoffs,-,4.8,4.3,0.76,3.7,1.0,3.7,27.3,29.5,20.7,10.3,20.7,7.0,34.5,50.0,0
2015-16,playoffs,-,3.4,2.9,0.94,3.2,1.4,3.2,43.8,50.0,0.0,5.9,0.0,0.0,41.2,85.7,0
2015-16,playoffs,-,4.4,4.2,0.73,3.2,1.6,4.0,40.0,40.0,0.0,9.1,0.0,0.0,36.4,38.5,0
2015-16,playoffs,-,1.8,1.6,0.50,0.9,0.4,1.4,28.0,30.0,6.3,12.5,9.4,0.0,25.0,14.3,0
2015-16,playoffs,-,3.3,3.3,0.48,1.6,0.6,2.6,22.2,25.0,4.3,17.4,0.0,0.0,21.7,7.1,0
2015-16,playoffs,-,4.3,4.1,0.47,2.0,0.8,3.8,20.0,26.7,11.8,5.9,11.8,6.0,17.6,0.0,0
2015-16,playoffs,-,1.3,1.3,0.60,0.8,0.3,0.8,33.3,50.0,0.0,40.0,0.0,0.0,20.0,0.0,0
2016-17,pre-season,-,8.4,7.5,1.00,8.4,2.9,6.7,42.6,48.9,15.3,8.5,13.6,3.4,45.8,89.7,0
2016-17,pre-season,-,7.6,6.6,1.00,6.0,2.4,6.7,36.2,41.5,3.8,7.5,1.9,0.0,35.8,31.0,0
2016-17,pre-season,-,5.1,4.4,1.00,4.8,1.9,4.0,46.9,54.7,7.3,17.1,4.9,2.4,41.5,69.0,0
2016-17,pre-season,-,6.3,5.6,1.00,6.2,2.2,4.7,46.4,55.4,10.5,18.4,7.9,2.6,42.1,86.2,0
2016-17,pre-season,-,5.9,5.0,1.00,5.1,1.9,3.7,50.0,61.5,9.8,31.7,7.3,4.9,36.6,58.6,0
2016-17,pre-season,-,5.3,4.9,1.00,5.0,1.9,4.1,44.8,55.2,5.4,16.2,5.4,0.0,40.5,72.4,0
2016-17,pre-season,-,6.8,5.8,1.00,5.8,1.7,5.2,32.3,37.1,22.0,2.4,12.2,0.0,46.3,48.3,0
2016-17,pre-season,-,6.1,5.6,1.00,5.0,1.9,4.9,38.2,45.6,7.0,14.0,7.0,0.0,34.9,37.9,0
2016-17,pre-season,-,5.8,5.0,1.00,5.7,2.3,5.0,46.7,53.3,5.7,8.6,2.9,0.0,45.7,82.8,0
2016-17,pre-season,-,5.7,5.1,1.00,4.9,1.9,5.0,37.1,41.4,7.5,5.0,2.5,0.0,40.0,44.8,0
2016-17,pre-season,-,5.5,5.1,1.00,5.3,1.8,4.7,39.3,44.6,15.2,3.0,15.2,3.0,45.5,79.3,0
2016-17,pre-season,-,5.3,4.7,1.00,4.6,1.9,4.6,40.6,45.3,8.1,10.8,8.1,5.4,37.8,55.2,0
2016-17,pre-season,-,4.7,4.3,1.00,5.2,1.8,4.0,45.8,60.4,3.6,10.7,3.6,0.0,42.9,96.6,0
2016-17,pre-season,-,5.8,5.4,1.00,5.2,2.2,4.5,48.1,51.9,5.7,17.1,5.7,0.0,42.9,65.5,0
2016-17,pre-season,-,3.3,3.0,1.00,4.0,1.6,2.7,57.9,73.7,0.0,17.4,0.0,0.0,47.8,100,0
2016-17,pre-season,-,4.3,4.1,1.00,4.7,2.2,3.7,59.1,59.1,3.8,11.5,3.8,0.0,53.8,93.1,0
2016-17,pre-season,-,6.2,5.9,1.00,4.7,1.5,5.3,28.1,35.9,5.4,8.1,5.4,0.0,29.7,20.7,0
2016-17,pre-season,-,6.0,5.5,1.00,4.0,1.7,5.6,30.8,35.9,2.4,7.1,2.4,2.4,28.6,14.3,0
2016-17,pre-season,-,6.9,5.4,1.00,4.0,1.1,5.0,22.9,24.3,14.6,12.5,12.5,0.0,31.3,6.9,0
2016-17,pre-season,-,4.1,3.5,1.00,3.6,1.1,3.1,36.4,45.5,6.9,17.2,6.9,0.0,34.5,51.7,0
2016-17,pre-season,-,4.0,3.7,1.00,3.8,1.4,3.6,38.9,44.4,10.0,5.0,10.0,5.0,40.0,75.9,0
2016-17,pre-season,-,4.2,3.9,1.00,3.2,1.5,3.0,50.0,52.8,0.0,28.0,0.0,0.0,36.0,24.1,0
2016-17,pre-season,-,4.5,4.0,1.00,3.0,1.0,3.3,30.0,30.0,14.8,18.5,7.4,7.4,29.6,14.3,0
2016-17,pre-season,-,3.2,3.0,1.00,2.7,1.0,2.5,40.0,43.3,10.5,10.5,10.5,0.0,42.1,41.4,0
2016-17,pre-season,-,2.8,2.5,1.00,2.5,0.7,2.2,30.8,42.3,11.8,11.8,11.8,0.0,35.3,62.1,0
2016-17,pre-season,-,3.0,2.8,1.00,2.3,0.7,2.5,26.7,30.0,16.7,0.0,16.7,0.0,38.9,27.6,0
2016-17,pre-season,-,3.2,2.9,1.00,2.6,1.0,2.6,38.5,50.0,0.0,18.8,0.0,0.0,31.3,34.5,0
2016-17,pre-season,-,4.0,3.3,1.00,2.2,0.7,2.8,23.5,23.5,20.8,16.7,16.7,8.3,29.2,3.4,0
2016-17,pre-season,-,4.5,4.0,1.00,2.8,1.3,3.8,33.3,33.3,11.1,11.1,11.1,5.6,27.8,10.3,0
2016-17,pre-season,-,5.5,4.4,0.00,1.8,0.5,4.3,11.5,15.4,12.1,9.1,12.1,0.0,18.2,0.0,0
2016-17,pre-season,-,3.0,2.7,1.00,3.0,1.0,3.0,33.3,50.0,0.0,0.0,0.0,0.0,33.3,0.0,0
2016-17,pre-season,-,4.0,3.3,1.00,3.0,1.0,4.0,25.0,37.5,0.0,0.0,0.0,0.0,25.0,0.0,0
2016-17,pre-season,-,3.0,3.0,1.00,2.0,0.0,2.0,0.0,0.0,33.3,0.0,33.3,0.0,33.3,0.0,0
2016-17,pre-season,-,1.0,0.9,0.00,0.0,0.0,1.0,0.0,0.0,0.0,0.0,0.0,0.0,0.0,0.0,0
2016-17,regular-season,-,6.8,6.1,1.00,6.9,2.4,5.7,42.7,51.9,8.2,9.5,7.3,1.3,41.9,93.1,0
2016-17,regular-season,-,7.0,6.2,0.93,6.5,2.4,5.7,41.9,49.4,8.9,10.5,7.3,1.7,40.9,58.6,0
2016-17,regular-season,-,7.0,6.5,0.92,6.4,2.3,5.6,41.0,47.4,8.5,12.9,8.0,1.4,39.8,48.3,0
2016-17,regular-season,-,6.5,5.9,0.93,6.0,2.2,5.1,41.9,47.7,10.6,12.3,9.6,2.5,41.3,55.2,0
2016-17,regular-season,-,5.8,5.5,1.01,5.9,1.9,4.7,40.7,48.4,12.8,8.4,12.8,2.7,42.9,96.6,0
2016-17,regular-season,-,6.1,5.7,0.88,5.4,2.1,5.3,39.6,46.8,6.0,8.6,5.4,0.8,38.7,27.6,0
2016-17,regular-season,-,6.3,5.7,0.85,5.4,2.0,5.0,39.0,47.0,6.9,14.6,6.3,1.0,36.3,13.8,0
2016-17,regular-season,-,5.8,5.7,0.92,5.4,1.9,4.9,39.1,47.1,7.9,10.0,7.1,1.3,39.2,51.7,0
2016-17,regular-season,-,5.0,4.8,0.99,5.0,1.9,4.4,43.5,52.5,5.1,8.3,4.9,1.0,42.0,89.7,0
2016-17,regular-season,-,5.5,5.0,0.90,4.9,1.8,4.5,40.4,47.1,9.3,11.6,8.4,2.2,39.8,31.0,0
2016-17,regular-season,-,5.2,4.8,0.91,4.7,1.8,4.3,42.1,49.9,6.9,12.5,7.1,2.4,38.8,44.8,0
2016-17,regular-season,-,4.8,4.4,0.94,4.5,1.6,4.0,40.1,46.2,8.4,8.6,8.4,1.5,40.4,65.5,0
2016-17,regular-season,-,5.0,4.7,0.91,4.5,1.7,4.1,42.2,47.0,8.8,11.0,7.3,1.7,41.3,37.9,0
2016-17,regular-season,-,4.6,4.1,0.97,4.5,1.6,3.7,42.5,52.2,8.8,13.3,8.0,1.9,40.6,75.9,0
2016-17,regular-season,-,4.6,4.3,0.96,4.4,1.6,3.8,43.8,51.5,8.5,11.6,8.2,1.6,42.6,72.4,0
2016-17,regular-season,-,4.9,4.4,0.80,3.9,1.4,3.9,35.8,40.3,9.7,12.0,8.5,1.7,36.4,3.4,0
2016-17,regular-season,-,4.0,3.8,0.95,3.8,1.3,3.4,39.3,46.2,9.1,7.6,8.5,0.6,41.5,69.0,0
2016-17,regular-season,-,4.6,4.2,0.81,3.8,1.4,3.8,37.0,42.0,7.9,11.1,7.9,0.8,36.8,6.9,0
2016-17,regular-season,-,3.9,3.5,0.94,3.7,1.5,3.3,45.2,49.8,6.3,10.6,6.3,1.9,42.8,62.1,0
2016-17,regular-season,-,3.3,3.0,1.07,3.5,1.3,2.8,47.2,53.0,10.0,6.3,9.3,1.9,48.1,100,0
2016-17,regular-season,-,3.8,3.6,0.91,3.5,1.3,3.2,41.3,46.5,8.3,9.6,8.6,1.0,41.5,41.4,0
2016-17,regular-season,-,3.7,3.3,0.91,3.3,1.1,3.0,37.1,48.6,6.6,12.9,7.0,1.0,35.8,34.5,0
2016-17,regular-season,-,3.4,3.1,0.97,3.3,1.2,2.8,43.2,52.6,6.8,11.5,6.1,0.7,41.7,86.2,0
2016-17,regular-season,-,3.4,3.1,0.88,3.0,1.1,2.7,42.5,48.6,6.9,14.5,6.9,1.4,39.1,24.1,0
2016-17,regular-season,-,3.5,3.1,0.83,2.9,1.1,2.9,38.9,44.9,7.4,12.0,7.4,1.8,36.4,10.3,0
2016-17,regular-season,-,2.9,2.9,0.97,2.8,1.1,2.6,43.0,50.7,4.2,7.5,4.6,1.7,41.0,79.3,0
2016-17,regular-season,-,2.7,2.5,0.97,2.6,0.9,2.2,39.9,48.9,9.1,10.9,7.7,0.9,40.5,82.8,0
2016-17,regular-season,-,3.0,2.8,0.86,2.5,1.0,2.5,39.7,44.1,7.8,10.7,6.6,2.5,38.7,17.2,0
2016-17,regular-season,-,3.4,2.9,0.71,2.4,0.9,2.7,34.4,38.2,6.9,13.8,5.8,0.7,33.3,0.0,0
2016-17,regular-season,-,2.6,2.4,0.87,2.3,0.9,2.3,39.8,45.7,5.5,10.6,5.5,2.3,37.3,20.7,0
2016-17,playoffs,-,5.3,5.1,1.03,5.5,2.0,4.1,48.6,56.8,11.5,14.6,9.4,3.1,45.8,66.7,0
2016-17,playoffs,-,6.1,6.2,0.84,5.1,2.0,4.9,35.2,38.0,11.9,7.5,10.4,0.0,40.3,33.3,0
2016-17,playoffs,-,1.9,1.8,1.37,2.7,1.0,1.5,55.6,68.5,22.9,8.6,22.9,8.6,57.1,100,0
2016-17,playoffs,-,5.0,5.0,1.06,5.3,2.0,4.3,46.7,53.3,5.7,8.6,5.7,0.0,45.7,73.3,0
2016-17,playoffs,-,2.8,2.6,0.82,2.3,1.0,2.4,34.2,40.8,8.9,8.9,8.9,2.2,35.6,20.0,0
2016-17,playoffs,-,2.5,2.3,0.86,2.2,1.0,2.0,31.8,38.6,10.7,10.7,10.7,0.0,35.7,46.7,0
2016-17,playoffs,-,2.1,2.1,1.09,2.3,1.0,2.0,50.0,57.5,0.0,4.8,0.0,0.0,47.6,93.3,0
2016-17,playoffs,-,5.2,4.6,0.65,3.3,1.0,4.0,33.3,37.5,6.5,19.4,6.5,3.2,29.0,6.7,0
2016-17,playoffs,-,3.5,3.5,0.91,3.2,1.0,2.8,47.1,55.9,0.0,19.0,0.0,0.0,38.1,53.3,0
2016-17,playoffs,-,1.8,1.7,0.79,1.5,0.0,1.6,28.6,31.0,12.5,0.0,4.2,0.0,37.5,13.3,0
2016-17,playoffs,-,3.0,2.7,1.07,3.2,1.0,2.4,50.0,62.5,13.3,6.7,13.3,0.0,46.7,80.0,0
2016-17,playoffs,-,4.0,3.5,1.00,4.0,1.0,3.3,38.5,50.0,12.5,6.3,6.3,0.0,43.8,60.0,0
2016-17,playoffs,-,3.2,3.0,0.84,2.7,1.0,3.0,38.9,44.4,0.0,0.0,5.3,0.0,36.8,40.0,0
2016-17,playoffs,-,2.1,1.9,0.42,0.9,0.0,1.8,20.0,23.3,5.6,13.9,5.6,2.8,19.4,0.0,0
2016-17,playoffs,-,2.8,3.0,0.82,2.3,1.0,2.2,46.2,53.8,0.0,17.6,5.9,0.0,35.3,26.7,0
2016-17,playoffs,-,2.8,2.5,1.09,3.0,1.0,2.8,45.5,54.5,0.0,0.0,0.0,0.0,45.5,86.7,0
2017-18,pre-season,-,12.2,10.6,0.82,10.0,3.7,9.8,37.3,44.9,6.8,12.3,5.5,0.0,37.0,35.7,0
2017-18,pre-season,-,7.8,7.1,1.29,10.0,3.5,6.3,56.0,70.0,6.5,12.9,6.5,0.0,51.6,92.9,0
2017-18,pre-season,-,9.2,8.2,0.73,7.0,2.2,6.8,31.7,39.0,12.7,14.5,12.7,2.0,32.7,14.3,0
2017-18,pre-season,-,9.6,8.8,0.81,8.0,3.0,6.8,44.1,47.1,12.5,16.7,12.5,0.0,39.6,29.6,0
2017-18,pre-season,-,7.2,6.3,1.03,7.0,3.0,5.8,51.7,55.2,8.3,11.1,5.6,0.0,50.0,67.9,0
2017-18,pre-season,-,5.2,4.9,1.06,6.0,2.2,4.7,46.4,50.0,9.7,0.0,9.7,0.0,51.6,75.0,0
2017-18,pre-season,-,4.5,4.1,1.11,5.0,2.0,3.5,57.1,66.7,7.4,14.8,7.4,0.0,51.9,82.1,0
2017-18,pre-season,-,8.4,7.2,0.71,6.0,2.0,6.8,29.4,36.8,4.8,14.3,4.8,0.0,28.6,10.7,0
2017-18,pre-season,-,4.4,3.9,1.14,5.0,2.0,4.0,50.0,57.5,4.5,4.5,4.5,0.0,50.0,85.7,0
2017-18,pre-season,-,4.6,4.1,1.09,5.0,2.0,4.0,50.0,57.5,8.7,8.7,8.7,4.0,47.8,78.6,0
2017-18,pre-season,-,4.3,3.9,1.41,6.0,2.3,3.8,60.0,70.0,17.6,0.0,17.6,6.0,64.7,100,0
2017-18,pre-season,-,5.5,5.1,1.04,6.0,2.0,4.5,44.4,52.8,9.1,9.1,9.1,0.0,45.5,71.4,0
2017-18,pre-season,-,6.8,5.9,0.68,5.0,1.8,5.6,32.1,37.5,2.9,14.7,2.9,0.0,29.4,7.1,0
2017-18,pre-season,-,4.8,4.3,0.76,4.0,1.3,3.5,38.1,38.1,20.7,13.8,20.7,7.0,37.9,25.0,0
2017-18,pre-season,-,3.6,3.2,1.17,4.0,1.4,3.0,46.7,56.7,16.7,5.6,16.7,6.0,50.0,89.3,0
2017-18,pre-season,-,5.5,4.7,0.91,5.0,2.0,4.8,42.1,47.4,4.5,9.1,4.5,0.0,40.9,53.6,0
2017-18,pre-season,-,4.6,4.3,0.87,4.0,1.4,3.2,43.8,50.0,17.4,17.4,13.0,4.0,43.5,46.4,0
2017-18,pre-season,-,3.5,3.0,1.36,5.0,2.0,3.3,61.5,73.1,0.0,7.1,0.0,0.0,57.1,96.4,0
2017-18,pre-season,-,4.0,3.6,0.95,4.0,1.8,3.8,47.4,50.0,0.0,5.0,0.0,0.0,45.0,57.1,0
2017-18,pre-season,-,5.3,4.8,0.91,5.0,1.5,3.3,46.2,65.4,4.8,33.3,4.8,0.0,33.3,50.0,0
2017-18,pre-season,-,5.5,4.9,0.86,5.0,2.0,4.8,42.1,44.7,9.1,4.5,4.5,0.0,45.5,42.9,0
2017-18,pre-season,-,4.5,4.0,1.00,4.0,1.5,3.0,50.0,54.2,16.7,16.7,16.7,0.0,50.0,63.0,0
2017-18,pre-season,-,4.2,4.0,0.86,4.0,1.0,3.6,27.8,36.1,9.5,4.8,9.5,0.0,33.3,39.3,0
2017-18,pre-season,-,4.8,4.2,0.75,4.0,1.2,4.2,28.6,33.3,8.3,4.2,4.2,0.0,33.3,21.4,0
2017-18,pre-season,-,3.8,3.5,0.74,3.0,1.0,2.2,45.5,59.1,5.3,36.8,5.3,0.0,31.6,17.9,0
2017-18,pre-season,-,3.2,2.9,0.81,3.0,1.0,2.2,45.5,50.0,6.3,25.0,6.3,0.0,37.5,29.6,0
2017-18,pre-season,-,5.5,4.8,1.00,6.0,2.0,4.5,44.4,61.1,0.0,18.2,0.0,0.0,36.4,63.0,0
2017-18,pre-season,-,7.0,5.8,1.43,10.0,4.0,4.0,100,125.0,0.0,42.9,0.0,0.0,57.1,0.0,0
2017-18,pre-season,-,3.4,3.0,0.53,2.0,0.8,3.0,26.7,26.7,5.9,11.8,5.9,6.0,23.5,3.6,0
2017-18,pre-season,-,2.7,2.3,0.88,2.0,0.7,2.0,33.3,41.7,12.5,12.5,12.5,0.0,37.5,0.0,0
2017-18,pre-season,-,4.0,3.7,1.50,6.0,1.0,3.0,33.3,50.0,25.0,0.0,25.0,0.0,50.0,0.0,0
2017-18,pre-season,-,5.0,4.6,1.00,5.0,1.0,4.0,25.0,37.5,20.0,0.0,20.0,0.0,40.0,0.0,0
2017-18,pre-season,-,1.8,1.6,0.57,1.0,0.3,1.0,25.0,25.0,14.3,28.6,14.3,0.0,28.6,0.0,0
2017-18,pre-season,-,2.8,2.4,0.36,1.0,0.5,2.5,20.0,20.0,0.0,9.1,0.0,0.0,18.2,0.0,0
2017-18,pre-season,-,1.0,0.9,0.00,0.0,0.0,1.0,0.0,0.0,0.0,0.0,0.0,0.0,0.0,0.0,0
2017-18,pre-season,-,6.0,5.4,0.00,0.0,0.0,4.0,0.0,0.0,0.0,33.3,0.0,0.0,0.0,0.0,0
2017-18,regular-season,-,11.4,10.6,0.94,10.7,3.9,9.9,38.9,48.5,6.2,8.0,5.4,1.5,38.4,69.0,0
2017-18,regular-season,-,11.8,10.9,0.85,10.0,3.8,9.7,39.0,44.5,8.0,10.8,7.1,1.0,38.6,17.2,0
2017-18,regular-season,-,7.7,7.0,0.97,7.5,2.8,6.4,44.2,50.4,8.1,10.1,7.3,1.1,43.1,79.3,0
2017-18,regular-season,-,7.8,7.0,0.91,7.1,2.8,6.5,42.2,48.7,5.9,11.9,5.2,1.4,39.7,51.7,0
2017-18,regular-season,-,6.3,5.8,0.96,6.1,2.2,5.1,42.5,49.3,10.2,11.7,8.8,2.9,41.7,75.9,0
2017-18,regular-season,-,6.6,6.3,0.87,5.8,2.3,5.4,42.0,48.2,5.5,13.9,5.1,0.6,38.9,34.5,0
2017-18,regular-season,-,6.4,5.9,0.88,5.7,2.0,5.3,37.6,45.6,7.8,11.4,7.2,1.3,36.9,41.4,0
2017-18,regular-season,-,6.1,5.7,0.87,5.3,1.9,5.0,38.9,46.3,7.5,12.7,6.7,0.8,37.9,31.0,0
2017-18,regular-season,-,5.7,5.1,0.86,4.9,1.8,4.7,38.0,44.7,6.8,10.9,6.4,1.1,37.1,20.7,0
2017-18,regular-season,-,6.0,5.5,0.81,4.9,1.7,4.8,36.4,41.2,10.4,11.4,8.9,1.0,38.2,6.9,0
2017-18,regular-season,-,4.9,4.5,0.99,4.8,1.7,4.0,41.8,50.2,9.7,11.0,8.5,1.7,41.9,89.7,0
2017-18,regular-season,-,5.2,4.9,0.92,4.8,1.9,4.5,41.7,48.9,5.0,9.2,4.0,1.2,39.6,55.2,0
2017-18,regular-season,-,5.3,4.8,0.86,4.6,1.6,4.4,36.2,44.5,8.5,11.7,7.1,3.0,35.2,24.1,0
2017-18,regular-season,-,4.5,4.1,1.02,4.5,1.8,3.6,48.3,54.5,9.0,11.5,7.7,2.2,45.8,96.6,0
2017-18,regular-season,-,5.2,4.7,0.86,4.5,1.7,4.2,39.1,46.4,7.0,12.7,5.4,1.4,37.3,27.6,0
2017-18,regular-season,-,4.1,3.6,1.04,4.2,1.7,3.4,50.5,58.2,4.5,12.9,3.6,1.2,45.6,100,0
2017-18,regular-season,-,4.4,4.1,0.93,4.1,1.6,3.6,43.4,49.3,8.6,11.7,7.8,2.2,41.4,58.6,0
2017-18,regular-season,-,4.8,4.4,0.83,4.0,1.5,3.9,38.6,42.9,9.4,12.4,8.6,1.8,38.5,13.8,0
2017-18,regular-season,-,4.5,4.2,0.89,4.0,1.6,3.8,41.6,48.9,4.6,10.7,4.4,0.3,39.1,44.8,0
2017-18,regular-season,-,4.0,3.7,0.99,4.0,1.4,3.4,41.1,48.4,10.9,6.1,10.3,2.1,42.6,86.2,0
2017-18,regular-season,-,4.1,3.7,0.97,4.0,1.4,3.3,43.8,52.8,7.8,14.0,7.8,1.5,40.9,82.8,0
2017-18,regular-season,-,4.2,4.0,0.90,3.8,1.4,3.5,39.6,46.5,8.3,10.9,7.5,0.6,39.7,48.3,0
2017-18,regular-season,-,3.8,3.6,0.99,3.7,1.4,3.2,44.4,51.9,6.8,11.0,5.8,1.3,42.6,93.1,0
2017-18,regular-season,-,4.5,4.0,0.82,3.7,1.5,3.7,39.9,44.9,6.8,13.0,5.7,1.6,36.7,10.3,0
2017-18,regular-season,-,3.9,3.5,0.95,3.7,1.4,3.2,42.5,47.7,9.8,8.2,9.5,2.2,42.9,72.4,0
2017-18,regular-season,-,3.7,3.3,0.94,3.4,1.4,3.1,45.3,51.0,5.0,10.3,4.7,0.0,42.3,65.5,0
2017-18,regular-season,-,3.3,3.1,0.94,3.1,1.0,2.6,39.2,48.2,9.6,12.9,9.2,2.2,38.6,62.1,0
2017-18,regular-season,-,3.5,3.2,0.88,3.1,1.2,2.9,42.0,50.4,3.8,14.3,3.5,1.4,36.7,37.9,0
2017-18,regular-season,-,3.4,3.2,0.79,2.7,1.0,2.8,36.1,42.3,6.1,12.1,5.4,1.4,34.3,3.4,0
2017-18,regular-season,-,2.6,2.3,0.71,1.9,0.7,2.2,33.0,40.2,3.8,13.6,3.3,1.4,30.0,0.0,0
2017-18,playoffs,-,5.2,4.9,0.85,4.4,1.7,4.4,38.6,45.2,7.1,10.2,7.1,3.1,36.7,35.7,0
2017-18,playoffs,-,4.2,4.0,1.13,4.8,1.9,4.0,48.5,58.1,1.4,4.2,1.4,0.0,47.2,92.9,0
2017-18,playoffs,-,3.8,3.6,1.00,3.8,1.4,3.3,42.9,52.1,5.0,7.5,5.0,0.0,41.3,83.3,0
2017-18,playoffs,-,10.1,8.8,0.72,7.3,2.3,8.7,26.4,29.3,10.9,4.0,7.9,1.0,32.7,14.3,0
2017-18,playoffs,-,5.2,4.8,0.98,5.1,1.9,4.5,42.9,49.0,8.8,8.8,5.3,3.5,42.1,64.3,0
2017-18,playoffs,-,9.8,8.8,0.80,7.8,3.0,9.0,33.3,40.0,6.1,6.1,6.1,4.1,32.7,21.4,0
2017-18,playoffs,-,2.6,2.5,0.62,1.6,0.7,2.3,32.0,35.0,1.7,13.8,1.7,1.7,27.6,7.1,0
2017-18,playoffs,-,3.9,3.5,0.83,3.2,1.0,3.0,33.3,40.7,11.4,11.4,5.7,0.0,37.1,28.6,0
2017-18,playoffs,-,3.2,3.0,1.26,4.0,1.7,2.8,58.8,64.7,10.5,5.3,10.5,5.3,57.9,100,0
2017-18,playoffs,-,2.7,2.5,0.85,2.3,0.8,2.3,34.8,45.7,3.7,11.1,3.7,0.0,33.3,42.9,0
2017-18,playoffs,-,3.6,3.6,0.88,3.1,1.3,3.1,40.9,47.7,4.0,8.0,8.0,4.0,36.0,50.0,0
2017-18,playoffs,-,3.0,2.7,0.89,2.7,0.8,2.7,31.3,46.9,11.1,5.6,5.6,5.6,33.3,57.1,0
2017-18,playoffs,-,2.6,2.5,1.00,2.6,0.8,1.6,50.0,62.5,23.1,15.4,23.1,0.0,46.2,83.3,0
2017-18,playoffs,-,1.4,1.4,1.00,1.4,0.6,1.3,44.4,55.6,0.0,10.0,0.0,0.0,40.0,83.3,0
2017-18,playoffs,-,3.5,3.1,0.57,2.0,0.8,3.0,25.0,25.0,14.3,7.1,14.3,7.1,28.6,0.0,0
2017-18,playoffs,-,1.4,1.3,0.86,1.2,0.6,1.4,42.9,42.9,0.0,0.0,0.0,0.0,42.9,0.0,0
2018-19,pre-season,-,9.2,8.3,1.15,10.6,3.8,8.0,47.5,60.0,8.7,6.5,6.5,2.2,47.8,77.4,0
2018-19,pre-season,-,10.0,8.8,0.84,8.4,3.0,8.0,37.5,40.0,14.0,8.0,14.0,2.0,42.0,30.0,0
2018-19,pre-season,-,7.5,6.1,0.91,6.8,2.7,7.0,40.0,49.0,2.2,8.9,2.2,0.0,37.8,45.2,0
2018-19,pre-season,-,6.3,5.5,1.60,10.0,3.5,5.0,70.0,88.0,16.0,4.0,12.0,0.0,68.0,100,0
2018-19,pre-season,-,9.3,7.9,1.39,13.0,5.3,9.0,57.1,70.0,0.0,0.0,0.0,0.0,57.1,93.5,0
2018-19,pre-season,-,8.0,6.9,0.93,7.4,2.2,6.0,35.5,44.0,12.5,10.0,7.5,0.0,40.0,48.4,0
2018-19,pre-season,-,8.6,7.5,0.86,7.4,2.8,7.0,37.8,46.0,4.7,9.3,4.7,0.0,37.2,38.7,0
2018-19,pre-season,-,9.6,7.9,0.77,7.4,2.4,8.0,30.8,37.0,8.3,10.4,6.3,0.0,33.3,22.6,0
2018-19,pre-season,-,6.3,5.4,1.40,8.8,3.3,5.0,68.4,82.0,12.0,16.0,12.0,4.0,60.0,96.8,0
2018-19,pre-season,-,8.5,7.2,1.03,8.8,3.3,8.0,41.9,53.0,2.9,5.9,0.0,0.0,41.2,67.7,0
2018-19,pre-season,-,8.4,7.4,0.83,7.0,3.0,7.0,41.7,49.0,0.0,14.3,0.0,0.0,35.7,25.8,0
2018-19,pre-season,-,7.5,6.4,1.10,8.3,3.0,6.0,50.0,62.0,6.7,16.7,3.3,3.3,43.3,74.2,0
2018-19,pre-season,-,6.4,5.8,1.03,6.6,2.8,6.0,50.0,59.0,0.0,12.5,0.0,0.0,43.8,71.0,0
2018-19,pre-season,-,8.0,6.5,1.29,10.3,4.0,7.0,57.1,69.0,4.2,8.3,4.2,0.0,54.2,87.1,0
2018-19,pre-season,-,5.8,4.9,0.97,5.6,2.0,5.0,38.5,50.0,3.4,6.9,3.4,0.0,37.9,58.1,0
2018-19,pre-season,-,9.8,8.3,0.72,7.0,2.5,7.0,37.0,37.0,12.8,20.5,10.3,2.6,35.9,19.4,0
2018-19,pre-season,-,5.4,4.6,1.00,5.4,2.0,5.0,43.5,52.0,7.4,11.1,7.4,3.7,40.7,63.3,0
2018-19,pre-season,-,5.0,4.1,1.30,6.5,2.5,4.0,58.8,62.0,15.0,0.0,15.0,0.0,65.0,90.3,0
2018-19,pre-season,-,9.0,7.9,0.85,7.7,2.7,7.0,36.4,41.0,14.8,3.7,14.8,0.0,40.7,35.5,0
2018-19,pre-season,-,6.3,5.5,0.88,5.5,1.8,5.0,33.3,38.0,12.0,4.0,8.0,0.0,40.0,41.9,0
2018-19,pre-season,-,6.3,5.1,0.84,5.3,2.3,5.0,45.0,50.0,8.0,20.0,8.0,8.0,36.0,30.0,0
2018-19,pre-season,-,4.0,3.3,1.19,4.8,1.5,3.0,54.5,64.0,25.0,12.5,25.0,6.3,56.3,80.6,0
2018-19,pre-season,-,9.5,8.4,1.00,9.5,3.5,7.0,50.0,57.0,10.5,15.8,5.3,0.0,47.4,63.3,0
2018-19,pre-season,-,5.0,4.2,0.95,4.8,1.8,4.0,50.0,57.0,10.0,20.0,10.0,0.0,45.0,53.3,0
2018-19,pre-season,-,4.0,3.4,0.95,3.8,1.6,4.0,42.1,50.0,0.0,5.0,0.0,0.0,40.0,53.3,0
2018-19,pre-season,-,3.5,3.0,1.29,4.5,1.5,3.0,54.5,73.0,14.3,14.3,14.3,7.1,50.0,83.9,0
2018-19,pre-season,-,4.5,3.7,0.67,3.0,1.2,4.0,31.8,34.0,7.4,11.1,7.4,0.0,33.3,13.3,0
2018-19,pre-season,-,8.0,6.8,0.53,4.3,1.5,6.0,26.1,28.0,9.4,18.8,9.4,0.0,28.1,9.7,0
2018-19,pre-season,-,6.0,4.9,0.67,4.0,1.3,6.0,22.2,33.0,0.0,0.0,0.0,0.0,22.2,13.3,0
2018-19,pre-season,-,7.0,5.4,0.52,3.7,1.0,6.0,16.7,22.0,9.5,4.8,9.5,0.0,19.0,6.5,0
2018-19,pre-season,-,5.0,4.4,2.00,10.0,4.0,4.0,100,112.0,20.0,0.0,20.0,0.0,100,0.0,0
2018-19,pre-season,-,6.0,5.4,0.42,2.5,1.0,5.0,20.0,20.0,8.3,8.3,0.0,0.0,25.0,3.2,0
2018-19,pre-season,-,5.0,4.4,0.60,3.0,1.0,2.0,50.0,75.0,0.0,60.0,0.0,0.0,20.0,0.0,0
2018-19,pre-season,-,3.0,2.9,0.67,2.0,1.0,3.0,33.3,33.0,0.0,0.0,0.0,0.0,33.3,0.0,0
2018-19,pre-season,-,5.5,5.0,0.18,1.0,0.5,4.0,11.1,11.0,0.0,18.2,0.0,0.0,9.1,0.0,0
2018-19,regular-season,-,9.5,8.2,1.05,9.9,3.6,8.1,44.1,53.5,7.6,7.7,6.6,1.2,44.3,100,0
2018-19,regular-season,-,9.1,8.2,0.90,8.2,3.3,7.8,41.7,47.0,6.4,9.1,5.7,1.2,40.9,31.0,0
2018-19,regular-season,-,9.3,8.3,0.88,8.1,2.9,7.9,36.4,46.0,6.2,9.7,5.3,1.1,35.7,24.1,0
2018-19,regular-season,-,7.9,7.1,1.03,8.1,3.0,7.0,42.9,52.3,7.1,6.0,6.0,2.0,42.9,96.6,0
2018-19,regular-season,-,8.6,7.7,0.91,7.8,2.8,7.0,40.9,48.5,8.8,12.6,7.3,1.8,39.7,41.4,0
2018-19,regular-season,-,7.5,6.6,0.97,7.3,2.6,6.2,41.8,50.7,7.4,10.1,6.5,0.8,41.2,75.9,0
2018-19,regular-season,-,8.1,6.9,0.85,6.9,2.5,6.2,40.2,46.5,9.4,15.8,7.3,1.8,38.2,10.3,0
2018-19,regular-season,-,7.5,6.7,0.86,6.5,2.5,6.4,39.1,44.9,6.0,9.4,5.5,0.6,38.3,13.8,0
2018-19,regular-season,-,6.3,5.8,0.99,6.3,2.3,5.3,44.2,51.4,8.1,9.6,7.7,1.3,43.5,86.2,0
2018-19,regular-season,-,6.4,5.8,0.90,5.8,2.2,5.3,41.0,47.0,8.4,10.7,7.6,2.1,40.0,37.9,0
2018-19,regular-season,-,6.1,5.5,0.92,5.6,2.1,5.1,41.6,48.3,6.8,10.8,6.4,1.0,40.4,48.3,0
2018-19,regular-season,-,5.6,5.0,0.99,5.6,2.0,4.9,41.4,51.0,8.0,7.8,7.1,1.9,41.3,89.7,0
2018-19,regular-season,-,6.1,5.6,0.86,5.3,2.1,5.0,41.9,46.8,8.2,13.0,7.2,2.2,39.7,17.2,0
2018-19,regular-season,-,5.5,4.7,0.93,5.1,1.9,4.5,41.8,50.1,7.8,11.0,7.4,0.7,40.7,55.2,0
2018-19,regular-season,-,5.5,5.0,0.90,5.0,1.9,4.7,39.4,46.0,6.6,9.1,6.0,0.9,39.3,34.5,0
2018-19,regular-season,-,5.1,4.6,0.98,5.0,1.9,4.2,44.1,51.0,8.0,10.4,7.2,1.9,42.9,82.8,0
2018-19,regular-season,-,5.5,5.0,0.88,4.8,2.0,4.5,43.5,48.1,6.0,13.0,5.4,1.3,40.5,27.6,0
2018-19,regular-season,-,5.0,4.7,0.91,4.6,1.7,4.1,42.4,48.2,7.5,12.9,6.6,1.7,40.3,44.8,0
2018-19,regular-season,-,4.6,4.1,0.97,4.4,1.7,3.9,42.9,51.1,5.9,9.4,5.9,0.0,41.4,72.4,0
2018-19,regular-season,-,4.6,4.0,0.95,4.4,1.5,3.7,41.0,49.7,10.1,11.9,9.0,1.3,41.0,69.0,0
2018-19,regular-season,-,5.4,4.7,0.81,4.4,1.6,4.3,37.6,42.4,8.7,11.8,6.4,1.6,37.1,6.9,0
2018-19,regular-season,-,4.6,4.0,0.94,4.3,1.7,4.0,41.2,50.2,4.2,8.8,3.4,0.5,39.5,62.1,0
2018-19,regular-season,-,5.2,4.6,0.79,4.1,1.5,4.2,36.6,41.9,7.5,13.2,7.1,2.6,34.7,0.0,0
2018-19,regular-season,-,4.3,3.8,0.93,4.0,1.5,3.6,40.8,45.7,11.6,8.2,10.2,3.4,42.0,51.7,0
2018-19,regular-season,-,4.5,3.9,0.87,3.9,1.4,3.7,39.3,45.5,9.8,10.1,9.0,1.6,39.5,20.7,0
2018-19,regular-season,-,4.9,4.3,0.80,3.9,1.5,4.0,36.7,43.1,7.5,13.6,7.0,2.8,34.4,3.4,0
2018-19,regular-season,-,3.7,3.3,0.98,3.6,1.2,3.0,41.1,52.2,8.3,11.9,7.0,1.7,39.4,79.3,0
2018-19,regular-season,-,3.6,3.2,0.95,3.4,1.2,2.9,43.2,50.0,10.1,12.5,9.1,1.7,42.6,65.5,0
2018-19,regular-season,-,3.0,2.6,1.02,3.1,1.1,2.4,46.7,56.0,8.9,14.5,8.9,3.6,42.3,93.1,0
2018-19,regular-season,-,3.0,2.6,0.94,2.8,1.0,2.5,40.7,49.8,8.6,9.8,7.4,2.0,39.3,58.6,0
2018-19,playoffs,-,9.9,9.0,0.76,7.6,2.9,8.9,33.1,37.1,7.2,5.0,7.2,2.2,34.5,20.0,0
2018-19,playoffs,-,6.6,5.8,0.99,6.6,2.3,5.5,40.9,49.4,12.3,9.4,8.5,4.7,41.5,86.7,0
2018-19,playoffs,-,3.0,2.8,1.17,3.5,1.1,2.3,50.0,58.3,20.8,6.9,20.8,2.8,55.6,100,0
2018-19,playoffs,-,4.2,3.8,0.90,3.8,1.3,3.3,39.7,43.8,8.7,10.9,8.7,0.0,40.2,60.0,0
2018-19,playoffs,-,7.4,6.6,0.76,5.7,2.1,6.2,33.8,40.5,5.6,12.4,4.5,1.1,32.6,26.7,0
2018-19,playoffs,-,3.7,3.3,0.93,3.5,1.1,3.1,34.8,46.7,8.9,12.5,5.4,3.6,33.9,66.7,0
2018-19,playoffs,-,6.0,5.2,1.11,6.7,2.2,4.7,46.4,57.1,11.1,11.1,11.1,0.0,47.2,93.3,0
2018-19,playoffs,-,4.7,4.3,0.61,2.9,1.0,3.5,28.9,36.8,5.8,21.2,3.8,0.0,25.0,6.7,0
2018-19,playoffs,-,5.4,5.0,0.61,3.3,1.3,4.9,27.3,30.7,4.1,6.1,4.1,0.0,28.6,0.0,0
2018-19,playoffs,-,4.3,4.1,0.93,4.0,1.4,3.7,38.5,42.3,10.0,3.3,10.0,0.0,43.3,73.3,0
2018-19,playoffs,-,7.0,6.8,0.96,6.8,2.3,6.0,37.5,43.8,17.9,3.6,14.3,7.1,42.9,80.0,0
2018-19,playoffs,-,7.5,6.6,0.83,6.3,2.5,7.3,34.5,41.4,3.3,3.3,3.3,3.3,33.3,40.0,0
2018-19,playoffs,-,6.8,6.0,0.65,4.4,1.2,4.2,28.6,33.3,14.7,23.5,14.7,0.0,32.4,13.3,0
2018-19,playoffs,-,4.6,3.9,0.78,3.6,1.4,3.8,36.8,42.1,4.3,13.0,4.3,0.0,34.8,33.3,0
2018-19,playoffs,-,4.0,3.7,0.85,3.4,1.0,2.8,35.7,39.3,15.0,15.0,10.0,0.0,40.0,46.7,0
2018-19,playoffs,-,2.8,2.5,0.86,2.4,1.0,2.6,38.5,46.2,0.0,7.1,0.0,0.0,35.7,53.3,0
2019-20,pre-season,-,9.6,8.2,0.90,8.6,2.8,6.4,43.8,48.4,18.8,18.8,10.4,4.2,43.8,61.3,0
2019-20,pre-season,-,8.8,7.5,1.17,10.3,3.8,7.5,50.0,61.7,5.7,8.6,5.7,0.0,48.6,90.3,0
2019-20,pre-season,-,7.0,6.0,0.83,5.8,2.0,5.5,36.4,43.9,9.5,11.9,7.1,0.0,38.1,54.8,0
2019-20,pre-season,-,8.3,6.8,0.94,7.8,3.0,7.5,40.0,50.0,3.0,6.1,0.0,0.0,39.4,71.0,0
2019-20,pre-season,-,7.0,5.9,1.07,7.5,2.8,5.5,50.0,54.5,14.3,14.3,14.3,7.1,46.4,80.6,0
2019-20,pre-season,-,7.0,5.7,0.86,6.0,2.2,5.8,37.9,48.3,5.7,11.4,5.7,0.0,37.1,58.1,0
2019-20,pre-season,-,7.0,6.2,1.38,9.7,3.3,6.0,55.6,66.7,19.0,4.8,19.0,9.5,57.1,100,0
2019-20,pre-season,-,6.2,5.3,0.94,5.8,2.0,5.2,38.5,48.1,9.7,9.7,9.7,3.2,38.7,67.7,0
2019-20,pre-season,-,7.6,6.5,0.74,5.6,1.8,5.8,31.0,32.8,15.8,10.5,15.8,2.6,34.2,41.9,0
2019-20,pre-season,-,13.5,11.6,1.00,13.5,5.0,11.0,45.5,52.3,7.4,11.1,7.4,0.0,44.4,76.7,0
2019-20,pre-season,-,6.8,6.0,1.00,6.8,2.5,5.0,50.0,57.5,11.1,18.5,11.1,3.7,44.4,76.7,0
2019-20,pre-season,-,7.8,6.8,0.69,5.4,1.6,6.0,26.7,35.0,7.7,17.9,7.7,2.6,25.6,32.3,0
2019-20,pre-season,-,8.3,7.1,0.79,6.5,2.8,5.5,50.0,52.3,12.1,27.3,12.1,6.1,36.4,51.6,0
2019-20,pre-season,-,3.0,2.4,1.33,4.0,1.3,2.7,50.0,71.9,5.6,5.6,5.6,0.0,50.0,96.8,0
2019-20,pre-season,-,8.4,7.3,0.57,4.8,1.8,6.4,28.1,31.3,7.1,21.4,7.1,4.8,23.8,16.7,0
2019-20,pre-season,-,3.8,3.3,1.16,4.4,1.8,3.4,52.9,61.8,10.5,10.5,10.5,10.5,47.4,87.1,0
2019-20,pre-season,-,7.0,5.9,0.79,5.5,2.0,6.3,32.0,34.0,10.7,3.6,7.1,3.6,35.7,48.4,0
2019-20,pre-season,-,9.5,8.3,1.10,10.5,3.5,8.5,41.2,52.9,10.5,5.3,10.5,5.3,42.1,83.9,0
2019-20,pre-season,-,6.4,5.4,0.63,4.0,1.0,3.4,29.4,35.3,15.6,31.3,15.6,0.0,31.3,22.6,0
2019-20,pre-season,-,7.0,5.9,0.57,4.0,0.8,5.4,14.8,16.7,22.9,2.9,22.9,2.9,31.4,16.7,0
2019-20,pre-season,-,7.0,5.7,0.91,6.3,2.3,5.7,41.2,47.1,14.3,9.5,9.5,4.8,42.9,64.5,0
2019-20,pre-season,-,4.8,4.1,0.75,3.6,1.6,4.0,40.0,45.0,0.0,16.7,0.0,0.0,33.3,45.2,0
2019-20,pre-season,-,3.3,2.9,1.23,4.0,1.3,2.0,62.5,81.3,7.7,30.8,7.7,0.0,46.2,93.5,0
2019-20,pre-season,-,5.8,4.7,0.55,3.2,1.2,4.8,25.0,29.2,3.4,13.8,3.4,0.0,24.1,9.7,0
2019-20,pre-season,-,6.3,5.4,0.56,3.5,1.5,3.8,40.0,43.3,4.0,36.0,4.0,0.0,28.0,12.9,0
2019-20,pre-season,-,7.4,6.4,0.38,2.8,0.8,5.6,14.3,14.3,10.8,13.5,8.1,0.0,21.6,3.2,0
2019-20,pre-season,-,6.8,5.5,0.48,3.3,1.3,5.5,22.7,25.0,3.7,14.8,3.7,0.0,22.2,6.5,0
2019-20,pre-season,-,5.7,5.1,0.71,4.0,1.3,4.3,30.8,30.8,11.8,11.8,11.8,0.0,35.3,35.5,0
2019-20,pre-season,-,5.0,4.0,0.73,3.7,1.3,3.7,36.4,36.4,6.7,20.0,6.7,0.0,33.3,38.7,0
2019-20,pre-season,-,4.0,3.5,0.69,2.8,1.3,3.0,41.7,45.8,0.0,25.0,0.0,0.0,31.3,29.0,0
2019-20,pre-season,-,2.5,2.4,1.40,3.5,1.5,2.5,60.0,60.0,20.0,0.0,20.0,20.0,60.0,0.0,0
2019-20,pre-season,-,4.0,3.5,0.88,3.5,0.5,2.5,20.0,30.0,37.5,0.0,12.5,0.0,37.5,0.0,0
2019-20,pre-season,-,3.7,3.0,0.64,2.3,0.7,3.0,22.2,22.2,18.2,9.1,18.2,9.1,27.3,25.8,0
2019-20,pre-season,-,2.0,1.8,1.50,3.0,1.0,1.0,100,150.0,0.0,50.0,0.0,0.0,50.0,0.0,0
2019-20,pre-season,-,8.5,8.0,0.18,1.5,0.5,7.5,6.7,10.0,0.0,11.8,0.0,0.0,5.9,0.0,0
2019-20,pre-season,-,6.0,5.2,0.33,2.0,1.0,5.0,20.0,20.0,16.7,0.0,16.7,0.0,16.7,0.0,0
2019-20,pre-season,-,2.0,1.8,0.00,0.0,0.0,2.0,0.0,0.0,0.0,0.0,0.0,0.0,0.0,0.0,0
2019-20,regular-season,-,9.6,8.8,1.07,10.2,3.5,8.1,43.8,55.4,7.7,9.4,6.6,1.9,42.7,96.6,0
2019-20,regular-season,-,8.1,7.3,0.89,7.2,2.8,7.0,40.5,46.1,5.9,8.9,5.2,0.8,39.7,34.5,0
2019-20,regular-season,-,6.3,5.4,1.06,6.7,2.4,5.5,43.9,55.4,7.0,7.2,6.5,1.1,43.6,93.1,0
2019-20,regular-season,-,7.9,7.0,0.91,7.2,2.5,6.4,39.1,46.4,9.4,11.3,8.2,2.3,39.0,48.3,0
2019-20,regular-season,-,6.7,6.1,0.95,6.4,2.3,5.5,42.5,50.4,9.0,11.8,8.2,2.0,41.2,69.0,0
2019-20,regular-season,-,7.3,6.4,0.86,6.3,2.3,6.2,37.6,44.8,6.7,9.0,6.4,1.1,37.5,24.1,0
2019-20,regular-season,-,8.1,6.9,0.84,6.8,2.3,6.1,38.1,44.5,10.0,15.6,8.9,1.9,37.0,10.3,0
2019-20,regular-season,-,5.9,5.3,1.07,6.3,2.2,5.1,43.9,51.4,10.0,6.6,9.7,2.1,45.3,100,0
2019-20,regular-season,-,7.9,6.8,0.88,7.0,2.5,6.4,38.8,46.1,9.7,11.1,9.1,2.0,38.7,31.0,0
2019-20,regular-season,-,6.1,5.2,0.95,5.8,2.1,5.1,41.6,50.7,7.3,11.6,7.0,1.6,40.1,75.9,0
2019-20,regular-season,-,6.1,5.5,0.95,5.8,2.1,4.9,42.7,51.1,8.4,12.8,7.5,2.1,40.6,72.4,0
2019-20,regular-season,-,5.9,5.4,0.94,5.6,2.1,5.0,41.6,47.8,8.1,9.0,8.4,2.8,40.8,65.5,0
2019-20,regular-season,-,5.8,5.2,0.94,5.5,1.9,4.6,41.8,47.3,12.2,10.8,10.6,2.4,42.4,62.1,0
2019-20,regular-season,-,7.1,6.3,0.85,6.1,2.1,5.6,37.6,45.2,8.4,13.6,7.1,0.9,37.0,17.2,0
2019-20,regular-season,-,5.8,5.2,0.92,5.3,2.1,5.0,41.4,47.4,6.9,6.9,5.7,0.2,41.7,58.6,0
2019-20,regular-season,-,5.6,4.9,0.92,5.2,1.8,4.4,40.8,47.9,11.6,13.5,10.8,2.5,40.6,55.2,0
2019-20,regular-season,-,5.3,4.6,0.96,5.1,1.8,4.3,43.0,52.1,7.9,12.6,7.1,1.6,40.8,82.8,0
2019-20,regular-season,-,6.1,5.4,0.91,5.5,2.1,5.1,41.5,48.2,7.7,10.5,6.7,2.2,39.9,44.8,0
2019-20,regular-season,-,5.2,4.6,0.92,4.7,1.7,4.2,41.4,46.9,9.9,11.6,9.4,2.7,40.9,51.7,0
2019-20,regular-season,-,6.2,5.5,0.83,5.1,1.8,4.8,37.5,44.7,8.4,15.6,7.4,0.7,36.5,6.9,0
2019-20,regular-season,-,4.6,4.1,0.96,4.4,1.6,3.7,43.6,50.7,9.0,12.2,7.2,2.3,42.0,79.3,0
2019-20,regular-season,-,4.1,3.7,1.04,4.3,1.6,3.4,45.6,54.4,8.1,11.7,6.8,2.0,43.6,89.7,0
2019-20,regular-season,-,5.4,4.9,0.87,4.7,1.6,4.3,37.9,46.1,7.8,13.4,7.0,1.1,36.7,27.6,0
2019-20,regular-season,-,4.0,3.6,0.91,3.7,1.4,3.4,39.8,48.0,6.5,10.7,5.8,1.7,38.1,41.4,0
2019-20,regular-season,-,3.6,3.1,1.01,3.6,1.2,2.9,43.2,51.0,12.0,9.7,10.5,1.6,44.2,86.2,0
2019-20,regular-season,-,4.2,3.9,0.85,3.6,1.4,3.3,43.5,47.3,7.9,14.5,6.6,1.3,40.1,20.7,0
2019-20,regular-season,-,5.1,4.7,0.78,4.0,1.5,4.0,37.7,44.2,6.0,17.1,5.4,0.9,34.1,0.0,0
2019-20,regular-season,-,4.4,3.9,0.81,3.5,1.4,3.6,38.2,45.9,5.5,14.2,5.2,1.6,34.8,3.4,0
2019-20,regular-season,-,3.1,2.7,0.90,2.8,0.9,2.5,36.0,45.8,10.2,12.4,9.7,1.3,37.2,37.9,0
2019-20,regular-season,-,3.3,2.9,0.85,2.8,1.0,2.7,36.6,45.6,5.5,12.7,5.1,0.4,35.2,13.8,0
2019-20,playoffs,-,10.9,10.2,0.90,9.7,3.4,9.4,36.5,46.4,5.3,9.6,4.8,1.3,35.5,64.3,0
2019-20,playoffs,-,7.4,7.0,0.89,6.5,2.4,5.5,42.9,47.6,10.7,15.7,9.3,1.4,40.7,53.3,0
2019-20,playoffs,-,3.6,3.4,1.06,3.9,1.4,2.8,50.0,55.2,16.1,12.9,14.5,6.5,46.8,86.7,0
2019-20,playoffs,-,6.7,6.0,0.73,4.9,1.3,5.2,25.0,33.7,11.9,11.9,11.9,1.5,29.9,26.7,0
2019-20,playoffs,-,3.9,3.7,1.44,5.6,2.0,3.3,60.9,73.9,7.4,7.4,7.4,0.0,59.3,100,0
2019-20,playoffs,-,4.3,3.9,0.74,3.2,0.9,3.4,27.0,32.4,14.9,8.5,12.8,2.1,31.9,33.3,0
2019-20,playoffs,-,1.8,1.6,0.92,1.6,0.5,1.5,35.5,46.8,8.1,8.1,8.1,0.0,37.8,73.3,0
2019-20,playoffs,-,5.3,4.7,1.03,5.5,1.8,4.7,39.3,51.8,9.4,6.3,9.4,3.1,40.6,80.0,0
2019-20,playoffs,-,2.8,2.6,0.85,2.4,0.8,2.4,31.0,41.4,8.8,5.9,2.9,0.0,35.3,46.7,0
2019-20,playoffs,-,2.8,2.5,0.72,2.0,0.7,2.2,32.1,33.9,11.1,11.1,13.9,2.8,33.3,20.0,0
2019-20,playoffs,-,4.5,4.0,0.85,3.8,1.5,3.7,40.9,43.2,7.4,11.1,3.7,0.0,40.7,40.0,0
2019-20,playoffs,-,6.6,5.9,0.55,3.6,1.4,5.4,25.9,29.6,6.1,12.1,6.1,0.0,27.3,13.3,0
2019-20,playoffs,-,2.7,2.4,0.90,2.4,0.7,1.9,38.5,42.3,15.8,15.8,15.8,0.0,42.1,64.3,0
2019-20,playoffs,-,6.0,5.4,0.54,3.3,1.0,5.0,20.0,22.5,8.3,8.3,4.2,0.0,25.0,6.7,0
2019-20,playoffs,-,5.0,4.8,0.45,2.3,0.8,4.0,18.8,21.9,5.0,15.0,5.0,0.0,20.0,0.0,0
2019-20,playoffs,-,1.3,1.1,0.80,1.0,0.5,1.0,50.0,50.0,20.0,20.0,20.0,20.0,40.0,0.0,0
2020-21,pre-season,-,9.5,8.4,0.97,9.3,3.3,7.3,44.8,53.4,13.2,18.4,10.5,7.9,39.5,72.4,0
2020-21,pre-season,-,7.3,5.9,1.03,7.5,3.0,5.8,52.2,60.9,13.8,10.3,10.3,3.4,48.3,79.3,0
2020-21,pre-season,-,8.0,6.8,1.08,8.7,3.0,6.7,45.0,55.0,12.5,8.3,8.3,4.2,45.8,82.8,0
2020-21,pre-season,-,7.8,6.4,0.81,6.3,2.5,6.5,38.5,44.2,3.2,12.9,0.0,0.0,35.5,24.1,0
2020-21,pre-season,-,8.3,7.1,0.76,6.3,2.0,7.5,26.7,35.0,6.1,6.1,6.1,3.0,27.3,10.3,0
2020-21,pre-season,-,7.0,5.6,1.14,8.0,3.0,5.7,52.9,61.8,9.5,9.5,9.5,0.0,52.4,96.3,0
2020-21,pre-season,-,6.3,5.5,0.96,6.0,2.0,5.3,38.1,47.6,12.0,4.0,12.0,0.0,40.0,69.0,0
2020-21,pre-season,-,7.3,6.2,1.00,7.3,2.7,6.0,44.4,47.2,13.6,9.1,9.1,4.5,45.5,75.9,0
2020-21,pre-season,-,7.7,6.5,0.91,7.0,2.3,7.0,33.3,40.5,8.7,4.3,4.3,4.3,34.8,62.1,0
2020-21,pre-season,-,6.0,4.9,0.79,4.8,1.8,4.3,41.2,50.0,4.2,25.0,4.2,0.0,33.3,20.7,0
2020-21,pre-season,-,3.8,3.3,1.20,4.5,1.5,2.5,60.0,70.0,13.3,20.0,6.7,0.0,53.3,100,0
2020-21,pre-season,-,7.0,5.9,0.86,6.0,2.3,6.0,38.9,44.4,4.8,9.5,4.8,0.0,38.1,44.8,0
2020-21,pre-season,-,7.5,6.6,1.13,8.5,3.0,6.0,50.0,54.2,13.3,6.7,6.7,0.0,53.3,86.2,0
2020-21,pre-season,-,4.8,4.3,0.90,4.3,1.5,4.0,37.5,43.8,10.5,10.5,5.3,5.3,36.8,55.2,0
2020-21,pre-season,-,5.3,4.4,0.81,4.3,1.8,4.5,38.9,41.7,4.8,9.5,0.0,0.0,38.1,28.6,0
2020-21,pre-season,-,5.3,4.4,0.81,4.3,1.8,5.0,35.0,40.0,4.8,4.8,4.8,4.8,33.3,28.6,0
2020-21,pre-season,-,4.7,4.3,1.14,5.3,2.0,4.3,46.2,57.7,7.1,7.1,7.1,7.1,42.9,96.3,0
2020-21,pre-season,-,4.7,4.1,1.14,5.3,1.7,3.7,45.5,54.5,21.4,0.0,21.4,0.0,57.1,96.3,0
2020-21,pre-season,-,6.0,5.1,0.89,5.3,2.0,5.3,37.5,43.8,11.1,5.6,11.1,5.6,38.9,51.7,0
2020-21,pre-season,-,8.0,6.8,0.94,7.5,2.5,6.0,41.7,54.2,6.3,18.8,6.3,0.0,37.5,65.5,0
2020-21,pre-season,-,4.5,4.0,0.83,3.8,0.8,3.0,25.0,33.3,22.2,16.7,22.2,5.6,33.3,37.9,0
2020-21,pre-season,-,4.0,3.4,0.88,3.5,1.3,3.5,35.7,39.3,12.5,6.3,12.5,6.3,37.5,48.3,0
2020-21,pre-season,-,5.7,5.2,0.82,4.7,1.7,4.0,41.7,50.0,5.9,23.5,0.0,0.0,35.3,34.5,0
2020-21,pre-season,-,4.5,4.1,0.78,3.5,1.5,3.8,40.0,43.3,5.6,16.7,5.6,5.6,33.3,13.8,0
2020-21,pre-season,-,4.3,3.7,0.85,3.7,1.3,3.3,40.0,50.0,7.7,15.4,7.7,0.0,38.5,41.4,0
2020-21,pre-season,-,7.0,6.6,0.79,5.5,2.0,6.0,33.3,45.8,0.0,14.3,0.0,0.0,28.6,17.2,0
2020-21,pre-season,-,5.5,4.8,0.91,5.0,2.0,5.0,40.0,45.0,9.1,0.0,9.1,0.0,45.5,58.6,0
2020-21,pre-season,-,3.7,3.2,0.73,2.7,1.0,3.3,30.0,35.0,9.1,9.1,9.1,9.1,27.3,6.9,0
2020-21,pre-season,-,5.3,4.7,0.31,1.7,0.7,4.7,14.3,17.9,0.0,12.5,0.0,0.0,12.5,0.0,0
2020-21,pre-season,-,5.5,4.8,0.36,2.0,0.5,4.0,12.5,12.5,9.1,18.2,9.1,0.0,18.2,3.4,0
2020-21,regular-season,-,7.8,7.0,1.06,8.3,2.8,6.6,42.6,54.1,9.2,8.3,8.7,2.1,42.6,93.1,0
2020-21,regular-season,-,8.3,7.8,0.98,8.2,2.8,7.1,39.8,51.8,6.4,9.7,5.9,1.7,38.6,75.9,0
2020-21,regular-season,-,8.5,7.5,0.93,7.9,3.0,7.3,40.7,49.1,5.7,10.3,5.2,1.1,39.3,48.3,0
2020-21,regular-season,-,7.5,6.9,0.95,7.2,2.5,6.2,40.5,49.2,9.4,10.3,8.5,2.0,40.7,51.7,0
2020-21,regular-season,-,6.6,6.0,1.00,6.6,2.4,5.4,43.8,50.9,11.4,8.4,10.8,2.1,44.7,82.1,0
2020-21,regular-season,-,7.0,6.2,0.92,6.5,2.3,5.9,39.0,46.7,9.5,8.9,8.7,1.8,39.6,41.4,0
2020-21,regular-season,-,6.7,6.1,0.97,6.5,2.4,5.9,41.5,48.3,7.1,5.0,6.0,0.4,43.1,65.5,0
2020-21,regular-season,-,5.8,5.3,1.07,6.2,2.3,4.9,46.6,57.7,5.8,10.1,4.6,1.2,43.9,96.6,0
2020-21,regular-season,-,6.8,5.9,0.90,6.1,2.3,5.5,41.3,47.1,8.6,11.3,7.2,1.0,40.5,31.0,0
2020-21,regular-season,-,5.8,5.3,1.00,5.9,2.1,5.0,41.6,52.2,6.4,9.5,6.2,1.9,40.2,86.2,0
2020-21,regular-season,-,5.1,4.5,1.09,5.6,1.9,4.3,44.9,57.5,6.5,9.2,5.7,0.0,43.8,100,0
2020-21,regular-season,-,5.7,5.1,0.98,5.5,2.1,4.5,46.2,54.2,8.6,13.7,7.8,2.0,43.4,72.4,0
2020-21,regular-season,-,6.0,5.4,0.93,5.5,1.9,4.7,39.9,47.5,10.9,12.8,9.5,2.1,40.1,44.8,0
2020-21,regular-season,-,5.4,4.9,1.00,5.4,2.0,4.4,46.1,53.3,9.0,11.0,6.9,1.8,44.5,82.1,0
2020-21,regular-season,-,5.4,5.0,0.98,5.3,1.9,4.4,43.3,51.7,9.0,11.6,8.0,2.6,41.4,69.0,0
2020-21,regular-season,-,5.9,5.2,0.89,5.3,2.1,5.0,41.2,46.4,7.0,9.2,6.6,1.2,40.6,27.6,0
2020-21,regular-season,-,5.2,4.7,1.01,5.2,1.8,4.1,44.0,52.2,10.5,11.1,8.9,1.9,43.9,89.7,0
2020-21,regular-season,-,5.2,4.7,0.97,5.0,1.9,4.4,43.8,48.4,9.6,7.8,8.6,1.6,44.9,58.6,0
2020-21,regular-season,-,5.6,5.1,0.88,5.0,1.7,4.6,36.9,46.1,6.7,11.8,5.4,0.0,36.5,17.2,0
2020-21,regular-season,-,5.4,4.9,0.92,4.9,1.9,4.3,42.8,50.6,7.0,13.1,6.2,0.8,40.5,37.9,0
2020-21,regular-season,-,5.7,5.1,0.86,4.9,1.9,4.6,41.4,46.8,6.4,13.0,5.7,0.7,39.3,13.8,0
2020-21,regular-season,-,5.4,4.8,0.83,4.4,1.7,4.2,40.0,45.3,9.3,14.2,8.8,1.6,37.8,3.4,0
2020-21,regular-season,-,4.6,4.3,0.95,4.4,1.7,4.0,41.9,48.5,6.0,7.2,5.1,0.9,41.9,55.2,0
2020-21,regular-season,-,4.8,4.2,0.90,4.3,1.5,3.9,39.1,47.9,7.9,11.1,7.3,1.2,38.9,34.5,0
2020-21,regular-season,-,4.2,3.6,0.97,4.1,1.4,3.5,41.0,47.6,10.9,9.3,9.6,3.6,41.4,62.1,0
2020-21,regular-season,-,4.8,4.3,0.85,4.0,1.5,3.9,37.3,44.0,7.3,10.8,6.7,1.2,37.1,6.9,0
2020-21,regular-season,-,4.4,4.0,0.89,3.9,1.5,3.6,40.5,45.8,9.2,9.8,8.2,1.9,40.5,24.1,0
2020-21,regular-season,-,4.2,3.9,0.89,3.7,1.6,3.4,45.7,49.2,6.9,13.2,5.6,1.0,42.2,20.7,0
2020-21,regular-season,-,3.6,3.4,0.86,3.1,1.2,3.1,38.7,44.1,6.2,10.0,5.8,1.5,37.7,10.3,0
2020-21,regular-season,-,3.8,3.4,0.79,3.0,1.0,2.9,34.4,39.7,10.9,13.1,9.5,0.4,36.9,0.0,0
2020-21,playoffs,-,4.2,3.8,1.01,4.3,1.6,3.6,44.6,51.2,8.2,10.3,7.2,4.1,42.3,53.3,0
2020-21,playoffs,-,6.8,6.5,1.12,7.7,2.5,5.4,46.2,57.7,9.8,11.0,8.5,0.0,46.3,80.0,0
2020-21,playoffs,-,4.0,3.9,0.95,3.9,1.5,3.4,44.6,49.3,6.7,10.1,3.4,0.0,43.8,46.7,0
2020-21,playoffs,-,6.9,6.2,1.07,7.4,2.5,6.1,41.0,54.9,5.8,5.8,7.2,1.4,40.6,60.0,0
2020-21,playoffs,-,5.7,5.1,0.87,4.9,2.0,5.1,39.3,45.1,2.9,7.4,1.5,0.0,38.2,40.0,0
2020-21,playoffs,-,2.7,2.7,1.10,3.0,1.1,2.4,46.7,57.8,7.7,9.6,7.7,3.8,44.2,66.7,0
2020-21,playoffs,-,3.0,2.8,1.67,5.0,1.7,2.6,65.5,82.8,15.2,3.0,9.1,6.1,66.7,100,0
2020-21,playoffs,-,3.4,3.3,1.63,5.6,2.0,3.1,63.6,79.5,16.7,0.0,16.7,8.3,62.5,93.3,0
2020-21,playoffs,-,3.1,2.8,0.67,2.1,0.9,2.4,36.4,40.9,3.6,16.4,3.6,0.0,30.9,6.7,0
2020-21,playoffs,-,10.0,8.9,0.75,7.5,3.0,9.0,33.3,38.9,2.5,7.5,2.5,0.0,32.5,26.7,0
2020-21,playoffs,-,7.4,6.5,0.73,5.4,2.2,6.8,32.4,39.7,0.0,8.1,0.0,0.0,29.7,13.3,0
2020-21,playoffs,-,5.7,5.2,0.73,4.2,1.3,4.7,28.6,35.7,8.8,11.8,5.9,2.9,29.4,20.0,0
2020-21,playoffs,-,12.5,10.0,0.96,12.0,4.5,10.5,42.9,57.1,0.0,16.0,0.0,0.0,36.0,52.9,0
2020-21,playoffs,-,4.6,4.0,0.83,3.8,1.4,4.0,35.0,37.5,8.7,4.3,8.7,0.0,39.1,33.3,0
2020-21,playoffs,-,3.2,2.8,1.13,3.6,1.2,2.2,54.5,63.6,12.5,18.8,12.5,0.0,50.0,86.7,0
2020-21,playoffs,-,2.0,1.9,1.10,2.2,0.6,1.8,33.3,44.4,10.0,0.0,10.0,0.0,40.0,73.3,0
2020-21,playoffs,-,3.0,2.8,0.61,1.8,0.8,2.7,31.3,34.4,0.0,11.1,0.0,0.0,27.8,0.0,0
2020-21,playoffs,-,7.0,6.0,0.71,5.0,2.0,6.0,33.3,41.7,0.0,14.3,0.0,0.0,28.6,11.8,0
2020-21,playoffs,-,8.0,6.9,1.00,8.0,4.0,8.0,50.0,50.0,0.0,0.0,0.0,0.0,50.0,0.0,0
2020-21,playoffs,-,3.0,2.5,1.67,5.0,1.0,2.0,50.0,75.0,33.3,0.0,33.3,0.0,66.7,0.0,0
2021-22,pre-season,-,10.8,9.3,1.06,11.4,4.2,8.8,47.7,55.7,11.1,9.3,9.3,1.9,48.1,82.1,0
2021-22,pre-season,-,9.0,7.8,0.91,8.2,3.2,7.2,44.2,52.3,5.6,16.7,5.6,1.9,38.9,50.0,0
2021-22,pre-season,-,8.6,7.2,1.05,9.0,3.2,6.4,50.0,60.9,9.3,20.9,9.3,4.7,41.9,78.6,0
2021-22,pre-season,-,7.7,6.6,0.98,7.5,2.7,7.0,38.1,50.0,4.3,6.5,4.3,2.2,37.0,67.9,0
2021-22,pre-season,-,9.0,7.6,0.87,7.8,2.8,6.8,41.2,50.0,8.9,17.8,8.9,2.2,37.8,35.7,0
2021-22,pre-season,-,10.5,8.9,0.91,9.5,3.8,9.5,39.5,46.1,4.8,7.1,2.4,2.4,38.1,42.9,0
2021-22,pre-season,-,8.3,7.3,1.00,8.3,3.3,7.0,46.4,51.8,15.2,6.1,12.1,6.1,45.5,71.4,0
2021-22,pre-season,-,7.5,6.5,1.03,7.8,2.8,6.5,42.3,55.8,3.3,10.0,3.3,0.0,40.0,75.0,0
2021-22,pre-season,-,6.3,5.5,1.20,7.5,3.0,6.0,50.0,58.3,4.0,0.0,4.0,0.0,52.0,100,0
2021-22,pre-season,-,7.0,5.8,1.07,7.5,2.8,6.0,45.8,56.3,7.1,10.7,7.1,3.6,42.9,85.7,0
2021-22,pre-season,-,8.0,7.1,0.91,7.3,2.8,6.3,44.0,50.0,9.4,15.6,9.4,3.1,40.6,46.4,0
2021-22,pre-season,-,8.3,7.6,0.82,6.8,2.3,6.8,33.3,37.0,12.1,6.1,12.1,0.0,39.4,32.1,0
2021-22,pre-season,-,5.8,4.9,0.77,4.5,1.7,5.0,33.3,43.3,2.9,11.4,2.9,0.0,31.4,21.4,0
2021-22,pre-season,-,5.4,5.0,0.96,5.2,2.2,5.2,42.3,50.0,0.0,3.7,0.0,0.0,40.7,64.3,0
2021-22,pre-season,-,5.5,4.8,1.14,6.3,2.5,4.3,58.8,73.5,0.0,22.7,0.0,0.0,45.5,92.9,0
2021-22,pre-season,-,8.0,6.8,0.78,6.3,2.5,6.5,38.5,40.4,15.6,12.5,12.5,9.4,34.4,25.0,0
2021-22,pre-season,-,6.3,5.4,0.96,6.0,2.3,4.8,47.4,55.3,16.0,12.0,16.0,4.0,48.0,60.7,0
2021-22,pre-season,-,4.8,4.2,1.16,5.5,1.8,4.0,43.8,53.1,10.5,5.3,10.5,0.0,47.4,96.4,0
2021-22,pre-season,-,4.5,3.9,1.11,5.0,2.0,4.3,47.1,58.8,0.0,5.6,0.0,0.0,44.4,89.3,0
2021-22,pre-season,-,5.5,4.8,0.91,5.0,1.8,5.0,35.0,45.0,4.5,4.5,4.5,0.0,36.4,53.6,0
2021-22,pre-season,-,6.3,5.7,0.80,5.0,1.8,4.5,38.9,44.4,12.0,16.0,12.0,0.0,40.0,28.6,0
2021-22,pre-season,-,9.0,7.5,0.56,5.0,1.8,7.5,23.3,30.0,5.6,11.1,5.6,0.0,25.0,7.1,0
2021-22,pre-season,-,6.5,5.6,0.69,4.5,1.5,4.5,33.3,41.7,7.7,26.9,7.7,3.8,26.9,14.3,0
2021-22,pre-season,-,7.8,6.7,0.58,4.5,1.8,6.8,25.9,33.3,0.0,12.9,0.0,0.0,22.6,10.7,0
2021-22,pre-season,-,4.8,4.3,0.90,4.3,1.3,3.0,41.7,58.3,10.5,26.3,10.5,0.0,36.8,39.3,0
2021-22,pre-season,-,4.5,3.7,0.72,3.3,1.0,3.3,30.8,38.5,16.7,16.7,16.7,5.6,33.3,17.9,0
2021-22,pre-season,-,6.5,5.6,0.50,3.3,1.5,5.3,28.6,31.0,0.0,19.2,0.0,0.0,23.1,3.6,0
2021-22,pre-season,-,3.3,2.9,0.92,3.0,1.0,2.8,36.4,54.5,0.0,15.4,0.0,0.0,30.8,57.1,0
2021-22,pre-season,-,2.0,1.8,1.17,2.3,1.0,2.0,50.0,58.3,0.0,0.0,0.0,0.0,50.0,0.0,0
2021-22,pre-season,-,5.0,4.4,0.24,1.2,0.6,3.8,15.8,15.8,0.0,24.0,0.0,0.0,12.0,0.0,0
2021-22,regular-season,-,8.6,7.8,0.85,7.4,2.6,7.1,36.8,44.1,8.5,11.4,8.2,2.5,36.3,17.2,0
2021-22,regular-season,-,7.6,7.0,0.95,7.2,2.6,6.6,38.5,50.3,4.7,8.8,4.5,1.1,37.1,89.7,0
2021-22,regular-season,-,7.8,6.9,0.91,7.1,2.7,6.7,39.7,45.4,8.3,7.6,7.8,1.7,40.6,44.8,0
2021-22,regular-season,-,7.3,6.3,0.94,6.8,2.6,6.3,41.5,48.1,7.9,8.9,7.4,2.5,40.8,72.4,0
2021-22,regular-season,-,7.0,6.4,0.93,6.6,2.3,5.8,38.9,48.7,7.3,11.2,7.1,1.0,37.9,65.5,0
2021-22,regular-season,-,7.1,6.3,0.90,6.4,2.4,6.0,40.4,47.6,6.6,9.7,6.2,1.6,39.3,34.5,0
2021-22,regular-season,-,6.5,6.0,0.90,5.9,2.1,5.5,38.7,47.2,8.0,10.8,7.3,2.2,37.7,41.4,0
2021-22,regular-season,-,6.1,5.5,0.95,5.8,2.1,5.0,41.3,50.4,7.4,11.8,6.2,1.8,39.5,82.8,0
2021-22,regular-season,-,6.5,5.8,0.88,5.7,2.0,5.3,38.7,47.6,7.5,12.8,7.0,1.5,37.2,31.0,0
2021-22,regular-season,-,6.0,5.3,0.93,5.6,1.8,4.9,36.7,46.7,10.6,9.2,9.8,1.8,38.5,58.6,0
2021-22,regular-season,-,6.6,5.8,0.83,5.5,2.1,5.5,38.7,44.8,5.6,11.7,5.0,0.9,37.0,10.3,0
2021-22,regular-season,-,5.6,5.0,0.94,5.2,2.0,4.8,40.7,49.0,6.6,9.2,5.2,1.5,39.7,75.9,0
2021-22,regular-season,-,4.7,4.3,1.09,5.1,1.8,4.0,44.3,56.6,8.3,7.5,8.0,1.6,43.9,100,0
2021-22,regular-season,-,5.4,4.9,0.92,4.9,1.8,4.6,38.9,47.4,6.6,8.9,6.4,2.1,38.0,48.3,0
2021-22,regular-season,-,5.6,5.0,0.86,4.8,1.8,4.7,37.4,42.4,9.6,8.5,8.9,2.6,38.6,20.7,0
2021-22,regular-season,-,5.5,5.1,0.86,4.7,1.8,4.4,40.6,45.9,8.7,12.3,8.0,1.8,39.3,27.6,0
2021-22,regular-season,-,4.9,4.3,0.93,4.6,1.7,4.3,39.4,48.3,7.5,7.2,7.2,1.7,39.6,69.0,0
2021-22,regular-season,-,4.8,4.4,0.93,4.5,1.8,4.2,42.0,48.7,5.1,8.6,4.8,0.5,41.0,62.1,0
2021-22,regular-season,-,4.6,4.4,0.94,4.4,1.6,3.8,42.6,50.3,8.4,12.3,7.9,2.1,40.4,79.3,0
2021-22,regular-season,-,5.2,4.7,0.81,4.3,1.7,4.3,39.0,43.1,9.1,10.5,7.9,1.9,38.6,3.4,0
2021-22,regular-season,-,4.5,4.1,0.93,4.2,1.6,3.7,42.2,48.0,9.2,10.0,7.8,1.6,41.8,55.2,0
2021-22,regular-season,-,3.9,3.7,1.01,3.9,1.5,3.2,45.5,51.9,9.1,9.1,7.5,0.9,45.8,96.6,0
2021-22,regular-season,-,4.0,3.7,0.95,3.8,1.4,3.4,42.0,49.3,7.3,10.9,7.3,1.8,40.6,86.2,0
2021-22,regular-season,-,4.6,4.1,0.81,3.8,1.3,3.8,34.3,41.3,7.4,11.1,6.6,0.5,35.0,0.0,0
2021-22,regular-season,-,4.4,3.9,0.84,3.7,1.3,3.6,37.1,43.0,8.4,10.9,7.5,1.4,37.2,13.8,0
2021-22,regular-season,-,4.0,3.6,0.90,3.6,1.3,3.4,39.4,49.3,5.2,11.9,4.9,1.8,36.7,37.9,0
2021-22,regular-season,-,3.9,3.6,0.86,3.4,1.3,3.3,38.8,45.3,6.9,10.7,6.0,1.6,37.6,24.1,0
2021-22,regular-season,-,3.8,3.4,0.83,3.2,1.1,3.1,35.5,42.4,10.6,9.9,9.3,2.6,36.2,6.9,0
2021-22,regular-season,-,3.2,2.9,0.96,3.0,1.2,2.8,42.5,46.9,8.4,6.5,7.3,1.5,43.7,93.1,0
2021-22,regular-season,-,3.1,2.8,0.92,2.9,1.1,2.5,42.7,48.8,8.6,14.1,7.8,3.5,39.6,51.7,0
2021-22,playoffs,-,7.5,6.9,0.99,7.4,2.6,6.4,40.4,53.2,5.5,10.3,4.8,1.2,38.2,71.4,0
2021-22,playoffs,-,8.7,8.2,0.85,7.4,2.5,7.6,33.1,43.8,5.1,9.0,4.5,1.3,32.7,50.0,0
2021-22,playoffs,-,5.5,5.0,0.92,5.1,2.1,4.8,43.1,50.0,3.0,10.6,3.0,1.5,39.4,57.1,0
2021-22,playoffs,-,2.8,2.6,0.82,2.3,0.8,2.1,38.0,44.0,10.4,14.9,7.5,0.0,38.8,42.9,0
2021-22,playoffs,-,3.5,3.4,1.13,4.0,1.5,2.8,51.4,60.8,6.5,13.0,6.5,0.0,47.8,92.9,0
2021-22,playoffs,-,4.8,4.1,0.79,3.8,1.4,4.0,35.4,44.8,3.4,13.8,1.7,0.0,32.8,21.4,0
2021-22,playoffs,-,2.5,2.5,0.93,2.3,0.8,1.9,42.9,50.0,11.1,13.3,11.1,2.2,42.2,64.3,0
2021-22,playoffs,-,5.0,4.5,1.13,5.7,2.0,4.0,50.0,60.4,10.0,10.0,10.0,0.0,50.0,100,0
2021-22,playoffs,-,4.7,4.6,0.71,3.3,1.3,3.8,34.8,34.8,7.1,10.7,7.1,0.0,35.7,7.1,0
2021-22,playoffs,-,5.5,5.3,0.82,4.5,1.8,4.3,41.2,44.1,13.6,13.6,13.6,4.5,36.4,35.7,0
2021-22,playoffs,-,1.6,1.6,0.79,1.3,0.4,1.3,33.3,40.0,5.3,10.5,10.5,0.0,31.6,14.3,0
2021-22,playoffs,-,2.6,2.4,1.00,2.6,0.8,1.8,44.4,50.0,15.4,15.4,15.4,0.0,46.2,84.6,0
2021-22,playoffs,-,2.7,2.6,0.81,2.2,1.0,2.5,40.0,43.3,0.0,6.3,0.0,0.0,37.5,28.6,0
2021-22,playoffs,-,2.4,2.3,1.00,2.4,0.6,1.0,60.0,70.0,25.0,33.3,16.7,0.0,50.0,84.6,0
2021-22,playoffs,-,2.6,2.4,0.69,1.8,0.8,2.4,33.3,37.5,0.0,7.7,0.0,0.0,30.8,0.0,0
2021-22,playoffs,-,1.5,1.3,0.89,1.3,0.3,1.0,33.3,33.3,33.3,0.0,22.2,0.0,55.6,0.0,0
2022-23,pre-season,-,14.5,12.0,0.97,14.0,4.8,11.0,43.2,56.8,6.9,17.2,6.9,0.0,39.7,71.0,0
2022-23,pre-season,-,9.8,8.5,0.88,9.0,2.8,8.0,37.8,45.6,13.6,13.6,11.9,3.0,37.3,61.3,0
2022-23,pre-season,-,8.2,7.2,1.22,10.0,3.2,7.0,48.5,57.6,19.5,4.9,17.1,5.0,53.7,100,0
2022-23,pre-season,-,9.2,8.0,1.00,9.0,2.6,6.0,41.9,53.2,15.2,17.4,13.0,0.0,43.5,79.3,0
2022-23,pre-season,-,7.4,6.5,1.05,8.0,3.2,6.0,50.0,54.7,5.4,8.1,5.4,0.0,48.6,90.3,0
2022-23,pre-season,-,7.4,6.3,0.86,6.0,2.2,6.0,34.4,42.2,5.4,8.1,5.4,0.0,35.1,58.1,0
2022-23,pre-season,-,8.0,7.0,0.78,6.0,2.2,6.0,34.4,42.2,5.0,15.0,2.5,0.0,32.5,35.5,0
2022-23,pre-season,-,9.0,7.7,0.83,8.0,3.0,8.0,37.5,42.2,5.6,8.3,5.6,3.0,36.1,50.0,0
2022-23,pre-season,-,6.3,5.3,1.08,7.0,2.8,6.0,50.0,56.8,12.0,4.0,12.0,4.0,52.0,93.5,0
2022-23,pre-season,-,5.2,4.7,1.04,5.0,1.6,4.0,38.1,50.0,11.5,7.7,11.5,0.0,42.3,83.9,0
2022-23,pre-season,-,6.5,6.0,1.00,6.0,2.0,4.0,44.4,47.2,23.1,11.5,19.2,4.0,46.2,79.3,0
2022-23,pre-season,-,6.0,5.3,1.04,6.0,2.0,5.0,40.0,47.5,12.5,4.2,12.5,0.0,45.8,87.1,0
2022-23,pre-season,-,6.0,4.8,0.83,5.0,2.4,5.0,46.2,46.2,3.3,13.3,3.3,3.0,40.0,50.0,0
2022-23,pre-season,-,9.3,8.3,0.68,6.0,2.0,8.0,26.7,30.0,13.5,8.1,10.8,3.0,32.4,12.9,0
2022-23,pre-season,-,8.0,6.8,0.75,6.0,2.8,7.0,39.3,41.1,6.3,9.4,3.1,3.0,37.5,29.0,0
2022-23,pre-season,-,8.8,7.8,0.66,6.0,2.0,6.0,32.0,36.0,8.6,20.0,8.6,0.0,31.4,9.7,0
2022-23,pre-season,-,5.6,4.8,0.79,4.0,1.2,5.0,26.1,32.6,17.9,3.6,14.3,4.0,35.7,40.0,0
2022-23,pre-season,-,5.6,5.1,0.79,4.0,1.6,4.0,42.1,44.7,10.7,21.4,10.7,0.0,39.3,40.0,0
2022-23,pre-season,-,3.6,3.3,1.11,4.0,1.0,2.0,50.0,60.0,22.2,22.2,16.7,0.0,50.0,96.8,0
2022-23,pre-season,-,5.0,4.2,0.95,5.0,1.5,4.0,37.5,40.6,20.0,5.0,15.0,5.0,45.0,67.7,0
2022-23,pre-season,-,6.5,5.4,0.73,5.0,2.0,5.0,40.0,42.5,3.8,15.4,7.7,0.0,34.6,25.8,0
2022-23,pre-season,-,5.5,4.7,0.77,4.0,1.5,4.0,37.5,53.1,4.5,22.7,4.5,0.0,27.3,32.3,0
2022-23,pre-season,-,6.3,5.6,0.68,4.0,1.8,6.0,31.8,31.8,8.0,8.0,8.0,4.0,32.0,16.1,0
2022-23,pre-season,-,4.8,4.3,0.84,4.0,1.5,4.0,35.3,47.1,0.0,10.5,0.0,0.0,31.6,54.8,0
2022-23,pre-season,-,5.3,4.5,0.71,4.0,1.5,4.0,37.5,46.9,0.0,23.8,0.0,0.0,28.6,22.6,0
2022-23,pre-season,-,5.5,4.7,0.68,4.0,1.5,5.0,31.6,39.5,0.0,13.6,0.0,0.0,27.3,19.4,0
2022-23,pre-season,-,3.7,3.4,1.00,4.0,1.3,3.0,44.4,55.6,9.1,18.2,9.1,9.0,36.4,79.3,0
2022-23,pre-season,-,5.5,4.7,0.50,3.0,1.0,4.0,26.7,26.7,9.1,22.7,9.1,0.0,27.3,3.2,0
2022-23,pre-season,-,5.0,4.4,0.90,4.0,1.5,4.0,33.3,38.9,10.0,0.0,10.0,0.0,40.0,64.5,0
2022-23,pre-season,-,5.0,4.8,0.80,4.0,1.0,3.0,33.3,41.7,20.0,20.0,20.0,0.0,40.0,45.2,0
2022-23,pre-season,-,3.8,3.2,0.53,2.0,0.8,2.0,30.0,40.0,0.0,33.3,0.0,0.0,20.0,6.5,0
2022-23,pre-season,-,3.6,3.0,0.44,2.0,0.6,3.0,18.8,18.8,5.6,5.6,5.6,0.0,22.2,0.0,0
2022-23,regular-season,-,10.2,9.1,1.07,10.9,4.0,8.8,45.3,57.2,6.1,8.9,5.7,1.1,43.5,96.6,0
2022-23,regular-season,-,8.0,7.0,1.01,8.1,2.8,6.8,41.2,53.1,6.8,10.3,6.1,1.7,39.8,75.9,0
2022-23,regular-season,-,8.6,7.4,0.91,7.8,2.9,7.3,39.8,46.1,8.5,8.5,8.3,2.0,40.0,27.6,0
2022-23,regular-season,-,6.5,5.7,1.03,6.8,2.3,5.3,43.6,52.7,11.0,9.7,10.2,2.4,43.9,82.8,0
2022-23,regular-season,-,6.2,5.7,1.08,6.7,2.2,5.0,45.0,55.5,10.8,11.0,9.4,1.8,45.0,100,0
2022-23,regular-season,-,6.0,5.6,1.04,6.2,2.3,5.0,46.6,55.0,8.4,10.8,8.2,2.4,44.5,86.2,0
2022-23,regular-season,-,7.0,6.5,0.87,6.1,2.2,6.0,36.3,45.3,5.9,10.3,5.4,1.7,35.1,17.2,0
2022-23,regular-season,-,6.0,5.3,0.99,5.9,2.1,4.9,42.6,51.6,10.7,9.4,9.6,2.3,43.0,69.0,0
2022-23,regular-season,-,5.8,5.1,0.99,5.7,2.1,4.6,44.9,53.7,8.5,13.3,7.6,2.1,42.3,62.1,0
2022-23,regular-season,-,6.3,5.5,0.91,5.7,2.1,5.2,40.3,47.7,8.8,10.3,8.4,2.7,39.5,31.0,0
2022-23,regular-season,-,6.0,5.2,0.95,5.7,2.1,5.0,42.6,49.2,8.2,9.6,8.0,2.2,41.9,48.3,0
2022-23,regular-season,-,6.1,5.4,0.93,5.7,2.1,4.8,42.8,48.9,10.4,13.2,9.8,3.0,41.3,37.9,0
2022-23,regular-season,-,5.5,4.9,1.02,5.6,2.0,4.5,45.8,54.7,9.3,12.1,7.7,1.8,43.8,79.3,0
2022-23,regular-season,-,6.4,5.7,0.84,5.4,2.0,5.3,37.1,42.3,8.8,9.6,8.2,2.1,37.5,3.4,0
2022-23,regular-season,-,5.2,4.8,0.98,5.1,1.9,4.1,46.6,53.2,10.3,12.6,10.7,2.6,44.1,58.6,0
2022-23,regular-season,-,5.9,5.4,0.87,5.1,2.0,5.0,39.6,45.3,6.8,9.1,5.8,1.4,39.0,13.8,0
2022-23,regular-season,-,5.7,5.0,0.89,5.1,1.8,4.6,39.1,46.9,9.2,11.5,8.5,1.9,38.6,24.1,0
2022-23,regular-season,-,4.9,4.4,0.95,4.7,1.7,3.8,45.5,52.1,9.5,13.0,9.5,1.3,43.3,44.8,0
2022-23,regular-season,-,4.4,4.1,0.97,4.3,1.5,3.5,41.2,48.8,11.3,10.4,9.6,1.9,41.8,55.2,0
2022-23,regular-season,-,5.0,4.5,0.85,4.3,1.7,4.1,41.3,45.8,7.0,13.1,5.6,1.2,38.8,6.9,0
2022-23,regular-season,-,3.7,3.3,1.06,3.9,1.4,3.0,47.7,57.0,9.6,13.2,8.6,3.0,44.9,93.1,0
2022-23,regular-season,-,3.7,3.2,1.05,3.9,1.5,3.1,47.4,55.9,7.6,10.3,7.0,2.0,44.9,89.7,0
2022-23,regular-season,-,3.8,3.4,0.94,3.6,1.4,3.2,42.5,47.5,9.6,8.3,9.3,1.9,43.3,41.4,0
2022-23,regular-season,-,3.5,3.0,0.99,3.5,1.2,3.0,41.4,49.4,8.1,7.0,7.4,1.1,42.5,65.5,0
2022-23,regular-season,-,3.3,2.9,0.97,3.2,1.1,2.7,39.9,48.9,12.1,9.6,12.1,3.7,41.2,51.7,0
2022-23,regular-season,-,3.5,3.2,0.88,3.1,1.1,2.9,38.5,45.1,9.1,10.5,9.1,1.8,38.6,20.7,0
2022-23,regular-season,-,3.5,3.3,0.85,3.0,1.1,2.6,40.5,47.4,9.7,16.7,8.7,1.0,38.5,10.3,0
2022-23,regular-season,-,2.9,2.7,1.00,2.9,1.1,2.5,44.4,52.0,7.5,8.8,6.3,1.7,43.8,72.4,0
2022-23,regular-season,-,3.3,2.9,0.82,2.7,0.9,2.4,38.9,45.7,9.7,16.9,9.4,0.7,37.5,0.0,0
2022-23,regular-season,-,2.0,1.9,0.92,1.8,0.7,1.7,41.6,48.5,6.7,12.1,6.1,1.8,39.4,34.5,0
2022-23,playoffs,-,5.8,5.5,0.95,5.5,1.8,4.9,36.3,50.4,4.5,10.5,3.8,0.0,35.3,66.7,0
2022-23,playoffs,-,7.5,7.0,0.83,6.2,2.5,6.3,38.6,45.3,4.7,11.4,4.7,1.0,36.2,13.3,0
2022-23,playoffs,-,9.8,8.5,0.92,9.1,3.2,8.3,38.9,49.5,7.8,10.2,6.3,2.0,36.7,53.3,0
2022-23,playoffs,-,2.5,2.4,1.32,3.3,1.2,2.4,51.1,63.8,8.0,0.0,6.0,2.0,54.0,93.3,0
2022-23,playoffs,-,5.4,5.0,1.03,5.5,2.2,4.4,50.0,56.3,10.2,11.9,10.2,3.0,47.5,80.0,0
2022-23,playoffs,-,9.6,7.9,0.87,8.3,3.0,8.6,35.0,45.0,6.0,4.5,4.5,0.0,37.3,26.7,0
2022-23,playoffs,-,2.5,2.3,0.88,2.2,0.9,2.2,42.9,45.7,7.5,7.5,5.0,2.0,42.5,33.3,0
2022-23,playoffs,-,6.3,5.4,0.82,5.2,1.8,4.7,39.3,46.4,7.9,18.4,7.9,0.0,36.8,6.7,0
2022-23,playoffs,-,4.0,3.5,1.45,5.8,1.8,2.6,69.2,84.6,25.0,10.0,20.0,0.0,65.0,100,0
2022-23,playoffs,-,3.0,2.9,0.88,2.6,0.9,2.3,40.0,44.0,9.1,15.2,6.1,0.0,39.4,40.0,0
2022-23,playoffs,-,4.8,4.2,1.17,5.6,1.6,3.6,44.4,58.3,20.8,12.5,20.8,8.0,45.8,86.7,0
2022-23,playoffs,-,6.8,7.0,0.96,6.5,2.3,5.3,42.9,52.4,14.8,11.1,14.8,4.0,40.7,73.3,0
2022-23,playoffs,-,5.0,4.3,0.83,4.2,1.3,3.7,36.4,40.9,10.0,16.7,10.0,0.0,36.7,20.0,0
2022-23,playoffs,-,4.2,4.0,0.95,4.0,1.6,3.4,47.1,55.9,4.8,19.0,4.8,5.0,38.1,60.0,0
2022-23,playoffs,-,3.8,3.7,0.90,3.4,1.2,2.6,46.2,57.7,5.3,26.3,5.3,0.0,36.8,46.7,0
2022-23,playoffs,-,1.8,1.7,0.55,1.0,0.4,1.3,28.6,32.1,5.0,25.0,5.0,0.0,25.0,0.0,0
2023-24,pre-season,-,17.8,15.3,1.01,18.0,6.8,15.0,45.3,55.3,4.5,11.2,3.4,0.0,42.7,90.0,0
2023-24,pre-season,-,10.8,9.3,0.78,8.0,2.8,9.0,31.8,36.4,11.1,9.3,9.3,4.0,33.3,26.7,0
2023-24,pre-season,-,11.0,9.4,0.93,10.0,3.5,9.0,37.8,43.2,13.6,6.8,11.4,5.0,40.9,73.3,0
2023-24,pre-season,-,8.2,7.0,0.80,6.0,2.2,6.0,33.3,38.5,12.2,10.2,12.2,2.0,34.7,33.3,0
2023-24,pre-season,-,7.4,6.3,0.97,7.0,2.4,6.0,42.9,57.1,8.1,16.2,8.1,0.0,40.5,83.3,0
2023-24,pre-season,-,8.4,7.6,0.83,7.0,2.4,7.0,35.3,45.6,9.5,14.3,9.5,5.0,33.3,44.8,0
2023-24,pre-season,-,6.2,5.5,1.06,7.0,2.4,5.0,44.4,55.6,6.5,6.5,6.5,0.0,45.2,93.3,0
2023-24,pre-season,-,7.4,6.3,0.89,7.0,2.4,6.0,38.7,48.4,10.8,8.1,8.1,3.0,37.8,66.7,0
2023-24,pre-season,-,8.3,6.9,0.97,8.0,2.8,6.0,45.8,54.2,15.2,18.2,15.2,6.0,42.4,80.0,0
2023-24,pre-season,-,9.4,7.8,0.68,6.0,2.2,6.0,35.5,41.9,10.6,23.4,10.6,0.0,31.9,13.3,0
2023-24,pre-season,-,7.3,6.4,1.07,8.0,3.3,6.0,52.0,60.0,3.4,13.8,3.4,3.0,44.8,96.7,0
2023-24,pre-season,-,7.6,6.5,0.76,6.0,2.4,6.0,38.7,43.5,5.3,18.4,5.3,5.0,31.6,23.3,0
2023-24,pre-season,-,6.6,5.5,0.85,6.0,1.8,5.0,36.0,44.0,9.1,15.2,3.0,0.0,36.4,53.3,0
2023-24,pre-season,-,7.0,5.8,0.96,7.0,2.8,6.0,42.3,48.1,3.6,3.6,0.0,0.0,42.9,76.7,0
2023-24,pre-season,-,6.2,5.2,0.87,5.0,1.4,5.0,30.4,37.0,19.4,6.5,12.9,0.0,38.7,63.3,0
2023-24,pre-season,-,6.4,5.4,0.84,5.0,2.2,5.0,45.8,50.0,9.4,21.9,9.4,6.0,37.5,50.0,0
2023-24,pre-season,-,5.3,4.6,1.24,6.0,2.3,4.0,52.9,64.7,14.3,9.5,14.3,5.0,52.4,100,0
2023-24,pre-season,-,5.8,5.0,0.86,5.0,1.8,5.0,37.5,45.8,6.9,13.8,6.9,3.0,34.5,60.0,0
2023-24,pre-season,-,7.5,6.5,0.83,6.0,2.0,5.0,38.1,45.2,13.3,20.0,13.3,3.0,36.7,44.8,0
2023-24,pre-season,-,6.8,5.8,0.85,6.0,2.0,5.0,40.0,52.5,7.4,22.2,7.4,4.0,33.3,56.7,0
2023-24,pre-season,-,7.8,7.0,0.74,6.0,2.0,6.0,30.8,40.4,3.2,12.9,3.2,0.0,29.0,20.0,0
2023-24,pre-season,-,8.5,7.6,0.68,6.0,1.8,7.0,24.1,32.8,5.9,8.8,5.9,0.0,26.5,10.0,0
2023-24,pre-season,-,5.5,4.7,1.00,6.0,2.0,4.0,44.4,47.2,18.2,9.1,18.2,9.0,45.5,86.7,0
2023-24,pre-season,-,5.8,4.8,0.91,5.0,2.0,4.0,47.1,55.9,4.3,17.4,8.7,0.0,39.1,70.0,0
2023-24,pre-season,-,5.6,4.8,0.71,4.0,1.2,4.0,31.6,39.5,10.7,21.4,10.7,0.0,32.1,16.7,0
2023-24,pre-season,-,6.2,5.4,0.55,3.0,1.0,5.0,20.0,26.0,6.5,12.9,6.5,0.0,22.6,6.7,0
2023-24,pre-season,-,4.8,4.2,0.79,4.0,1.8,4.0,46.7,50.0,0.0,21.1,0.0,0.0,36.8,30.0,0
2023-24,pre-season,-,3.8,3.1,0.80,3.0,0.8,3.0,27.3,31.8,20.0,13.3,20.0,7.0,33.3,36.7,0
2023-24,pre-season,-,5.6,4.7,0.43,2.0,1.0,4.0,22.7,27.3,0.0,21.4,0.0,0.0,17.9,3.3,0
2023-24,pre-season,-,3.7,3.2,0.82,3.0,1.3,4.0,36.4,40.9,0.0,0.0,0.0,0.0,36.4,40.0,0
2023-24,pre-season,-,4.5,3.9,0.39,2.0,0.5,4.0,12.5,12.5,11.1,0.0,11.1,0.0,22.2,0.0,0
2023-24,pre-season,-,5.0,4.1,1.20,6.0,2.0,5.0,40.0,60.0,0.0,0.0,0.0,0.0,40.0,0.0,0
2023-24,pre-season,-,4.0,3.7,0.38,2.0,0.5,3.0,16.7,25.0,0.0,25.0,0.0,0.0,12.5,0.0,0
2023-24,pre-season,-,3.0,2.5,0.00,0.0,0.0,3.0,0.0,0.0,0.0,0.0,0.0,0.0,0.0,0.0,0
2023-24,regular-season,-,11.4,10.2,1.00,11.4,4.3,10.1,42.2,52.4,4.3,7.7,3.7,0.4,40.9,86.2,0
2023-24,regular-season,-,7.0,6.4,0.97,6.8,2.6,6.1,43.4,50.8,4.9,8.1,4.2,0.5,42.2,75.9,0
2023-24,regular-season,-,6.9,6.2,0.97,6.7,2.4,5.6,43.3,50.1,10.7,10.1,9.8,2.1,43.8,82.8,0
2023-24,regular-season,-,7.1,6.5,0.92,6.6,2.4,6.0,39.5,47.0,7.8,8.7,7.5,1.2,39.9,31.0,0
2023-24,regular-season,-,6.9,6.3,0.93,6.4,2.3,5.7,40.3,49.5,7.8,11.7,7.1,2.1,39.0,48.3,0
2023-24,regular-season,-,6.5,5.9,0.91,5.9,2.2,5.4,40.0,46.4,9.5,10.1,9.0,2.4,39.8,27.6,0
2023-24,regular-season,-,6.6,5.8,0.88,5.8,2.3,5.5,40.8,46.2,7.2,10.0,6.9,1.1,40.0,17.2,0
2023-24,regular-season,-,6.3,5.7,0.93,5.8,2.1,5.1,42.1,48.3,9.1,12.0,8.5,2.0,40.7,44.8,0
2023-24,regular-season,-,5.6,4.9,1.02,5.7,2.0,4.7,43.1,53.2,7.6,10.7,7.2,2.0,41.5,96.6,0
2023-24,regular-season,-,6.5,5.6,0.88,5.7,1.9,5.3,36.2,43.1,10.5,9.9,8.8,1.9,38.1,20.7,0
2023-24,regular-season,-,5.2,4.7,1.02,5.3,1.9,4.3,44.9,53.5,8.8,11.9,7.9,3.0,42.6,93.1,0
2023-24,regular-season,-,5.0,4.6,1.04,5.3,1.8,4.2,42.8,52.1,9.5,9.3,9.0,2.2,42.8,100,0
2023-24,regular-season,-,5.4,5.0,0.96,5.2,1.8,4.6,40.4,51.7,4.3,11.3,4.3,0.5,38.1,62.1,0
2023-24,regular-season,-,5.3,4.7,0.96,5.1,1.9,4.4,43.5,48.9,9.4,9.0,9.2,1.4,43.9,72.4,0
2023-24,regular-season,-,5.9,5.2,0.84,4.9,1.9,4.9,38.5,44.4,7.5,12.0,6.6,2.5,36.9,3.4,0
2023-24,regular-season,-,4.6,4.1,1.01,4.7,1.7,3.9,44.4,53.0,8.1,8.7,8.1,1.3,44.4,89.7,0
2023-24,regular-season,-,5.1,4.5,0.90,4.6,1.6,4.1,39.6,47.5,9.0,12.4,8.8,1.2,39.4,24.1,0
2023-24,regular-season,-,5.5,4.9,0.84,4.6,1.8,4.6,38.1,42.8,7.8,8.9,7.6,1.6,38.3,6.9,0
2023-24,regular-season,-,5.5,5.0,0.82,4.5,1.6,4.4,35.4,42.1,9.3,11.7,8.4,0.9,35.8,0.0,0
2023-24,regular-season,-,4.4,4.1,0.97,4.3,1.5,3.6,42.5,51.7,8.1,10.6,7.5,1.7,40.8,79.3,0
2023-24,regular-season,-,4.5,3.9,0.96,4.3,1.8,3.9,45.9,51.9,5.3,9.7,5.3,1.9,43.2,69.0,0
2023-24,regular-season,-,4.5,4.1,0.94,4.2,1.5,3.5,41.9,50.7,8.8,12.3,7.7,0.8,40.8,55.2,0
2023-24,regular-season,-,4.5,4.1,0.93,4.2,1.6,3.6,45.4,51.0,7.7,13.1,6.3,0.8,42.9,51.7,0
2023-24,regular-season,-,4.8,4.3,0.86,4.1,1.5,3.7,40.3,46.0,10.2,15.2,8.9,2.3,38.1,13.8,0
2023-24,regular-season,-,4.1,3.8,0.93,3.8,1.5,3.3,44.6,52.6,6.0,15.0,5.1,0.9,40.4,37.9,0
2023-24,regular-season,-,3.9,3.5,0.93,3.6,1.3,3.3,40.5,47.3,9.5,9.2,8.5,2.2,40.8,34.5,0
2023-24,regular-season,-,3.6,3.3,0.95,3.4,1.3,3.0,44.9,50.8,7.1,11.2,6.1,1.4,43.1,58.6,0
2023-24,regular-season,-,3.4,3.2,0.96,3.3,1.2,2.9,41.8,48.5,8.5,8.9,8.2,1.4,41.8,65.5,0
2023-24,regular-season,-,3.6,3.3,0.84,3.1,1.1,3.1,35.5,44.2,6.1,10.2,5.4,1.7,34.4,10.3,0
2023-24,regular-season,-,2.6,2.4,0.93,2.5,0.9,2.2,41.9,47.5,10.6,10.6,10.1,3.7,41.0,41.4,0
2023-24,playoffs,-,9.2,8.5,0.97,8.9,3.3,8.1,41.0,48.1,10.0,6.7,10.0,4.2,41.7,80.0,0
2023-24,playoffs,-,8.4,8.2,0.97,8.2,3.0,7.0,42.9,49.4,9.9,9.9,8.9,3.0,42.6,86.7,0
2023-24,playoffs,-,4.2,3.9,1.01,4.2,1.6,3.6,45.9,54.1,7.0,8.5,4.2,1.4,45.1,93.3,0
2023-24,playoffs,-,6.3,6.2,0.88,5.6,2.1,5.3,39.7,46.8,5.3,11.8,5.3,0.0,38.2,40.0,0
2023-24,playoffs,-,3.1,3.0,0.94,2.9,0.9,2.4,36.8,44.7,16.0,8.0,16.0,0.0,44.0,60.0,0
2023-24,playoffs,-,2.7,2.6,0.90,2.4,0.9,2.4,37.0,46.7,3.9,5.9,3.9,0.0,37.3,46.7,0
2023-24,playoffs,-,2.4,2.3,0.85,2.0,0.7,2.0,37.2,44.2,5.8,11.5,5.8,0.0,36.5,33.3,0
2023-24,playoffs,-,7.2,6.8,0.95,6.8,2.2,5.8,37.1,42.9,11.6,7.0,9.3,0.0,41.9,73.3,0
2023-24,playoffs,-,5.7,5.4,1.09,6.2,2.3,5.0,46.7,58.3,8.8,5.9,8.8,2.9,44.1,100,0
2023-24,playoffs,-,8.8,9.1,0.70,6.2,2.2,7.6,28.9,36.8,4.5,11.4,4.5,2.3,27.3,13.3,0
2023-24,playoffs,-,6.3,5.7,0.72,4.5,1.8,5.5,31.8,40.9,0.0,12.0,0.0,0.0,28.0,20.0,0
2023-24,playoffs,-,3.4,3.3,0.94,3.2,1.4,3.2,43.8,50.0,5.9,5.9,5.9,5.9,41.2,66.7,0
2023-24,playoffs,-,2.7,2.6,0.94,2.5,1.0,2.3,42.9,53.6,0.0,12.5,0.0,0.0,37.5,53.3,0
2023-24,playoffs,-,2.4,2.2,0.82,2.0,0.7,2.0,35.7,42.9,5.9,11.8,5.9,0.0,35.3,26.7,0
2023-24,playoffs,-,2.4,2.3,0.58,1.4,0.5,1.8,27.8,33.3,4.2,20.8,4.2,0.0,25.0,0.0,0
2023-24,playoffs,-,3.5,3.4,0.64,2.3,0.8,2.8,27.3,31.8,14.3,7.1,7.1,0.0,35.7,6.7,0
2024-25,regular-season,-,8.6,7.7,0.96,8.3,3.1,7.2,42.4,49.2,8.3,9.0,7.5,1.3,42.5,55.2,0
2024-25,regular-season,-,8.8,8.1,0.89,7.9,2.8,6.9,40.5,47.9,8.8,14.8,8.1,1.7,38.7,27.6,0
2024-25,regular-season,-,7.7,6.8,0.99,7.7,2.8,6.4,44.0,51.7,10.1,9.0,9.5,2.4,44.1,82.8,0
2024-25,regular-season,-,7.1,6.2,1.00,7.1,2.4,5.4,43.7,53.6,10.9,15.3,9.8,3.1,41.4,86.2,0
2024-25,regular-season,-,6.3,5.8,1.06,6.7,2.3,5.3,42.7,53.1,10.0,8.3,9.0,2.5,43.3,100,0
2024-25,regular-season,-,7.1,6.2,0.95,6.7,2.4,6.1,40.0,47.5,8.5,7.1,7.9,1.4,41.1,51.7,0
2024-25,regular-season,-,6.0,5.5,1.03,6.2,2.2,5.1,43.7,53.7,6.1,9.2,5.5,1.0,42.4,96.6,0
2024-25,regular-season,-,6.6,5.8,0.87,5.8,2.0,5.6,36.0,44.5,8.1,9.8,7.6,2.2,36.3,13.8,0
2024-25,regular-season,-,6.3,5.4,0.92,5.7,2.0,5.0,40.3,47.8,9.6,12.5,8.8,2.7,39.2,41.4,0
2024-25,regular-season,-,6.4,5.6,0.87,5.5,2.0,5.3,36.9,43.8,9.4,8.8,8.4,1.3,38.3,10.3,0
2024-25,regular-season,-,6.6,5.7,0.83,5.5,2.0,5.4,36.5,43.7,8.5,11.1,8.1,1.3,36.1,6.9,0
2024-25,regular-season,-,5.4,4.9,0.99,5.4,2.0,4.5,45.4,53.3,7.7,11.3,7.2,1.8,43.2,79.3,0
2024-25,regular-season,-,5.8,5.2,0.89,5.2,1.8,4.8,38.2,47.4,7.9,12.1,6.7,1.7,36.8,24.1,0
2024-25,regular-season,-,5.4,4.7,0.96,5.2,1.7,4.1,41.8,49.1,13.8,12.6,12.9,2.5,42.9,62.1,0
2024-25,regular-season,-,5.2,4.6,0.98,5.1,1.8,4.2,42.5,52.0,8.4,11.7,7.0,1.2,41.0,69.0,0
2024-25,regular-season,-,6.3,5.6,0.81,5.1,1.8,5.4,34.2,42.1,5.8,9.3,5.4,0.6,34.0,0.0,0
2024-25,regular-season,-,5.4,4.8,0.91,4.9,1.9,4.3,42.9,47.7,10.2,12.0,10.0,2.5,41.7,34.5,0
2024-25,regular-season,-,5.0,4.5,0.96,4.8,1.6,4.2,39.0,48.0,10.7,8.3,10.0,2.4,40.0,65.5,0
2024-25,regular-season,-,4.7,4.3,0.99,4.7,1.6,3.8,43.7,50.2,11.6,10.0,11.1,1.0,45.2,75.9,0
2024-25,regular-season,-,5.2,4.5,0.90,4.7,1.7,4.4,38.8,46.7,7.3,9.6,7.1,1.9,38.1,31.0,0
2024-25,regular-season,-,4.7,4.2,0.99,4.6,1.8,4.1,44.7,52.1,4.9,8.8,4.9,1.6,42.6,72.4,0
2024-25,regular-season,-,5.0,4.5,0.93,4.6,1.8,4.3,40.8,47.5,6.8,8.3,5.9,2.0,40.1,44.8,0
2024-25,regular-season,-,4.3,3.9,1.01,4.4,1.7,3.6,48.1,55.3,7.6,11.0,7.3,1.7,45.4,93.1,0
2024-25,regular-season,-,4.6,4.2,0.88,4.0,1.5,3.8,38.9,45.2,9.1,10.1,8.0,2.1,38.9,17.2,0
2024-25,regular-season,-,4.3,3.9,0.89,3.8,1.3,3.6,35.2,43.3,9.5,8.3,8.9,1.7,37.2,20.7,0
2024-25,regular-season,-,4.4,4.0,0.83,3.6,1.4,3.7,38.6,44.1,6.4,11.4,6.4,1.9,36.7,3.4,0
2024-25,regular-season,-,3.2,2.9,1.00,3.2,1.1,2.8,40.7,52.9,6.5,8.7,6.1,1.1,40.3,89.7,0
2024-25,regular-season,-,3.5,3.2,0.93,3.2,1.2,2.7,45.4,50.9,8.8,16.3,8.1,2.1,41.7,48.3,0
2024-25,regular-season,-,3.4,3.0,0.91,3.1,1.1,2.6,41.2,48.1,10.8,13.3,9.4,1.8,40.3,37.9,0
2024-25,regular-season,-,2.4,2.0,0.96,2.3,0.9,2.0,42.9,51.8,5.1,9.7,4.6,0.5,40.8,58.6,0
2024-25,playoffs,-,4.3,3.9,0.84,3.6,1.2,3.0,38.6,46.4,12.2,17.3,11.2,1.0,37.8,40.0,0
2024-25,playoffs,-,3.8,3.4,1.06,4.0,1.4,3.1,46.4,53.6,10.3,10.3,10.3,2.9,45.6,73.3,0
2024-25,playoffs,-,5.6,5.0,0.87,4.9,1.9,4.4,41.9,50.8,6.3,17.7,6.3,2.5,36.7,46.7,0
2024-25,playoffs,-,4.2,3.8,0.95,4.0,1.4,3.7,38.2,47.3,9.5,6.3,9.5,3.2,39.7,60.0,0
2024-25,playoffs,-,5.0,4.6,0.82,4.1,1.6,4.3,37.3,45.1,5.0,11.7,3.3,1.7,33.3,33.3,0
2024-25,playoffs,-,3.0,2.7,0.67,2.0,0.8,2.6,31.7,35.8,5.7,10.0,5.7,1.4,31.4,13.3,0
2024-25,playoffs,-,4.1,3.7,0.70,2.9,0.8,3.3,23.3,30.0,13.5,5.4,13.5,0.0,29.7,20.0,0
2024-25,playoffs,-,4.6,4.2,1.09,5.0,2.0,4.0,50.0,57.5,4.3,8.7,4.3,0.0,47.8,86.7,0
2024-25,playoffs,-,6.3,5.4,0.92,5.8,2.3,6.0,37.5,47.9,0.0,4.0,0.0,0.0,36.0,53.3,0
2024-25,playoffs,-,4.4,4.1,0.74,3.3,1.0,3.4,29.2,41.7,9.7,12.9,9.7,0.0,29.0,26.7,0
2024-25,playoffs,-,2.7,2.6,1.16,3.1,1.1,1.9,61.5,69.2,15.8,21.1,15.8,5.3,52.6,93.3,0
2024-25,playoffs,-,1.8,1.7,1.00,1.8,0.6,1.5,43.8,56.3,10.0,20.0,10.0,10.0,35.0,66.7,0
2024-25,playoffs,-,6.0,5.4,0.56,3.3,0.8,3.8,21.7,28.3,11.1,25.0,8.3,0.0,25.0,6.7,0
2024-25,playoffs,-,3.5,3.4,1.07,3.8,1.3,3.0,41.7,58.3,7.1,7.1,7.1,0.0,42.9,80.0,0
2024-25,playoffs,-,1.8,0.0,1.33,2.4,1.0,1.4,71.4,71.4,22.2,11.1,22.2,11.1,66.7,100,0
2024-25,playoffs,-,2.0,2.0,0.30,0.6,0.2,1.8,11.1,16.7,0.0,10.0,0.0,0.0,10.0,0.0,0
2025-26,regular-season,-,10.6,9.6,0.91,9.7,3.1,8.7,36.2,45.7,10.7,9.1,9.4,1.3,38.6,37.9,0
2025-26,regular-season,-,7.8,6.6,1.04,8.2,2.6,6.3,42.3,50.8,13.2,9.1,13.2,2.1,44.9,89.7,0
2025-26,regular-season,-,7.0,6.1,1.03,7.2,2.6,5.7,45.5,53.2,10.3,9.9,7.3,0.9,45.3,79.3,0
2025-26,regular-season,-,7.0,6.3,1.00,7.0,2.7,6.2,44.5,52.4,6.0,8.3,6.0,1.8,43.1,71.4,0
2025-26,regular-season,-,6.4,5.6,1.08,6.9,2.2,5.2,42.0,53.1,12.1,8.0,11.1,1.5,44.7,96.6,0
2025-26,regular-season,-,6.3,5.4,1.03,6.4,2.1,5.0,42.8,53.8,11.0,12.1,10.4,2.7,42.3,82.8,0
2025-26,regular-season,-,7.3,6.4,0.85,6.2,2.0,5.6,35.9,43.1,11.8,13.6,10.9,1.4,37.7,20.7,0
2025-26,regular-season,-,5.9,5.3,0.99,5.8,2.1,4.9,42.1,50.3,10.4,9.3,9.3,2.7,42.1,65.5,0
2025-26,regular-season,-,6.8,5.8,0.82,5.5,1.8,5.4,33.3,40.8,9.3,11.6,7.9,1.4,34.7,10.3,0
2025-26,regular-season,-,4.9,4.3,1.08,5.3,1.6,3.8,43.2,55.9,11.8,13.7,10.5,2.6,42.5,93.1,0
2025-26,regular-season,-,5.9,5.1,1.00,5.9,2.0,4.9,41.3,50.7,9.1,8.5,8.5,1.8,41.5,71.4,0
2025-26,regular-season,-,5.8,5.1,0.96,5.6,1.9,4.8,40.0,47.8,9.8,9.2,8.6,1.8,41.1,48.3,0
2025-26,regular-season,-,5.2,4.5,0.95,5.0,1.9,4.2,45.8,52.7,9.9,10.5,8.6,1.2,43.8,44.8,0
2025-26,regular-season,-,4.2,3.7,1.12,4.7,1.6,3.3,49.1,58.5,12.7,10.4,12.7,2.2,49.3,100,0
2025-26,regular-season,-,5.1,4.4,0.86,4.4,1.5,4.0,36.8,44.0,10.7,12.5,10.7,2.4,36.3,24.1,0
2025-26,regular-season,-,4.5,3.9,1.04,4.7,1.7,3.8,45.0,53.2,10.7,9.9,9.2,3.8,44.3,86.2,0
2025-26,regular-season,-,4.7,4.1,0.91,4.3,1.5,3.5,42.7,49.5,12.9,14.3,11.6,2.0,42.2,41.4,0
2025-26,regular-season,-,4.2,3.7,1.01,4.3,1.6,3.4,47.2,52.8,9.2,10.7,9.2,0.8,45.8,75.9,0
2025-26,regular-season,-,4.9,4.4,0.87,4.3,1.5,4.1,37.8,44.5,8.6,9.3,7.9,2.0,38.4,27.6,0
2025-26,regular-season,-,4.6,3.9,0.79,3.6,1.3,3.6,36.3,43.8,7.6,15.3,7.6,1.4,33.3,6.9,0
2025-26,regular-season,-,3.8,3.2,0.97,3.7,1.3,3.1,41.8,50.0,10.1,11.0,9.2,4.6,40.4,55.2,0
2025-26,regular-season,-,4.6,4.0,0.78,3.6,1.5,3.8,39.1,44.1,3.7,14.2,3.7,0.0,35.8,3.4,0
2025-26,regular-season,-,5.1,4.3,0.67,3.4,1.2,4.1,29.4,33.3,9.6,13.4,9.6,3.2,29.3,0.0,0
2025-26,regular-season,-,3.5,3.2,0.89,3.1,1.1,2.6,43.6,51.9,7.7,17.3,7.7,0.0,40.4,34.5,0
2025-26,regular-season,-,3.5,3.0,0.88,3.0,1.1,2.9,39.5,46.5,6.7,11.5,6.7,1.0,37.5,31.0,0
2025-26,regular-season,-,3.7,3.3,0.84,3.1,1.1,3.0,35.2,39.8,11.2,7.5,9.3,0.9,38.3,17.2,0
2025-26,regular-season,-,3.2,2.8,0.98,3.1,1.1,2.5,46.4,51.4,11.1,14.4,10.0,2.2,44.4,62.1,0
2025-26,regular-season,-,3.2,2.8,0.83,2.7,1.0,2.5,40.8,44.7,10.0,15.0,10.0,1.0,40.0,13.8,0
2025-26,regular-season,-,3.1,2.8,0.98,3.0,1.0,2.4,40.6,50.8,15.5,10.7,10.7,2.4,41.7,58.6,0
2025-26,regular-season,-,1.9,1.6,0.96,1.8,0.6,1.5,42.2,51.1,8.9,10.7,8.9,0.0,41.1,51.7,0
