SEASON,SEASON_TYPE,TEAM_ABB,GP,WIN,LOSE,MIN,PCT_FGA_2PT,PCT_FGA_3PT,PCT_PTS_2PT,PCT_PTS_2PT_MR,PCT_PTS_3PT,PCT_PTS_FB,PCT_PTS_FT,PCT_PTS_OFF_TOV,PCT_PTS_PAINT,PCT_AST_2PM,PCT_UAST_2PM,PCT_AST_3PM,PCT_UAST_3PM,PCT_AST_FGM,PCT_UAST_FGM
2015-16,pre-season,CHA,8,7,1,48.0,67.8,32.2,49.3,18.7,28.1,10.0,22.6,16.1,30.6,46.2,53.8,86.5,13.5,57.2,42.8
2015-16,pre-season,BOS,7,6,1,48.0,73.2,26.8,58.6,11.8,24.7,14.8,16.7,17.9,46.8,57.9,42.1,91.7,8.3,65.3,34.7
2015-16,pre-season,MEM,7,6,1,48.0,76.0,24.0,57.9,21.2,18.8,8.7,23.3,18.2,36.7,54.4,45.6,79.5,20.5,58.9,41.1
2015-16,pre-season,ORL,8,6,2,49.3,70.8,29.2,56.5,15.6,27.1,14.1,16.3,20.4,41.0,51.1,48.9,90.3,9.7,60.6,39.4
2015-16,pre-season,IND,7,5,2,48.0,70.7,29.3,56.6,20.1,21.3,13.8,22.0,18.8,36.5,42.9,57.1,86.3,13.7,51.6,48.4
2015-16,pre-season,OKC,6,5,1,48.0,70.0,30.0,59.2,15.4,26.0,15.1,14.8,17.3,43.8,49.5,50.5,83.6,16.4,57.2,42.8
2015-16,pre-season,SAC,6,5,1,48.8,68.4,31.6,56.1,14.8,22.1,14.4,21.8,20.2,41.3,52.0,48.0,82.2,17.8,58.3,41.7
2015-16,pre-season,TOR,7,5,2,48.0,74.0,26.0,55.8,13.6,21.7,11.3,22.5,21.3,42.2,42.2,57.8,85.4,14.6,51.1,48.9
2015-16,pre-season,ATL,7,4,3,48.0,67.9,32.1,51.2,14.1,27.1,19.2,21.6,17.8,37.1,52.7,47.3,89.8,10.2,62.4,37.6
2015-16,pre-season,CHI,8,4,4,48.0,67.7,32.3,52.5,17.5,30.3,12.3,17.1,12.2,35.0,44.1,55.9,89.0,11.0,56.6,43.4
2015-16,pre-season,DEN,7,4,3,48.0,72.6,27.4,58.0,15.4,23.1,15.3,18.9,20.7,42.6,49.8,50.2,81.5,18.5,56.4,43.6
2015-16,pre-season,MIA,8,4,4,48.6,72.6,27.4,56.7,17.2,20.7,12.7,22.6,18.3,39.5,50.9,49.1,96.2,3.8,59.8,40.2
2015-16,pre-season,NYK,6,4,2,48.0,75.1,24.9,59.9,24.8,24.0,15.6,16.2,19.2,35.0,52.8,47.2,87.2,12.8,60.1,39.9
2015-16,pre-season,PHX,6,4,2,48.8,69.7,30.3,56.5,15.9,28.2,15.7,15.3,22.2,40.6,54.6,45.4,81.0,19.0,61.2,38.8
2015-16,pre-season,WAS,7,4,3,48.0,71.1,28.9,58.0,15.8,22.9,19.3,19.1,18.3,42.2,59.6,40.4,90.0,10.0,66.0,34.0
2015-16,pre-season,DET,8,3,5,48.0,68.2,31.8,54.4,15.0,28.4,15.2,17.2,20.1,39.3,51.8,48.2,84.6,15.4,60.3,39.7
2015-16,pre-season,GSW,7,3,4,46.0,69.8,30.2,53.1,14.9,24.9,17.3,22.0,17.4,38.2,59.9,40.1,88.3,11.7,66.7,33.3
2015-16,pre-season,HOU,8,3,5,48.6,62.2,37.8,51.7,8.6,29.7,17.7,18.6,17.5,43.1,47.7,52.3,85.9,14.1,58.3,41.7
2015-16,pre-season,LAC,6,3,3,48.0,70.4,29.6,57.3,24.2,25.6,15.2,17.1,18.1,33.1,63.1,36.9,74.0,26.0,65.6,34.4
2015-16,pre-season,LAL,8,3,5,46.8,71.4,28.6,53.9,13.9,23.8,12.3,22.3,21.3,40.1,48.6,51.4,79.4,20.6,55.6,44.4
2015-16,pre-season,NOP,7,3,4,48.7,68.6,31.4,47.2,14.6,27.3,14.1,25.4,16.0,32.6,37.4,62.6,77.3,22.7,48.5,51.5
2015-16,pre-season,POR,7,3,4,49.4,65.6,34.4,52.7,16.5,30.9,13.9,16.3,17.2,36.3,42.2,57.8,88.0,12.0,55.1,44.9
2015-16,pre-season,UTA,7,3,4,49.4,74.5,25.5,56.1,12.0,19.7,14.6,24.1,19.2,44.2,43.8,56.3,82.2,17.8,51.1,48.9
2015-16,pre-season,BKN,6,2,4,48.0,73.2,26.8,52.6,16.4,23.5,9.7,23.9,20.1,36.2,52.6,47.4,82.6,17.4,59.5,40.5
2015-16,pre-season,MIL,6,2,4,48.0,74.3,25.7,59.9,17.8,19.7,13.2,20.4,14.8,42.1,49.5,50.5,87.5,12.5,56.3,43.7
2015-16,pre-season,MIN,7,2,5,48.0,74.0,26.0,51.7,17.4,23.4,12.6,24.9,19.5,34.2,58.1,41.9,94.2,5.8,66.5,33.5
2015-16,pre-season,PHI,7,2,5,48.0,62.7,37.3,49.9,9.0,27.4,15.8,22.7,24.5,41.0,47.9,52.1,82.0,18.0,57.0,43.0
2015-16,pre-season,SAS,6,2,4,48.0,74.2,25.8,57.9,21.0,21.8,14.6,20.2,17.1,36.9,52.8,47.2,85.4,14.6,59.3,40.7
2015-16,pre-season,CLE,7,1,6,48.0,61.5,38.5,48.4,14.8,31.8,10.1,19.8,16.0,33.6,56.9,43.1,92.9,7.1,67.8,32.2
2015-16,pre-season,-,2,1,1,48.0,70.7,29.3,56.0,20.9,31.3,4.4,12.6,13.2,35.2,60.8,39.2,89.5,10.5,68.6,31.4
2015-16,pre-season,-,2,0,2,48.0,51.2,48.8,47.5,13.3,39.8,7.2,12.7,15.5,34.3,46.5,53.5,75.0,25.0,56.7,43.3
2015-16,pre-season,DAL,7,0,7,48.0,67.3,32.7,58.1,17.9,21.1,18.2,20.8,21.7,40.3,56.0,44.0,79.5,20.5,60.6,39.4
2015-16,pre-season,-,1,0,1,48.0,52.6,47.4,46.6,13.7,32.9,2.7,20.5,16.4,32.9,82.4,17.6,75.0,25.0,80.0,20.0
2015-16,pre-season,-,2,0,2,48.0,63.3,36.7,55.1,19.2,28.7,16.2,16.2,30.5,35.9,60.9,39.1,100,0.0,71.0,29.0
2015-16,pre-season,-,1,0,1,48.0,56.5,43.5,45.8,18.8,31.3,9.4,22.9,8.3,27.1,50.0,50.0,80.0,20.0,59.4,40.6
2015-16,pre-season,-,1,0,1,48.0,68.7,31.3,61.5,17.6,29.7,14.3,8.8,12.1,44.0,39.3,60.7,77.8,22.2,48.6,51.4
2015-16,regular-season,GSW,82,73,9,48.5,63.8,36.2,51.2,12.4,34.3,18.2,14.5,14.8,38.8,62.6,37.4,80.1,19.9,68.0,32.0
2015-16,regular-season,SAS,82,67,15,48.1,77.7,22.3,64.1,22.0,20.1,10.0,15.8,15.5,42.1,54.9,45.1,90.5,9.5,61.1,38.9
2015-16,regular-season,CLE,82,57,25,48.4,64.8,35.2,53.6,14.3,30.9,11.4,15.6,15.6,39.3,48.1,51.9,86.3,13.7,58.7,41.3
2015-16,regular-season,TOR,82,56,26,48.2,71.3,28.7,54.6,13.6,25.2,10.7,20.2,16.3,41.0,40.0,60.0,87.0,13.0,51.1,48.9
2015-16,regular-season,OKC,82,55,27,48.4,72.5,27.5,59.6,16.4,22.5,15.7,17.9,13.7,43.3,50.8,49.2,75.8,24.2,55.8,44.2
2015-16,regular-season,LAC,82,53,29,48.4,67.6,32.4,54.7,18.6,27.9,12.3,17.4,16.2,36.1,52.6,47.4,80.2,19.8,59.6,40.4
2015-16,regular-season,ATL,82,48,34,48.4,66.4,33.6,55.8,13.6,29.0,14.3,15.2,18.0,42.2,58.2,41.8,89.6,10.4,66.3,33.7
2015-16,regular-season,BOS,82,48,34,48.2,70.7,29.3,57.7,14.2,24.8,15.4,17.5,17.8,43.4,54.6,45.4,85.9,14.1,61.6,38.4
2015-16,regular-season,CHA,82,48,34,48.4,65.2,34.8,51.0,14.7,30.9,10.7,18.1,15.4,36.3,48.2,51.8,84.2,15.8,58.6,41.4
2015-16,regular-season,MIA,82,48,34,48.4,77.9,22.1,64.7,18.2,18.2,11.1,17.1,14.8,46.4,47.0,53.0,92.8,7.2,54.3,45.7
2015-16,regular-season,IND,82,45,37,48.5,73.0,27.0,59.2,19.2,23.7,13.1,17.1,18.5,40.0,48.7,51.3,80.4,19.6,55.4,44.6
2015-16,regular-season,DET,82,44,38,48.5,69.7,30.3,56.7,14.1,26.6,10.9,16.7,15.1,42.7,42.2,57.8,80.3,19.7,51.2,48.8
2015-16,regular-season,POR,82,44,38,48.3,66.8,33.2,53.4,16.3,30.1,10.2,16.5,14.0,37.2,46.9,53.1,77.2,22.8,55.2,44.8
2015-16,regular-season,CHI,82,42,40,48.5,75.6,24.4,60.3,20.0,23.4,10.0,16.2,13.1,40.3,51.5,48.5,88.5,11.5,59.1,40.9
2015-16,regular-season,DAL,82,42,40,48.8,66.1,33.9,53.8,16.7,28.8,11.0,17.3,15.6,37.1,50.0,50.0,85.0,15.0,59.2,40.8
2015-16,regular-season,MEM,82,42,40,48.4,77.8,22.2,61.9,17.5,18.6,12.7,19.5,18.0,44.4,50.2,49.8,86.1,13.9,56.2,43.8
2015-16,regular-season,HOU,82,41,41,48.4,63.0,37.0,50.7,7.8,30.1,17.0,19.1,17.7,42.9,50.8,49.2,79.3,20.7,58.9,41.1
2015-16,regular-season,WAS,82,41,41,48.2,71.8,28.2,59.3,18.5,24.9,17.8,15.8,16.8,40.7,54.8,45.2,87.3,12.7,61.9,38.1
2015-16,regular-season,UTA,82,40,42,48.7,70.3,29.7,56.5,13.8,26.0,9.5,17.5,15.9,42.7,43.4,56.6,82.3,17.7,52.6,47.4
2015-16,regular-season,ORL,82,35,47,48.5,74.5,25.5,62.3,19.6,22.8,12.1,14.9,17.4,42.7,52.8,47.2,87.4,12.6,59.6,40.4
2015-16,regular-season,DEN,82,33,49,48.4,72.3,27.7,58.3,13.3,23.6,13.9,18.1,15.4,45.0,54.3,45.7,81.4,18.6,60.1,39.9
2015-16,regular-season,MIL,82,33,49,48.4,81.1,18.9,66.6,15.6,16.3,13.9,17.1,18.6,51.0,55.5,44.5,89.8,10.2,60.3,39.7
2015-16,regular-season,SAC,82,33,49,48.3,74.0,26.0,60.0,13.6,22.7,16.2,17.3,16.5,46.5,55.0,45.0,85.8,14.2,61.2,38.8
2015-16,regular-season,NYK,82,32,50,48.3,74.4,25.6,59.8,23.5,22.7,8.6,17.5,12.0,36.4,47.7,52.3,87.0,13.0,55.7,44.3
2015-16,regular-season,NOP,82,30,52,48.2,72.3,27.7,58.2,17.9,25.0,12.1,16.8,14.6,40.3,51.0,49.0,80.9,19.1,57.7,42.3
2015-16,regular-season,MIN,82,29,53,48.5,79.8,20.2,62.9,19.8,16.3,13.3,20.9,16.1,43.1,57.8,42.2,85.7,14.3,61.9,38.1
2015-16,regular-season,PHX,82,23,59,48.1,69.8,30.2,55.9,14.9,26.8,14.3,17.3,16.4,41.1,47.0,53.0,83.2,16.8,55.8,44.2
2015-16,regular-season,BKN,82,21,61,48.2,78.2,21.8,64.4,17.6,19.7,11.6,15.9,15.2,46.8,53.0,47.0,84.4,15.6,58.3,41.7
2015-16,regular-season,LAL,82,17,65,48.1,71.0,29.0,56.2,17.0,24.0,12.5,19.8,14.0,39.2,45.0,55.0,73.4,26.6,51.3,48.7
2015-16,regular-season,PHI,82,10,72,48.3,67.3,32.7,55.2,10.9,28.7,12.5,16.1,17.0,44.3,50.1,49.9,86.3,13.7,59.4,40.6
2015-16,playoffs,CLE,21,16,5,48.0,63.0,37.0,49.7,12.8,35.2,13.0,15.1,16.7,36.9,43.7,56.3,80.2,19.8,55.4,44.6
2015-16,playoffs,GSW,24,15,9,48.2,62.1,37.9,48.6,11.3,35.5,13.6,15.9,16.6,37.3,53.2,46.8,81.4,18.6,62.4,37.6
2015-16,playoffs,OKC,18,11,7,48.0,70.5,29.5,56.3,16.5,23.3,15.7,20.4,14.2,39.8,45.8,54.2,81.9,18.1,53.6,46.4
2015-16,playoffs,TOR,20,10,10,48.8,71.8,28.2,58.7,18.3,22.0,9.8,19.3,16.8,40.4,38.0,62.0,77.4,22.6,45.8,54.2
2015-16,playoffs,MIA,14,7,7,49.1,76.2,23.8,61.9,17.4,21.2,8.8,16.8,11.4,44.5,36.2,63.8,80.2,19.8,44.4,55.6
2015-16,playoffs,SAS,10,6,4,48.0,76.8,23.2,59.8,20.4,24.1,14.1,16.1,16.3,39.4,46.2,53.8,87.8,12.2,55.0,45.0
2015-16,playoffs,POR,11,5,6,48.5,64.9,35.1,48.0,13.5,34.0,13.6,18.0,11.7,34.5,51.6,48.4,71.8,28.2,58.1,41.9
2015-16,playoffs,ATL,10,4,6,48.5,62.5,37.5,51.9,8.8,31.8,12.1,16.3,14.0,43.2,51.2,48.8,87.7,12.3,61.7,38.3
2015-16,playoffs,CHA,7,3,4,48.0,76.9,23.1,57.9,12.3,19.0,6.5,23.1,14.2,45.6,36.6,63.4,70.0,30.0,42.6,57.4
2015-16,playoffs,IND,7,3,4,48.0,71.6,28.4,53.0,16.8,26.1,14.5,20.9,17.4,36.3,46.0,54.0,82.5,17.5,55.0,45.0
2015-16,playoffs,BOS,6,2,4,48.8,64.8,35.2,54.7,10.7,27.7,11.9,17.6,15.6,44.0,52.6,47.4,86.5,13.5,61.2,38.8
2015-16,playoffs,LAC,6,2,4,48.0,77.1,22.9,64.1,21.0,17.3,9.3,18.6,13.2,43.1,41.8,58.2,88.2,11.8,48.9,51.1
2015-16,playoffs,DAL,5,1,4,48.0,73.6,26.4,62.3,20.0,19.8,9.6,17.9,11.9,42.2,52.1,47.9,87.1,12.9,58.2,41.8
2015-16,playoffs,HOU,5,1,4,48.0,66.8,33.2,55.7,9.2,25.0,12.7,19.3,16.4,46.5,48.0,52.0,76.3,23.7,54.5,45.5
2015-16,playoffs,DET,4,0,4,48.0,69.1,30.9,57.4,16.3,27.6,7.9,15.0,9.2,41.1,50.5,49.5,91.4,8.6,60.4,39.6
2015-16,playoffs,MEM,4,0,4,48.0,80.3,19.7,67.3,23.5,17.6,10.2,15.1,14.5,43.8,45.9,54.1,84.2,15.8,51.6,48.4
2016-17,pre-season,GSW,7,6,1,48.7,58.9,41.1,44.6,10.6,36.9,18.6,18.5,17.9,34.0,61.9,38.1,80.4,19.6,68.5,31.5
2016-17,pre-season,ATL,7,5,2,48.0,73.2,26.8,61.5,18.4,21.9,10.8,16.6,16.5,43.1,65.4,34.6,92.0,8.0,70.5,29.5
2016-17,pre-season,BOS,7,5,2,48.0,65.2,34.8,54.4,18.2,29.0,12.9,16.6,22.0,36.2,50.0,50.0,84.5,15.5,59.0,41.0
2016-17,pre-season,HOU,7,5,2,49.4,58.6,41.4,49.9,9.6,31.4,15.4,18.7,18.6,40.2,50.7,49.3,79.3,20.7,59.2,40.8
2016-17,pre-season,MIN,7,5,2,48.0,73.3,26.7,54.8,14.8,22.6,15.2,22.7,21.0,40.0,45.6,54.4,75.5,24.5,52.0,48.0
2016-17,pre-season,DEN,8,4,4,48.6,71.1,28.9,57.6,12.7,20.1,12.9,22.3,17.7,44.8,53.3,46.7,91.1,8.9,60.5,39.5
2016-17,pre-season,MEM,6,4,2,49.7,65.9,34.1,48.8,12.1,27.5,16.9,23.8,25.2,36.6,43.3,56.7,89.8,10.2,56.0,44.0
2016-17,pre-season,MIA,8,4,4,48.0,66.4,33.6,55.3,10.8,29.4,11.2,15.3,17.6,44.5,45.0,55.0,89.0,11.0,56.5,43.5
2016-17,pre-season,NYK,6,4,2,48.0,69.8,30.2,58.2,18.4,27.1,13.3,14.7,21.4,39.8,56.8,43.2,81.4,18.6,62.7,37.3
2016-17,pre-season,PHX,6,4,2,48.0,77.9,22.1,58.3,13.5,17.9,19.6,23.8,23.5,44.8,42.5,57.5,83.8,16.2,49.5,50.5
2016-17,pre-season,POR,7,4,3,48.7,67.6,32.4,52.3,13.5,30.8,10.0,16.9,15.5,38.8,44.6,55.4,84.9,15.1,56.0,44.0
2016-17,pre-season,SAS,6,4,2,48.0,75.0,25.0,57.3,19.6,25.2,16.5,17.5,20.9,37.7,57.5,42.5,79.6,20.4,62.5,37.5
2016-17,pre-season,TOR,7,4,3,48.0,74.7,25.3,59.4,17.6,21.9,17.5,18.7,23.2,41.8,37.0,63.0,81.1,18.9,45.7,54.3
2016-17,pre-season,WAS,7,4,3,49.4,73.6,26.4,63.1,18.6,21.4,11.2,15.5,20.1,44.5,50.0,50.0,90.6,9.4,57.5,42.5
2016-17,pre-season,CHA,7,3,4,48.7,69.6,30.4,57.0,16.8,19.6,11.1,23.4,16.4,40.2,55.2,44.8,76.2,23.8,59.1,40.9
2016-17,pre-season,CHI,7,3,4,48.7,71.7,28.3,57.8,16.7,22.2,12.3,20.0,16.4,41.1,56.9,43.1,92.6,7.4,64.2,35.8
2016-17,pre-season,DET,6,3,3,48.0,73.4,26.6,62.3,18.8,21.2,15.4,16.5,20.4,43.5,52.3,47.7,87.5,12.5,58.8,41.2
2016-17,pre-season,IND,6,3,3,48.0,74.3,25.7,61.3,17.1,23.8,19.1,14.9,20.5,44.2,50.3,49.7,90.2,9.8,58.5,41.5
2016-17,pre-season,LAC,6,3,3,48.0,66.8,33.2,52.9,16.3,25.5,10.0,21.6,17.9,36.6,60.3,39.7,87.2,12.8,66.8,33.2
2016-17,pre-season,MIL,6,3,3,48.0,74.3,25.7,57.5,10.8,21.2,12.8,21.3,16.9,46.8,51.0,49.0,94.7,5.3,59.6,40.4
2016-17,pre-season,OKC,6,3,3,48.8,73.1,26.9,57.7,15.3,25.3,13.1,17.0,21.1,42.4,43.8,56.2,83.3,16.7,52.7,47.3
2016-17,pre-season,SAC,6,3,3,48.0,73.0,27.0,56.5,14.3,25.2,16.3,18.3,20.7,42.2,55.5,44.5,88.9,11.1,63.1,36.9
2016-17,pre-season,UTA,6,3,3,48.0,74.5,25.5,55.9,12.9,18.9,12.3,25.2,20.4,42.9,45.1,54.9,89.2,10.8,53.2,46.8
2016-17,pre-season,CLE,6,2,4,48.0,67.0,33.0,53.0,19.3,28.0,13.4,19.0,18.3,33.7,58.0,42.0,94.7,5.3,67.6,32.4
2016-17,pre-season,DAL,7,2,5,48.0,68.3,31.7,55.6,21.6,27.4,12.9,17.0,16.6,34.0,48.6,51.4,81.7,18.3,56.8,43.2
2016-17,pre-season,LAL,8,2,6,48.6,66.1,33.9,52.7,15.8,29.8,17.9,17.6,20.2,36.8,48.4,51.6,82.1,17.9,57.7,42.3
2016-17,pre-season,ORL,7,2,5,48.7,71.6,28.4,54.1,12.2,26.9,13.2,19.0,15.8,42.0,46.5,53.5,88.7,11.3,57.0,43.0
2016-17,pre-season,PHI,7,2,5,49.4,67.7,32.3,54.5,16.9,21.8,11.9,23.7,14.2,37.6,50.5,49.5,79.6,20.4,56.7,43.3
2016-17,pre-season,BKN,6,1,5,48.0,58.8,41.2,43.6,5.6,35.6,13.0,20.8,23.9,38.0,50.0,50.0,88.9,11.1,63.7,36.3
2016-17,pre-season,-,1,1,0,53.0,54.3,45.7,38.0,8.5,42.3,7.7,19.7,13.4,29.6,51.9,48.1,90.0,10.0,68.1,31.9
2016-17,pre-season,NOP,6,1,5,48.8,72.7,27.3,55.9,16.7,24.2,13.9,19.9,15.6,39.2,59.3,40.7,88.2,11.8,65.8,34.2
2016-17,pre-season,-,1,0,1,48.0,55.7,44.3,36.0,6.7,47.2,3.4,16.9,24.7,29.2,62.5,37.5,100,0.0,80.0,20.0
2016-17,pre-season,-,1,0,1,48.0,59.7,40.3,34.3,13.3,42.9,10.5,22.9,10.5,21.0,77.8,22.2,93.3,6.7,84.8,15.2
2016-17,pre-season,-,1,0,1,48.0,60.0,40.0,39.6,12.5,46.9,4.2,13.5,17.7,27.1,42.1,57.9,73.3,26.7,55.9,44.1
2016-17,pre-season,-,1,0,1,48.0,72.9,27.1,68.1,12.8,12.8,20.2,19.1,9.6,55.3,56.3,43.8,0.0,100,50.0,50.0
2016-17,regular-season,GSW,82,67,15,48.2,64.1,35.9,53.7,13.4,31.0,19.5,15.3,16.7,40.2,65.6,34.4,83.4,16.6,70.5,29.5
2016-17,regular-season,SAS,82,61,21,48.3,71.9,28.1,57.2,19.6,26.2,11.5,16.7,16.4,37.6,52.5,47.5,87.4,12.6,60.6,39.4
2016-17,regular-season,HOU,82,55,27,48.2,53.8,46.2,44.9,4.4,37.5,14.5,17.6,16.2,40.5,54.6,45.4,77.1,22.9,62.6,37.4
2016-17,regular-season,BOS,82,53,29,48.2,60.7,39.3,49.3,10.6,33.4,11.5,17.3,15.1,38.7,57.0,43.0,83.7,16.3,65.3,34.7
2016-17,regular-season,CLE,82,51,31,48.5,60.1,39.9,48.8,13.0,35.4,11.7,15.8,13.3,35.8,44.1,55.9,82.9,17.1,56.7,43.3
2016-17,regular-season,LAC,82,51,31,48.2,67.1,32.9,53.9,17.1,28.3,12.8,17.8,14.0,36.7,49.4,50.6,78.6,21.4,57.0,43.0
2016-17,regular-season,TOR,82,51,31,48.2,71.1,28.9,56.7,15.8,24.8,11.4,18.4,16.2,40.9,37.2,62.8,81.8,18.2,47.2,52.8
2016-17,regular-season,UTA,82,51,31,48.2,67.3,32.7,54.3,11.8,28.7,8.1,17.0,14.6,42.5,45.4,54.6,80.0,20.0,54.4,45.6
2016-17,regular-season,WAS,82,49,33,48.4,71.6,28.4,58.8,17.6,25.3,14.6,15.9,16.2,41.2,49.6,50.4,86.0,14.0,57.7,42.3
2016-17,regular-season,OKC,82,47,35,48.3,70.5,29.5,58.2,11.4,23.8,15.8,18.0,14.7,46.8,46.6,53.4,77.3,22.7,53.2,46.8
2016-17,regular-season,ATL,82,43,39,48.5,69.1,30.9,56.6,15.2,25.9,11.8,17.5,15.8,41.4,54.2,45.8,87.9,12.1,62.1,37.9
2016-17,regular-season,MEM,82,43,39,48.5,68.4,31.6,53.8,13.5,27.9,10.1,18.3,16.0,40.3,50.4,49.6,81.6,18.4,58.4,41.6
2016-17,regular-season,IND,82,42,40,48.4,72.8,27.2,58.3,18.4,24.7,10.1,17.0,15.8,39.8,49.8,50.2,83.6,16.4,57.2,42.8
2016-17,regular-season,MIL,82,42,40,48.2,71.0,29.0,57.9,11.0,25.4,13.3,16.6,16.7,46.9,53.4,46.6,92.9,7.1,62.4,37.6
2016-17,regular-season,CHI,82,41,41,48.2,74.4,25.6,60.4,18.3,22.2,13.4,17.5,15.2,42.1,51.3,48.7,87.5,12.5,58.4,41.6
2016-17,regular-season,MIA,82,41,41,48.2,68.6,31.4,56.6,12.8,28.7,10.8,14.8,15.4,43.8,42.7,57.3,89.1,10.9,54.4,45.6
2016-17,regular-season,POR,82,41,41,48.6,67.8,32.2,54.0,14.8,28.9,10.5,17.1,13.6,39.2,44.4,55.6,78.9,21.1,53.4,46.6
2016-17,regular-season,DEN,82,40,42,48.2,67.1,32.9,54.7,10.1,28.5,12.7,16.8,12.6,44.6,52.6,47.4,87.1,12.9,61.5,38.5
2016-17,regular-season,DET,82,37,45,48.3,73.7,26.3,63.5,20.9,22.8,11.8,13.7,14.7,42.6,45.5,54.5,84.5,15.5,53.0,47.0
2016-17,regular-season,CHA,82,36,46,48.4,66.5,33.5,52.8,14.7,28.7,9.0,18.5,14.2,38.0,54.5,45.5,79.5,20.5,61.1,38.9
2016-17,regular-season,NOP,82,34,48,48.5,69.2,30.8,57.1,14.8,26.9,14.4,16.0,14.0,42.3,50.3,49.7,83.5,16.5,58.2,41.8
2016-17,regular-season,DAL,82,33,49,48.2,63.4,36.6,52.1,18.6,32.8,7.9,15.1,16.1,33.5,47.4,52.6,81.3,18.7,57.4,42.6
2016-17,regular-season,SAC,82,32,50,48.5,70.9,29.1,56.2,14.3,26.2,10.4,17.6,15.8,41.9,50.6,49.4,87.7,12.3,59.4,40.6
2016-17,regular-season,MIN,82,31,51,48.3,75.1,24.9,60.9,17.6,20.8,12.1,18.3,15.8,43.2,53.5,46.5,88.5,11.5,60.0,40.0
2016-17,regular-season,NYK,82,31,51,48.4,72.1,27.9,59.4,20.7,24.7,10.4,15.9,13.8,38.7,46.9,53.1,84.5,15.5,55.1,44.9
2016-17,regular-season,ORL,82,29,53,48.3,70.0,30.0,58.8,17.1,25.4,13.9,15.8,14.8,41.8,49.5,50.5,87.6,12.4,58.0,42.0
2016-17,regular-season,PHI,82,28,54,48.4,65.1,34.9,53.7,10.5,29.7,12.6,16.6,16.9,43.3,54.1,45.9,87.7,12.3,63.1,36.9
2016-17,regular-season,LAL,82,26,56,48.1,70.5,29.5,58.2,12.5,25.5,14.5,16.3,16.6,45.6,46.2,53.8,77.4,22.6,53.2,46.8
2016-17,regular-season,PHX,82,24,58,48.4,74.5,25.5,60.1,16.1,20.9,18.0,19.0,16.4,44.1,42.1,57.9,79.0,21.0,49.1,50.9
2016-17,regular-season,BKN,82,20,62,48.2,62.9,37.1,51.3,7.9,30.3,13.2,18.4,14.2,43.4,45.4,54.6,85.1,14.9,56.6,43.4
2016-17,playoffs,GSW,17,16,1,48.0,62.2,37.8,50.7,13.5,32.0,17.6,17.4,15.1,37.2,62.5,37.5,73.6,26.4,65.8,34.2
2016-17,playoffs,CLE,18,13,5,48.0,59.2,40.8,46.0,10.0,36.7,11.0,17.3,12.9,35.9,43.7,56.3,73.0,27.0,53.9,46.1
2016-17,playoffs,BOS,18,9,9,48.3,59.0,41.0,48.8,8.6,36.3,11.9,14.9,15.2,40.2,60.6,39.4,89.5,10.5,70.2,29.8
2016-17,playoffs,SAS,16,8,8,48.6,71.8,28.2,58.7,15.6,24.0,12.5,17.3,17.0,43.1,43.5,56.5,89.1,10.9,53.3,46.7
2016-17,playoffs,WAS,13,7,6,48.4,69.8,30.2,58.6,17.4,23.3,16.2,18.1,16.4,41.3,50.2,49.8,81.7,18.3,56.8,43.2
2016-17,playoffs,HOU,11,6,5,48.5,54.8,45.2,45.4,4.2,35.7,10.5,18.9,12.2,41.2,42.4,57.6,71.6,28.4,52.4,47.6
2016-17,playoffs,TOR,10,4,6,48.0,70.4,29.6,56.9,15.3,24.2,10.7,18.9,15.0,41.6,46.9,53.1,85.9,14.1,55.5,44.5
2016-17,playoffs,UTA,11,4,7,48.0,66.9,33.1,53.5,9.9,29.0,8.0,17.5,14.0,43.7,46.5,53.5,79.8,20.2,55.4,44.6
2016-17,playoffs,LAC,7,3,4,48.0,69.6,30.4,57.9,14.9,25.0,9.5,17.1,11.3,43.0,42.9,57.1,77.2,22.8,50.6,49.4
2016-17,playoffs,ATL,6,2,4,48.0,67.7,32.3,55.3,11.7,23.7,10.4,21.0,14.1,43.6,57.1,42.9,68.0,32.0,59.6,40.4
2016-17,playoffs,CHI,6,2,4,48.0,71.5,28.5,60.8,15.5,21.8,9.3,17.4,14.2,45.3,47.7,52.3,85.7,14.3,55.0,45.0
2016-17,playoffs,MEM,6,2,4,48.8,68.7,31.3,52.6,11.4,29.1,13.1,18.3,14.9,41.2,45.4,54.6,78.6,21.4,54.3,45.7
2016-17,playoffs,MIL,6,2,4,48.0,72.3,27.7,55.5,14.0,29.0,12.0,15.6,20.2,41.5,48.4,51.6,96.3,3.7,60.8,39.2
2016-17,playoffs,OKC,5,1,4,48.0,69.1,30.9,58.0,14.6,24.2,14.4,17.9,19.2,43.4,44.4,55.6,76.2,23.8,51.3,48.7
2016-17,playoffs,IND,4,0,4,48.0,67.0,33.0,53.8,15.2,31.0,7.4,15.2,14.3,38.6,51.3,48.7,66.7,33.3,55.6,44.4
2016-17,playoffs,POR,4,0,4,48.0,62.0,38.0,48.3,11.8,32.5,10.3,19.2,13.8,36.5,33.7,66.3,68.2,31.8,44.4,55.6
2016-17,all-star,-,1,1,0,48.0,55.9,44.1,65.6,3.1,32.8,55.2,1.6,13.0,62.5,73.0,27.0,66.7,33.3,71.4,28.6
2016-17,all-star,-,1,0,1,48.0,56.9,43.1,61.5,3.3,36.3,58.8,2.2,16.5,58.2,53.6,46.4,59.1,40.9,55.1,44.9
2017-18,regular-season,HOU,82,65,17,48.2,49.8,50.2,41.6,5.4,40.9,10.2,17.5,15.5,36.2,47.0,53.0,68.9,31.1,55.7,44.3
2017-18,regular-season,TOR,82,59,23,48.4,62.3,37.7,52.8,9.2,31.7,11.9,15.5,15.4,43.6,49.9,50.1,81.6,18.4,59.0,41.0
2017-18,regular-season,GSW,82,58,24,48.1,66.1,33.9,55.5,16.7,29.9,17.0,14.6,15.2,38.9,64.3,35.7,80.1,19.9,68.5,31.5
2017-18,regular-season,BOS,82,55,27,48.3,64.3,35.7,51.6,13.4,33.0,9.1,15.3,14.8,38.3,49.0,51.0,81.3,18.7,58.6,41.4
2017-18,regular-season,PHI,82,52,30,48.2,65.6,34.4,54.4,11.4,30.0,10.4,15.6,15.4,43.0,55.6,44.4,95.4,4.6,66.3,33.7
2017-18,regular-season,CLE,82,50,32,48.1,62.1,37.9,51.3,11.4,32.4,11.3,16.4,14.6,39.9,47.8,52.2,81.9,18.1,57.9,42.1
2017-18,regular-season,POR,82,49,33,48.2,67.6,32.4,54.9,14.1,29.3,7.6,15.8,13.3,40.8,41.6,58.4,72.1,27.9,49.6,50.4
2017-18,regular-season,IND,82,48,34,48.2,71.6,28.4,60.2,17.8,25.7,14.0,14.2,17.3,42.4,46.5,53.5,81.9,18.1,54.4,45.6
2017-18,regular-season,NOP,82,48,34,48.7,68.1,31.9,58.1,11.2,27.4,13.7,14.5,14.6,46.9,54.9,45.1,87.6,12.4,62.7,37.3
2017-18,regular-season,OKC,82,48,34,48.4,65.5,34.5,54.0,13.3,29.9,14.1,16.1,17.3,40.7,42.6,57.4,83.1,16.9,53.5,46.5
2017-18,regular-season,UTA,82,48,34,48.2,64.3,35.7,52.7,10.1,31.2,9.8,16.1,16.1,42.6,50.0,50.0,80.5,19.5,58.6,41.4
2017-18,regular-season,MIN,82,47,35,48.3,73.9,26.1,60.3,15.3,22.0,8.8,17.7,16.2,44.9,48.7,51.3,82.5,17.5,55.3,44.7
2017-18,regular-season,SAS,82,47,35,48.1,71.8,28.2,59.5,16.9,24.8,10.0,15.7,15.9,42.6,49.6,50.4,89.7,10.3,58.3,41.7
2017-18,regular-season,DEN,82,46,36,48.5,64.3,35.7,53.2,8.6,31.3,12.2,15.6,15.4,44.5,52.6,47.4,84.8,15.2,61.7,38.3
2017-18,regular-season,MIA,82,44,38,48.6,64.2,35.8,53.8,10.4,31.9,9.0,14.3,15.9,43.4,45.7,54.3,90.8,9.2,58.5,41.5
2017-18,regular-season,MIL,82,44,38,48.4,70.3,29.7,58.2,13.7,24.7,13.8,17.2,17.2,44.5,50.1,49.9,88.3,11.7,58.5,41.5
2017-18,regular-season,WAS,82,43,39,48.4,69.0,31.0,56.3,16.7,27.9,10.9,15.8,16.2,39.6,54.8,45.2,88.0,12.0,63.1,36.9
2017-18,regular-season,LAC,82,42,40,48.1,68.6,31.4,56.5,8.6,26.1,12.2,17.4,14.5,47.9,50.2,49.8,72.6,27.4,55.5,44.5
2017-18,regular-season,DET,82,39,43,48.3,66.7,33.3,54.6,12.6,31.2,10.4,14.2,16.0,42.0,46.5,53.5,88.9,11.1,58.2,41.8
2017-18,regular-season,CHA,82,36,46,48.2,68.6,31.4,53.5,13.1,27.9,8.6,18.7,14.9,40.4,48.3,51.7,75.6,24.4,55.4,44.6
2017-18,regular-season,LAL,82,35,47,48.5,67.1,32.9,56.8,8.8,27.8,16.2,15.4,15.1,48.0,49.2,50.8,86.5,13.5,58.4,41.6
2017-18,regular-season,NYK,82,29,53,48.4,73.4,26.6,62.1,17.4,23.6,8.2,14.3,14.5,44.7,49.9,50.1,86.9,13.1,57.3,42.7
2017-18,regular-season,BKN,82,28,54,48.4,58.9,41.1,47.9,6.8,35.7,10.0,16.3,13.3,41.1,50.7,49.3,84.4,15.6,61.9,38.1
2017-18,regular-season,CHI,82,27,55,48.4,65.0,35.0,53.6,13.1,32.2,11.4,14.1,14.6,40.6,51.0,49.0,84.8,15.2,60.7,39.3
2017-18,regular-season,SAC,82,27,55,48.2,72.2,27.8,60.2,16.2,27.3,10.6,12.4,15.4,44.0,47.7,52.3,81.7,18.3,55.6,44.4
2017-18,regular-season,ORL,82,25,57,48.1,65.8,34.2,55.1,11.1,29.9,12.2,15.0,15.1,44.1,51.5,48.5,85.1,14.9,60.4,39.6
2017-18,regular-season,ATL,82,24,58,48.1,63.7,36.3,52.2,12.3,32.5,10.0,15.3,17.2,40.0,52.0,48.0,86.8,13.2,62.2,37.8
2017-18,regular-season,DAL,82,24,58,48.3,61.8,38.2,51.5,13.6,34.6,9.7,13.9,14.4,37.9,49.1,50.9,82.4,17.6,59.4,40.6
2017-18,regular-season,MEM,82,22,60,48.1,68.3,31.7,55.4,12.8,27.9,13.3,16.7,17.2,42.6,51.0,49.0,81.5,18.5,58.6,41.4
2017-18,regular-season,PHX,82,21,61,48.1,68.0,32.0,56.1,11.8,26.9,13.8,17.0,14.4,44.3,46.7,53.3,82.3,17.7,55.3,44.7
2017-18,playoffs,GSW,21,16,5,48.2,63.5,36.5,54.4,17.2,30.4,15.2,15.2,15.3,37.2,59.4,40.6,73.2,26.8,63.2,36.8
2017-18,playoffs,CLE,22,12,10,48.5,63.0,37.0,53.0,11.2,29.8,9.4,17.2,12.8,41.8,41.4,58.6,81.0,19.0,52.2,47.8
2017-18,playoffs,BOS,19,11,8,48.5,63.3,36.7,51.2,10.2,31.0,9.8,17.8,14.8,41.0,48.1,51.9,83.4,16.6,58.2,41.8
2017-18,playoffs,HOU,17,11,6,48.0,53.4,46.6,45.3,4.5,38.3,9.4,16.4,13.7,40.8,44.1,55.9,62.3,37.7,50.6,49.4
2017-18,playoffs,NOP,9,5,4,48.0,69.9,30.1,60.0,10.1,27.0,16.5,13.0,15.6,49.9,57.9,42.1,78.7,21.3,62.7,37.3
2017-18,playoffs,PHI,10,5,5,48.5,66.9,33.1,52.9,9.7,27.3,9.7,19.8,16.5,43.2,56.9,43.1,94.9,5.1,66.7,33.3
2017-18,playoffs,UTA,11,5,6,48.0,63.9,36.1,52.8,6.9,31.4,11.1,15.8,14.2,45.8,43.4,56.6,79.7,20.3,53.7,46.3
2017-18,playoffs,TOR,10,4,6,48.5,67.6,32.4,53.1,6.7,29.1,11.7,17.8,11.6,46.4,47.0,53.0,80.8,19.2,56.0,44.0
2017-18,playoffs,IND,7,3,4,48.0,66.1,33.9,57.4,9.9,29.0,16.9,13.6,19.2,47.4,47.5,52.5,76.5,23.5,54.8,45.2
2017-18,playoffs,MIL,7,3,4,48.7,67.2,32.8,58.1,12.9,28.2,13.3,13.7,13.5,45.2,44.4,55.6,92.5,7.5,56.2,43.8
2017-18,playoffs,OKC,6,2,4,48.0,66.7,33.3,52.7,14.5,31.1,13.2,16.1,20.9,38.2,35.0,65.0,66.7,33.3,43.9,56.1
2017-18,playoffs,WAS,6,2,4,48.0,74.4,25.6,59.1,17.7,22.4,16.8,18.5,14.5,41.4,52.6,47.4,83.3,16.7,58.8,41.2
2017-18,playoffs,MIA,5,1,4,48.0,66.7,33.3,49.9,13.5,31.3,14.5,18.8,18.4,36.4,53.5,46.5,92.6,7.4,65.0,35.0
2017-18,playoffs,MIN,5,1,4,48.0,73.6,26.4,57.1,9.4,26.6,9.6,16.3,7.7,47.6,49.0,51.0,91.1,8.9,58.9,41.1
2017-18,playoffs,SAS,5,1,4,48.0,66.3,33.7,54.1,14.0,26.0,8.3,19.8,16.3,40.1,45.8,54.2,83.3,16.7,54.9,45.1
2017-18,playoffs,POR,4,0,4,48.0,64.6,35.4,57.8,8.5,30.6,15.4,11.6,16.4,49.3,33.6,66.4,81.4,18.6,46.1,53.9
2017-18,all-star,-,1,1,0,48.0,51.7,48.3,58.1,8.1,38.5,24.3,3.4,16.2,50.0,58.1,41.9,78.9,21.1,64.5,35.5
2017-18,all-star,-,1,0,1,48.0,47.6,52.4,52.4,9.7,35.2,13.8,12.4,8.3,42.8,63.2,36.8,64.7,35.3,63.6,36.4
2018-19,regular-season,MIL,82,60,22,48.2,58.1,41.9,50.6,5.5,34.2,15.0,15.2,14.1,45.1,50.0,50.0,82.5,17.5,60.1,39.9
2018-19,regular-season,TOR,82,58,24,48.5,62.1,37.9,52.1,9.7,32.4,16.0,15.4,15.1,42.4,49.9,50.1,85.2,14.8,60.3,39.7
2018-19,regular-season,GSW,82,57,25,48.3,61.6,38.4,52.3,15.6,33.8,16.2,13.9,13.8,36.7,61.0,39.0,80.3,19.7,66.8,33.2
2018-19,regular-season,DEN,82,54,28,48.1,65.2,34.8,55.9,8.8,29.9,11.4,14.3,14.2,47.1,57.1,42.9,88.3,11.7,65.3,34.7
2018-19,regular-season,HOU,82,53,29,48.4,48.1,51.9,40.6,3.6,42.5,10.6,16.9,15.8,37.0,48.2,51.8,62.6,37.4,54.1,45.9
2018-19,regular-season,POR,82,53,29,48.4,66.1,33.9,54.6,11.6,28.8,9.6,16.6,13.1,43.0,47.2,52.8,74.9,25.1,54.4,45.6
2018-19,regular-season,PHI,82,51,31,48.3,65.8,34.2,53.3,10.4,28.2,13.0,18.4,13.3,42.9,54.6,45.4,93.7,6.3,64.8,35.2
2018-19,regular-season,UTA,82,50,32,48.2,60.6,39.4,50.7,6.1,32.5,9.5,16.8,14.7,44.6,55.6,44.4,84.8,15.2,64.4,35.6
2018-19,regular-season,BOS,82,49,33,48.2,61.9,38.1,52.5,12.7,33.6,14.5,13.9,16.1,39.8,52.7,47.3,85.4,14.6,62.4,37.6
2018-19,regular-season,OKC,82,49,33,48.4,65.3,34.7,54.7,9.4,29.8,15.9,15.6,16.8,45.3,45.1,54.9,81.4,18.6,54.8,45.2
2018-19,regular-season,IND,82,48,34,48.1,70.8,29.2,59.0,13.7,26.4,13.5,14.7,17.6,45.2,55.7,44.3,86.4,13.6,62.8,37.2
2018-19,regular-season,LAC,82,48,34,48.4,70.5,29.5,54.3,9.8,26.1,12.4,19.6,13.5,44.5,49.7,50.3,84.9,15.1,58.2,41.8
2018-19,regular-season,SAS,82,48,34,48.3,71.4,28.6,58.0,19.3,26.6,9.3,15.4,12.6,38.7,49.4,50.6,86.5,13.5,58.0,42.0
2018-19,regular-season,BKN,82,42,40,48.7,59.7,40.3,49.0,5.5,34.1,10.4,16.9,13.7,43.4,50.8,49.2,77.4,22.6,59.2,40.8
2018-19,regular-season,ORL,82,42,40,48.2,64.0,36.0,54.1,13.0,31.9,10.1,14.0,14.2,41.0,55.3,44.7,83.2,16.8,63.2,36.8
2018-19,regular-season,DET,82,41,41,48.4,60.6,39.4,49.9,8.1,33.9,9.4,16.1,14.8,41.9,46.5,53.5,83.1,16.9,57.9,42.1
2018-19,regular-season,CHA,82,39,43,48.4,62.2,37.8,51.1,8.9,32.3,10.6,16.6,14.5,42.2,49.4,50.6,77.7,22.3,57.8,42.2
2018-19,regular-season,MIA,82,39,43,48.1,63.2,36.8,53.6,7.3,32.1,9.4,14.3,14.7,46.3,50.5,49.5,88.0,12.0,61.2,38.8
2018-19,regular-season,SAC,82,39,43,48.1,67.9,32.1,55.8,10.4,29.7,18.3,14.5,16.9,45.4,50.7,49.3,81.8,18.2,58.8,41.2
2018-19,regular-season,LAL,82,37,45,48.2,65.8,34.2,57.7,7.9,27.7,17.3,14.6,15.0,49.8,53.9,46.1,79.3,20.7,60.0,40.0
2018-19,regular-season,MIN,82,36,46,48.4,68.5,31.5,56.1,12.1,26.9,10.4,17.0,15.5,44.0,50.5,49.5,86.2,13.8,59.1,40.9
2018-19,regular-season,DAL,82,33,49,48.2,57.8,42.2,48.4,7.5,34.3,11.3,17.3,13.4,40.9,50.6,49.4,80.6,19.4,60.3,39.7
2018-19,regular-season,MEM,82,33,49,48.5,65.8,34.2,54.2,9.5,28.7,11.9,17.1,16.6,44.8,56.2,43.8,82.6,17.4,63.1,36.9
2018-19,regular-season,NOP,82,33,49,48.2,67.6,32.4,57.9,7.4,26.7,12.8,15.4,14.0,50.4,54.2,45.8,86.9,13.1,61.9,38.1
2018-19,regular-season,WAS,82,32,50,48.6,63.0,37.0,54.0,10.1,29.8,12.4,16.1,15.5,43.9,53.3,46.7,86.8,13.2,62.3,37.7
2018-19,regular-season,ATL,82,29,53,48.4,59.7,40.3,50.0,4.9,34.4,13.4,15.5,15.0,45.1,53.3,46.7,82.4,17.6,62.4,37.6
2018-19,regular-season,CHI,82,22,60,48.5,70.5,29.5,58.6,10.2,26.0,11.5,15.4,14.5,48.4,46.5,53.5,83.8,16.2,55.0,45.0
2018-19,regular-season,CLE,82,19,63,48.2,66.8,33.2,54.7,12.1,29.7,10.1,15.7,13.8,42.6,43.5,56.5,80.2,19.8,53.2,46.8
2018-19,regular-season,PHX,82,19,63,48.5,66.5,33.5,56.7,10.4,26.9,14.1,16.4,17.0,46.3,52.8,47.2,80.8,19.2,59.5,40.5
2018-19,regular-season,NYK,82,17,65,48.2,66.6,33.4,53.9,11.8,28.8,10.6,17.3,14.1,42.1,41.8,58.2,82.6,17.4,52.5,47.5
2018-19,playoffs,TOR,24,16,8,48.4,59.3,40.7,48.3,10.3,33.5,15.5,18.1,16.0,38.0,50.2,49.8,80.8,19.2,59.8,40.2
2018-19,playoffs,GSW,22,14,8,48.5,62.0,38.0,50.7,13.5,32.0,14.3,17.3,16.1,37.1,66.4,33.6,75.7,24.3,69.1,30.9
2018-19,playoffs,MIL,15,10,5,48.7,56.9,43.1,47.9,6.9,34.0,18.5,18.1,12.3,41.0,51.9,48.1,85.9,14.1,62.8,37.2
2018-19,playoffs,POR,16,8,8,49.6,63.7,36.3,50.4,10.7,32.3,9.4,17.3,12.4,39.7,43.4,56.6,65.6,34.4,50.1,49.9
2018-19,playoffs,DEN,14,7,7,49.4,69.2,30.8,55.6,9.3,26.3,10.1,18.1,10.5,46.3,53.2,46.8,82.1,17.9,60.1,39.9
2018-19,playoffs,PHI,12,7,5,48.0,66.9,33.1,55.2,11.5,26.0,10.5,18.8,14.0,43.7,52.5,47.5,92.0,8.0,61.9,38.1
2018-19,playoffs,HOU,11,6,5,48.5,49.0,51.0,39.7,2.7,43.2,10.5,17.1,15.9,37.0,41.4,58.6,59.9,40.1,49.1,50.9
2018-19,playoffs,BOS,9,5,4,48.0,60.8,39.2,47.7,14.4,33.3,15.3,19.0,12.7,33.3,46.6,53.4,89.2,10.8,60.1,39.9
2018-19,playoffs,SAS,7,3,4,48.0,76.7,23.3,63.3,18.8,19.5,9.3,17.2,9.1,44.5,46.3,53.7,89.4,10.6,53.6,46.4
2018-19,playoffs,LAC,6,2,4,48.0,64.5,35.5,49.4,9.6,30.1,14.7,20.5,15.1,39.8,53.5,46.5,88.4,11.6,63.6,36.4
2018-19,playoffs,BKN,5,1,4,48.0,62.8,37.2,49.2,6.1,29.6,10.1,21.2,15.6,43.1,50.4,49.6,49.1,50.9,50.0,50.0
2018-19,playoffs,OKC,5,1,4,48.0,63.5,36.5,52.1,11.8,29.7,14.3,18.3,13.9,40.3,47.4,52.6,92.3,7.7,59.8,40.2
2018-19,playoffs,ORL,5,1,4,48.0,58.1,41.9,47.4,10.4,33.9,13.0,18.7,16.7,37.0,49.5,50.5,78.8,21.2,59.0,41.0
2018-19,playoffs,UTA,5,1,4,48.0,58.6,41.4,51.5,3.3,28.8,13.5,19.6,19.6,48.3,57.1,42.9,91.5,8.5,66.5,33.5
2018-19,playoffs,DET,4,0,4,48.0,65.6,34.4,54.1,13.3,33.7,11.0,12.2,18.1,40.8,50.0,50.0,88.6,11.4,61.3,38.7
2018-19,playoffs,IND,4,0,4,48.0,64.4,35.6,51.2,10.9,32.7,17.2,16.1,18.5,40.3,57.4,42.6,72.5,27.5,61.9,38.1
2018-19,all-star,-,1,1,0,48.0,33.3,66.7,37.1,2.2,59.0,18.5,3.9,12.9,34.8,54.5,45.5,68.6,31.4,61.8,38.2
2018-19,all-star,-,1,0,1,48.0,45.0,55.0,47.6,0.0,49.4,22.6,3.0,7.3,47.6,59.0,41.0,74.1,25.9,65.2,34.8
2019-20,pre-season,NOP,8,8,0,47.0,57.4,42.6,46.8,6.2,36.5,12.9,16.7,20.8,40.6,52.0,48.0,82.2,17.8,62.3,37.7
2019-20,pre-season,MIL,8,7,1,47.0,52.1,47.9,44.5,7.8,35.9,14.3,19.6,17.2,36.7,50.9,49.1,83.3,16.7,62.3,37.7
2019-20,pre-season,HOU,9,6,3,47.1,40.2,59.8,34.8,2.0,46.9,15.2,18.3,19.9,32.8,54.2,45.8,71.3,28.7,62.3,37.7
2019-20,pre-season,BOS,7,5,2,46.9,61.5,38.5,54.2,6.1,31.7,14.7,14.0,23.8,48.1,49.8,50.2,77.5,22.5,57.5,42.5
2019-20,pre-season,DEN,7,5,2,46.9,64.5,35.5,53.5,10.9,27.3,15.4,19.2,21.1,42.7,52.3,47.7,89.6,10.4,61.7,38.3
2019-20,pre-season,IND,7,5,2,47.6,66.6,33.4,53.4,9.0,30.5,14.2,16.2,12.8,44.4,51.6,48.4,92.6,7.4,62.9,37.1
2019-20,pre-season,LAL,9,5,4,47.1,67.4,32.6,53.5,8.1,27.3,12.7,19.2,16.5,45.5,55.5,44.5,84.4,15.6,62.8,37.2
2019-20,pre-season,MIA,8,5,3,47.0,55.7,44.3,49.3,7.7,35.5,9.7,15.2,21.4,41.7,53.4,46.6,89.5,10.5,65.1,34.9
2019-20,pre-season,OKC,7,5,2,46.9,60.0,40.0,51.0,4.8,32.8,9.2,16.2,14.8,46.2,40.8,59.2,86.6,13.4,54.6,45.4
2019-20,pre-season,PHI,8,5,3,47.6,62.7,37.3,53.5,9.0,30.0,11.8,16.5,19.7,44.5,58.4,41.6,93.1,6.9,67.8,32.2
2019-20,pre-season,BKN,7,4,3,46.9,55.8,44.2,46.3,5.9,37.3,13.4,16.4,20.7,40.4,53.8,46.2,88.2,11.8,65.8,34.2
2019-20,pre-season,DAL,8,4,4,47.6,52.8,47.2,43.3,4.1,37.9,13.3,18.8,12.6,39.2,51.6,48.4,85.6,14.4,64.1,35.9
2019-20,pre-season,LAC,8,4,4,47.0,56.5,43.5,50.2,8.5,33.8,16.6,16.0,20.5,41.7,58.9,41.1,86.0,14.0,67.3,32.7
2019-20,pre-season,MEM,8,4,4,47.0,63.6,36.4,51.2,5.1,30.7,18.7,18.1,17.6,46.0,52.3,47.7,89.8,10.2,63.0,37.0
2019-20,pre-season,ORL,9,4,5,47.1,63.6,36.4,53.0,11.3,29.3,13.9,17.6,24.3,41.7,56.1,43.9,87.8,12.2,64.7,35.3
2019-20,pre-season,PHX,7,4,3,46.9,59.8,40.2,47.4,9.8,31.7,16.4,20.9,22.8,37.6,50.8,49.2,88.8,11.3,62.5,37.5
2019-20,pre-season,SAC,8,4,4,47.6,58.7,41.3,45.2,8.9,34.2,15.2,20.6,21.5,36.3,54.3,45.7,81.0,19.0,63.3,36.7
2019-20,pre-season,TOR,7,4,3,46.9,55.3,44.7,42.1,4.4,38.6,19.2,19.2,16.3,37.7,60.5,39.5,83.8,16.2,69.3,30.7
2019-20,pre-season,DET,5,3,2,48.0,61.8,38.2,52.9,10.6,29.7,7.8,17.5,15.6,42.2,56.8,43.2,88.5,11.5,65.4,34.6
2019-20,pre-season,SAS,8,3,5,47.0,72.6,27.4,56.7,16.6,25.0,11.7,18.3,14.8,40.1,53.3,46.7,93.0,7.0,62.3,37.7
2019-20,pre-season,UTA,8,3,5,47.0,59.3,40.7,50.6,5.2,33.3,13.7,16.1,16.7,45.5,49.6,50.4,78.8,21.2,58.5,41.5
2019-20,pre-season,WAS,8,3,5,47.0,55.2,44.8,44.0,8.3,39.7,10.4,16.3,19.7,35.7,48.2,51.8,88.7,11.3,63.4,36.6
2019-20,pre-season,CHI,5,2,3,48.0,58.8,41.2,50.0,5.9,35.6,15.7,14.4,25.0,44.1,51.1,48.9,87.5,12.5,62.8,37.2
2019-20,pre-season,GSW,5,2,3,48.0,57.5,42.5,44.4,9.3,34.3,18.8,21.3,23.3,35.1,49.2,50.8,76.6,23.4,58.5,41.5
2019-20,pre-season,MIN,5,2,3,48.0,57.1,42.9,50.8,5.9,32.9,17.2,16.3,17.2,44.9,51.4,48.6,87.3,12.7,62.2,37.8
2019-20,pre-season,POR,8,2,6,47.0,66.5,33.5,54.1,11.4,28.3,14.1,17.6,17.6,42.7,52.2,47.8,69.1,30.9,56.5,43.5
2019-20,pre-season,ATL,5,1,4,48.0,58.3,41.7,47.4,8.8,34.6,8.6,18.0,18.9,38.6,59.3,40.7,83.6,16.4,67.3,32.7
2019-20,pre-season,CHA,5,1,4,48.0,61.3,38.7,52.6,4.6,31.3,15.7,16.1,23.8,48.0,52.2,47.8,88.9,11.1,62.6,37.4
2019-20,pre-season,CLE,4,1,3,48.0,54.4,45.6,50.5,8.2,32.9,5.4,16.6,23.2,42.3,49.5,50.5,58.1,41.9,52.1,47.9
2019-20,pre-season,NYK,4,1,3,48.0,62.0,38.0,48.7,8.2,32.5,9.6,18.8,15.4,40.5,50.5,49.5,88.9,11.1,62.3,37.7
2019-20,pre-season,-,1,0,1,48.0,68.5,31.5,69.1,14.8,22.2,4.9,8.6,12.3,54.3,42.9,57.1,66.7,33.3,47.1,52.9
2019-20,pre-season,-,1,0,1,48.0,63.8,36.3,56.2,2.2,33.7,7.9,10.1,19.1,53.9,32.0,68.0,90.0,10.0,48.6,51.4
2019-20,pre-season,-,2,0,2,48.0,59.1,40.9,42.4,12.0,37.5,6.5,20.1,8.2,30.4,20.5,79.5,78.3,21.7,41.9,58.1
2019-20,pre-season,-,3,0,3,48.0,64.8,35.2,52.9,18.7,35.0,8.9,12.1,16.7,34.2,44.1,55.9,80.0,20.0,55.1,44.9
2019-20,pre-season,-,2,0,2,48.0,65.4,34.6,49.5,14.3,32.9,6.7,17.6,22.9,35.2,42.3,57.7,91.3,8.7,57.3,42.7
2019-20,pre-season,-,2,0,2,48.0,62.4,37.6,55.1,13.5,35.4,3.9,9.6,18.5,41.6,49.0,51.0,61.9,38.1,52.9,47.1
2019-20,pre-season,-,1,0,1,48.0,50.6,49.4,44.9,18.0,50.6,4.5,4.5,0.0,27.0,60.0,40.0,93.3,6.7,74.3,25.7
2019-20,pre-season,-,2,0,2,48.0,71.2,28.8,51.9,2.5,22.8,13.3,25.3,12.0,49.4,68.3,31.7,83.3,16.7,71.7,28.3
2019-20,regular-season,MIL,73,56,17,48.2,57.2,42.8,49.7,8.2,34.9,15.1,15.4,14.0,41.5,49.8,50.2,81.1,18.9,59.8,40.2
2019-20,regular-season,TOR,72,53,19,48.3,57.9,42.1,46.9,5.4,36.8,16.7,16.4,17.3,41.5,53.0,47.0,81.1,18.9,62.7,37.3
2019-20,regular-season,LAL,71,52,19,48.1,64.2,35.8,55.2,8.7,29.1,16.2,15.6,16.7,46.5,51.8,48.2,83.1,16.9,60.0,40.0
2019-20,regular-season,LAC,72,49,23,48.3,62.5,37.5,50.1,9.0,32.1,11.8,17.9,15.4,41.0,46.5,53.5,81.8,18.2,57.1,42.9
2019-20,regular-season,BOS,72,48,24,48.4,61.4,38.6,50.5,8.5,33.2,13.4,16.3,15.5,42.0,49.1,50.9,70.7,29.3,55.7,44.3
2019-20,regular-season,DEN,73,46,27,48.6,65.6,34.4,55.8,11.1,29.6,10.6,14.6,14.9,44.7,56.0,44.0,85.3,14.7,63.6,36.4
2019-20,regular-season,IND,73,45,28,48.3,68.3,31.7,58.4,13.3,27.9,11.7,13.7,15.8,45.1,53.3,46.7,86.7,13.3,61.4,38.6
2019-20,regular-season,HOU,72,44,28,48.3,49.9,50.1,42.7,3.7,39.8,12.4,17.5,16.1,38.9,43.0,57.0,69.2,30.8,53.0,47.0
2019-20,regular-season,MIA,73,44,29,48.6,58.1,41.9,46.5,7.3,35.9,10.1,17.6,14.5,39.1,55.8,44.2,84.9,15.1,65.7,34.3
2019-20,regular-season,OKC,72,44,28,48.4,64.7,35.3,53.1,11.7,29.1,8.6,17.9,15.3,41.4,45.7,54.3,77.8,22.2,54.3,45.7
2019-20,regular-season,UTA,72,44,28,48.2,58.6,41.4,48.0,5.7,36.1,9.4,15.9,12.8,42.3,45.2,54.8,77.5,22.5,56.0,44.0
2019-20,regular-season,DAL,75,43,32,48.5,54.3,45.7,45.3,7.0,38.8,10.0,15.9,12.4,38.3,48.3,51.7,78.3,21.7,59.2,40.8
2019-20,regular-season,PHI,73,43,30,48.2,64.0,36.0,53.2,10.3,31.5,12.2,15.3,14.4,42.9,51.6,48.4,91.3,8.7,62.8,37.2
2019-20,regular-season,BKN,72,35,37,48.6,57.7,42.3,48.9,4.5,35.1,11.7,16.0,13.2,44.3,51.8,48.2,78.9,21.1,60.6,39.4
2019-20,regular-season,POR,74,35,39,48.2,62.6,37.4,51.0,12.2,33.6,11.4,15.4,12.4,38.8,40.9,59.1,66.9,33.1,48.8,51.2
2019-20,regular-season,MEM,73,34,39,48.1,65.4,34.6,56.1,6.5,29.1,15.2,14.7,15.2,49.6,54.7,45.3,88.0,12.0,63.3,36.7
2019-20,regular-season,PHX,73,34,39,48.2,63.9,36.1,52.4,10.4,30.1,12.9,17.5,16.2,42.0,57.4,42.6,88.9,11.1,66.1,33.9
2019-20,regular-season,ORL,73,33,40,48.1,63.6,36.4,52.7,10.4,30.9,11.1,16.4,15.9,42.3,51.1,48.9,85.9,14.1,60.8,39.2
2019-20,regular-season,SAS,71,32,39,48.5,68.2,31.8,55.2,17.0,28.2,11.7,16.6,13.8,38.2,48.1,51.9,88.8,11.2,58.5,41.5
2019-20,regular-season,SAC,72,31,41,48.5,60.5,39.5,51.2,8.5,34.6,11.6,14.2,15.8,42.7,47.1,52.9,82.8,17.2,58.2,41.8
2019-20,regular-season,NOP,72,30,42,48.4,59.7,40.3,49.9,6.9,35.3,14.3,14.7,14.4,43.0,51.6,48.4,87.4,12.6,63.0,37.0
2019-20,regular-season,WAS,72,25,47,48.2,64.2,35.8,51.6,11.7,31.5,11.7,16.9,16.2,39.9,50.9,49.1,83.2,16.8,60.2,39.8
2019-20,regular-season,CHA,65,23,42,48.5,60.1,39.9,49.1,3.9,35.2,11.3,15.7,15.7,45.2,56.0,44.0,80.3,19.7,63.9,36.1
2019-20,regular-season,CHI,65,22,43,48.2,60.4,39.6,51.3,5.0,34.3,13.9,14.5,19.8,46.3,48.7,51.3,81.2,18.8,58.7,41.3
2019-20,regular-season,NYK,66,21,45,48.4,68.2,31.8,57.5,11.5,27.1,8.9,15.4,14.9,45.9,45.1,54.9,87.2,12.8,55.2,44.8
2019-20,regular-season,ATL,67,20,47,48.6,60.2,39.8,51.2,6.1,32.3,11.5,16.5,15.0,45.1,52.5,47.5,74.3,25.7,58.9,41.1
2019-20,regular-season,DET,66,20,46,48.4,61.9,38.1,51.0,6.0,33.5,10.2,15.5,14.8,45.0,49.9,50.1,87.1,12.9,61.2,38.8
2019-20,regular-season,CLE,65,19,46,48.4,63.8,36.2,54.5,8.4,31.4,9.9,14.1,13.4,46.1,47.2,52.8,83.5,16.5,57.3,42.7
2019-20,regular-season,MIN,64,19,45,48.6,56.7,43.3,47.8,4.4,35.3,9.9,16.9,14.7,43.4,49.0,51.0,79.1,20.9,59.0,41.0
2019-20,regular-season,GSW,65,15,50,48.4,64.5,35.5,53.0,11.8,29.4,12.9,17.6,16.0,41.2,59.7,40.3,84.1,15.9,66.3,33.7
2019-20,playoffs,LAL,21,16,5,48.0,59.3,40.7,51.3,9.1,32.2,13.4,16.5,15.6,42.2,53.3,46.7,84.3,15.7,62.4,37.6
2019-20,playoffs,MIA,21,14,7,48.5,56.7,43.3,45.4,8.6,34.8,8.2,19.8,14.6,36.8,53.6,46.4,90.3,9.7,66.0,34.0
2019-20,playoffs,BOS,17,10,7,48.9,57.1,42.9,47.9,9.1,34.1,11.7,18.1,13.9,38.7,50.1,49.9,76.8,23.2,58.7,41.3
2019-20,playoffs,DEN,19,9,10,48.3,60.8,39.2,49.5,12.9,34.2,8.6,16.3,14.3,36.6,48.9,51.1,77.7,22.3,58.0,42.0
2019-20,playoffs,LAC,13,7,6,48.4,62.0,38.0,50.6,10.5,31.8,11.5,17.6,13.0,40.1,37.3,62.7,86.0,14.0,51.7,48.3
2019-20,playoffs,TOR,11,7,4,48.9,54.5,45.5,44.7,8.0,40.1,12.8,15.1,14.3,36.7,52.0,48.0,82.6,17.4,63.5,36.5
2019-20,playoffs,HOU,12,5,7,48.4,45.5,54.5,38.1,3.4,47.1,7.8,14.8,18.0,34.7,38.2,61.8,79.8,20.2,57.0,43.0
2019-20,playoffs,MIL,10,5,5,48.5,57.4,42.6,48.2,10.3,35.9,9.3,15.8,14.9,38.0,49.6,50.4,82.7,17.3,60.6,39.4
2019-20,playoffs,OKC,7,3,4,48.7,57.2,42.8,47.5,12.9,34.6,5.8,17.9,11.1,34.6,35.8,64.2,75.0,25.0,48.6,51.4
2019-20,playoffs,UTA,7,3,4,48.7,54.5,45.5,42.6,3.3,41.6,7.4,15.9,13.2,39.3,44.4,55.6,68.2,31.8,53.8,46.2
2019-20,playoffs,DAL,6,2,4,48.8,57.9,42.1,49.0,10.8,34.6,6.4,16.4,11.0,38.2,39.0,61.0,76.5,23.5,51.0,49.0
2019-20,playoffs,ORL,5,1,4,48.0,55.1,44.9,41.5,15.7,42.1,9.0,16.4,16.6,25.8,51.4,48.6,82.7,17.3,64.0,36.0
2019-20,playoffs,POR,5,1,4,48.0,65.3,34.7,48.8,12.8,32.6,10.9,18.6,15.6,36.0,38.5,61.5,67.2,32.8,47.3,52.7
2019-20,playoffs,BKN,4,0,4,48.0,49.6,50.4,39.2,9.0,44.0,14.9,16.8,11.8,30.3,61.4,38.6,83.9,16.1,71.0,29.0
2019-20,playoffs,IND,4,0,4,48.0,60.1,39.9,48.6,10.9,35.7,12.9,15.6,16.4,37.7,54.1,45.9,77.1,22.9,61.6,38.4
2019-20,playoffs,PHI,4,0,4,48.0,64.0,36.0,50.2,12.9,23.9,4.7,25.9,12.7,37.3,42.6,57.4,84.4,15.6,52.6,47.4
2019-20,all-star,-,1,1,0,48.0,42.6,57.4,47.1,5.1,45.9,13.4,7.0,11.5,42.0,67.6,32.4,58.3,41.7,63.9,36.1
2019-20,all-star,-,1,0,1,48.0,67.5,32.5,71.0,1.3,21.3,18.7,7.7,15.5,69.7,60.0,40.0,45.5,54.5,57.6,42.4
2019-20,play-in,POR,1,1,0,48.0,52.4,47.6,36.5,14.3,35.7,4.8,27.8,19.0,22.2,56.5,43.5,46.7,53.3,52.6,47.4
2019-20,play-in,MEM,1,0,1,48.0,72.8,27.2,50.8,4.9,34.4,7.4,14.8,12.3,45.9,64.5,35.5,71.4,28.6,66.7,33.3
2019-20,ist,TOR,1,1,0,53.0,61.2,38.8,43.1,0.0,32.3,15.4,24.6,16.9,43.1,35.7,64.3,92.9,7.1,54.8,45.2
2019-20,ist,NOP,1,0,1,53.0,55.9,44.1,39.3,8.2,46.7,10.7,13.9,16.4,31.1,58.3,41.7,84.2,15.8,69.8,30.2
2020-21,pre-season,LAL,4,4,0,48.0,68.9,31.1,47.3,10.8,34.5,9.2,18.2,20.0,36.5,47.6,52.4,74.5,25.5,56.4,43.6
2020-21,pre-season,CHI,4,3,1,48.0,59.9,40.1,53.5,11.4,32.3,9.2,14.2,15.1,42.1,49.6,50.4,87.2,12.8,60.4,39.6
2020-21,pre-season,HOU,4,3,1,48.0,49.5,50.5,41.2,5.3,44.7,8.8,14.0,19.1,36.0,37.2,62.8,79.4,20.6,54.9,45.1
2020-21,pre-season,MEM,4,3,1,48.0,53.5,46.5,44.7,3.8,38.0,15.8,17.3,18.4,40.9,56.6,43.4,88.3,11.7,68.1,31.9
2020-21,pre-season,NYK,4,3,1,48.0,63.5,36.5,56.0,8.0,27.0,12.3,17.0,24.3,48.0,58.0,42.0,88.9,11.1,65.5,34.5
2020-21,pre-season,UTA,3,3,0,48.0,46.8,53.2,36.6,4.5,44.8,10.1,18.6,16.1,32.1,44.6,55.4,90.6,9.4,65.3,34.7
2020-21,pre-season,ATL,4,2,2,48.0,56.5,43.5,41.2,7.1,33.9,11.5,24.8,16.6,34.1,59.1,40.9,80.4,19.6,66.7,33.3
2020-21,pre-season,BKN,2,2,0,48.0,59.9,40.1,39.7,10.3,38.8,20.3,21.6,20.7,29.3,54.3,45.7,80.0,20.0,64.5,35.5
2020-21,pre-season,CLE,4,2,2,48.0,61.8,38.2,46.6,6.0,34.6,9.3,18.8,19.5,40.6,52.7,47.3,82.6,17.4,62.6,37.4
2020-21,pre-season,DAL,3,2,1,49.7,54.6,45.4,37.1,4.9,48.2,7.4,14.7,15.8,32.2,44.1,55.9,79.7,20.3,60.6,39.4
2020-21,pre-season,DEN,3,2,1,48.0,58.0,42.0,47.8,6.7,36.7,9.2,15.6,15.8,41.1,57.0,43.0,90.9,9.1,68.5,31.5
2020-21,pre-season,DET,4,2,2,48.0,53.4,46.6,44.1,8.0,39.1,7.7,16.8,20.7,36.2,45.8,54.2,81.6,18.4,59.1,40.9
2020-21,pre-season,GSW,3,2,1,48.0,53.0,47.0,42.6,8.4,39.6,14.1,17.7,19.5,34.2,52.1,47.9,81.8,18.2,63.5,36.5
2020-21,pre-season,NOP,2,2,0,48.0,58.5,41.5,48.1,9.1,29.9,10.4,22.0,17.0,39.0,43.1,56.9,83.3,16.7,54.9,45.1
2020-21,pre-season,ORL,4,2,2,48.0,60.1,39.9,52.0,12.7,34.1,14.0,14.0,19.2,39.3,43.7,56.3,88.5,11.5,57.3,42.7
2020-21,pre-season,PHI,2,2,0,48.0,62.5,37.5,56.1,15.4,24.4,11.3,19.5,15.8,40.7,48.4,51.6,88.9,11.1,57.5,42.5
2020-21,pre-season,SAC,4,2,2,48.0,53.4,46.6,44.3,4.5,35.3,12.0,20.4,16.7,39.8,52.0,48.0,86.5,13.5,64.0,36.0
2020-21,pre-season,TOR,3,2,1,48.0,41.7,58.3,34.8,3.7,50.3,14.9,14.9,29.9,31.1,57.9,42.1,80.0,20.0,68.8,31.3
2020-21,pre-season,CHA,4,1,3,48.0,58.4,41.6,44.1,5.3,38.8,12.5,17.1,20.3,38.8,60.6,39.4,86.2,13.8,70.1,29.9
2020-21,pre-season,MIA,2,1,1,48.0,46.5,53.5,40.2,4.8,45.9,6.7,13.9,14.8,35.4,57.1,42.9,100,0.0,75.7,24.3
2020-21,pre-season,MIN,3,1,2,49.7,59.0,41.0,45.6,7.1,33.7,11.8,20.7,13.0,38.5,49.4,50.6,68.4,31.6,55.7,44.3
2020-21,pre-season,OKC,3,1,2,48.0,61.5,38.5,44.6,7.3,40.4,7.3,15.0,14.4,37.3,37.0,63.0,84.1,15.9,54.7,45.3
2020-21,pre-season,POR,4,1,3,48.0,64.5,35.5,49.5,12.7,34.0,11.1,16.5,18.9,36.8,43.8,56.2,66.7,33.3,51.0,49.0
2020-21,pre-season,WAS,3,1,2,48.0,56.4,43.6,50.2,12.0,36.1,8.0,13.7,20.7,38.1,48.0,52.0,88.9,11.1,61.3,38.7
2020-21,pre-season,BOS,2,0,2,48.0,52.0,48.0,52.1,12.8,30.3,9.6,17.6,22.9,39.4,46.9,53.1,73.7,26.3,54.4,45.6
2020-21,pre-season,IND,3,0,3,48.0,54.3,45.7,44.8,1.3,40.7,12.6,14.5,28.4,43.5,53.5,46.5,76.7,23.3,62.3,37.7
2020-21,pre-season,LAC,3,0,3,48.0,58.6,41.4,46.6,12.3,37.0,11.6,16.4,11.6,34.2,45.6,54.4,94.4,5.6,62.5,37.5
2020-21,pre-season,MIL,3,0,3,48.0,58.9,41.1,53.8,8.6,28.4,15.3,17.7,9.2,45.3,56.8,43.2,77.4,22.6,62.2,37.8
2020-21,pre-season,PHX,4,0,4,48.0,59.4,40.6,49.9,14.9,35.3,13.4,14.9,18.7,35.0,44.2,55.8,89.8,10.2,58.8,41.2
2020-21,pre-season,SAS,3,0,3,48.0,62.6,37.4,50.0,13.5,30.8,8.7,19.2,17.9,36.5,43.6,56.4,90.6,9.4,57.3,42.7
2020-21,regular-season,UTA,72,52,20,48.2,51.2,48.8,42.1,4.2,43.1,10.2,14.7,12.1,38.0,44.4,55.6,76.3,23.7,57.3,42.7
2020-21,regular-season,PHX,72,51,21,48.6,60.8,39.2,52.5,13.2,34.0,11.3,13.5,13.9,39.3,52.4,47.6,84.9,15.1,62.2,37.8
2020-21,regular-season,PHI,72,49,23,48.4,65.3,34.7,53.0,11.4,29.7,13.4,17.2,15.9,41.6,45.2,54.8,89.4,10.6,57.2,42.8
2020-21,regular-season,BKN,72,48,24,48.3,58.7,41.3,48.9,7.4,35.8,12.1,15.3,13.3,41.5,53.6,46.4,79.5,20.5,62.1,37.9
2020-21,regular-season,DEN,72,47,25,48.6,61.7,38.3,52.8,9.6,33.6,10.8,13.6,15.6,43.2,52.3,47.7,85.1,14.9,62.1,37.9
2020-21,regular-season,LAC,72,47,25,48.0,60.0,40.0,48.3,11.3,37.5,9.1,14.2,14.0,37.0,45.4,54.6,83.4,16.6,58.4,41.6
2020-21,regular-season,MIL,72,46,26,48.1,59.6,40.4,50.5,9.9,36.0,12.1,13.5,13.6,40.6,46.8,53.2,78.2,21.8,56.9,43.1
2020-21,regular-season,DAL,72,42,30,48.1,56.4,43.6,48.5,9.2,36.8,10.1,14.6,12.9,39.3,44.5,55.5,77.8,22.2,55.7,44.3
2020-21,regular-season,LAL,72,42,30,48.5,63.7,36.3,54.0,8.4,30.3,12.1,15.7,15.9,45.6,50.6,49.4,87.7,12.3,60.7,39.3
2020-21,regular-season,POR,72,42,30,48.1,55.2,44.8,44.0,10.2,40.6,10.0,15.3,12.9,33.9,40.5,59.5,69.3,30.7,51.5,48.5
2020-21,regular-season,ATL,72,41,31,48.3,61.8,38.2,49.9,7.8,32.8,8.8,17.3,12.9,42.0,50.4,49.6,79.1,20.9,59.1,40.9
2020-21,regular-season,NYK,72,41,31,48.4,65.3,34.7,51.7,10.6,33.0,8.3,15.3,14.1,41.1,41.6,58.4,84.2,15.8,54.3,45.7
2020-21,regular-season,MIA,72,40,32,48.3,56.8,43.2,48.6,7.6,35.9,11.0,15.4,16.4,41.1,56.2,43.8,89.3,10.7,67.1,32.9
2020-21,regular-season,GSW,72,39,33,48.1,56.1,43.9,47.0,7.1,38.4,12.7,14.6,15.3,39.9,59.5,40.5,80.6,19.4,67.0,33.0
2020-21,regular-season,MEM,72,38,34,48.3,65.8,34.2,56.0,6.7,29.5,15.3,14.5,16.3,49.3,54.3,45.7,87.2,12.8,62.8,37.2
2020-21,regular-season,BOS,72,36,36,48.3,59.1,40.9,49.5,8.4,36.2,10.5,14.3,15.8,41.1,47.8,52.2,74.6,25.4,56.6,43.4
2020-21,regular-season,IND,72,34,38,48.5,62.8,37.2,53.6,6.8,32.1,14.4,14.2,15.6,46.8,53.5,46.5,88.0,12.0,63.3,36.7
2020-21,regular-season,WAS,72,34,38,48.3,68.1,31.9,56.6,11.3,26.2,9.6,17.3,15.4,45.2,50.1,49.9,88.0,12.0,59.0,41.0
2020-21,regular-season,CHA,72,33,39,48.2,57.8,42.2,48.0,6.0,37.5,12.4,14.5,16.2,42.0,58.9,41.1,83.1,16.9,67.2,32.8
2020-21,regular-season,SAS,72,33,39,48.6,68.6,31.4,57.5,14.4,26.9,10.6,15.7,14.2,43.0,49.2,50.8,87.7,12.3,58.4,41.6
2020-21,regular-season,CHI,72,31,41,48.3,61.7,38.3,53.5,8.9,34.0,10.4,12.5,13.1,44.6,54.9,45.1,83.8,16.2,63.5,36.5
2020-21,regular-season,NOP,72,31,41,48.4,65.8,34.2,55.7,8.2,27.7,12.3,16.6,13.3,47.5,52.6,47.4,87.1,12.9,61.2,38.8
2020-21,regular-season,SAC,72,31,41,48.1,62.4,37.6,53.6,6.7,32.0,12.4,14.4,14.4,46.9,51.6,48.4,80.5,19.5,59.9,40.1
2020-21,regular-season,TOR,72,27,45,48.1,55.6,44.4,45.4,6.2,39.0,12.3,15.6,16.7,39.2,48.3,51.7,82.2,17.8,60.7,39.3
2020-21,regular-season,MIN,72,23,49,48.3,58.7,41.3,49.3,5.3,35.1,10.8,15.7,16.5,44.0,53.2,46.8,83.5,16.5,63.0,37.0
2020-21,regular-season,CLE,72,22,50,48.4,65.3,34.7,55.1,5.9,28.9,10.9,16.1,15.7,49.1,54.0,46.0,84.0,16.0,61.8,38.2
2020-21,regular-season,OKC,72,22,50,48.2,60.1,39.9,51.3,5.8,34.0,8.8,14.7,13.6,45.4,45.5,54.5,82.4,17.6,56.8,43.2
2020-21,regular-season,ORL,72,21,51,48.1,64.4,35.6,52.6,12.6,31.4,9.9,16.0,12.9,40.0,46.9,53.1,82.7,17.3,57.0,43.0
2020-21,regular-season,DET,72,20,52,48.4,61.5,38.5,50.8,6.4,32.5,10.0,16.6,15.5,44.5,50.9,49.1,90.1,9.9,62.6,37.4
2020-21,regular-season,HOU,72,17,55,48.1,54.1,45.9,46.8,3.9,38.0,10.2,15.2,16.6,42.9,48.6,51.4,81.4,18.6,60.1,39.9
2020-21,playoffs,MIL,23,16,7,48.4,61.6,38.4,56.0,10.2,30.5,12.9,13.5,12.8,45.7,46.1,53.9,76.7,23.3,54.2,45.8
2020-21,playoffs,PHX,22,14,8,48.0,65.0,35.0,54.5,14.6,30.8,9.6,14.7,14.0,39.9,47.9,52.1,80.5,19.5,56.8,43.2
2020-21,playoffs,ATL,18,10,8,48.0,60.6,39.4,51.2,12.8,33.1,9.0,15.7,13.7,38.5,43.9,56.1,70.6,29.4,51.9,48.1
2020-21,playoffs,LAC,19,10,9,48.0,55.6,44.4,45.3,10.4,37.2,9.0,17.5,13.1,34.9,37.9,62.1,81.0,19.0,53.2,46.8
2020-21,playoffs,BKN,12,7,5,48.4,58.7,41.3,48.1,12.4,36.2,7.9,15.6,14.7,35.7,48.0,52.0,70.6,29.4,55.5,44.5
2020-21,playoffs,PHI,12,7,5,48.0,66.9,33.1,53.9,11.5,28.8,12.3,17.3,12.5,42.4,48.1,51.9,88.1,11.9,58.6,41.4
2020-21,playoffs,UTA,11,6,5,48.0,48.2,51.8,37.2,3.4,46.2,7.2,16.6,11.3,33.7,38.9,61.1,62.1,37.9,49.4,50.6
2020-21,playoffs,DEN,10,4,6,49.0,58.2,41.8,47.7,8.5,38.4,9.5,13.9,10.1,39.2,45.3,54.7,85.0,15.0,59.1,40.9
2020-21,playoffs,DAL,7,3,4,48.0,59.3,40.7,48.2,9.2,38.4,5.1,13.3,10.6,39.1,46.9,53.1,64.2,35.8,52.9,47.1
2020-21,playoffs,LAL,6,2,4,48.0,60.4,39.6,50.3,4.4,30.3,12.5,19.5,14.0,45.8,48.3,51.7,76.3,23.7,56.3,43.7
2020-21,playoffs,POR,6,2,4,49.7,55.7,44.3,43.2,8.4,40.6,9.1,16.2,12.1,34.9,48.4,51.6,63.9,36.1,54.4,45.6
2020-21,playoffs,BOS,5,1,4,48.0,58.5,41.5,45.6,10.0,34.2,10.2,20.1,12.8,35.7,46.9,53.1,70.3,29.7,54.7,45.3
2020-21,playoffs,MEM,5,1,4,48.0,66.5,33.5,58.8,7.7,27.1,13.0,14.1,15.1,51.1,39.1,60.9,84.6,15.4,49.8,50.2
2020-21,playoffs,NYK,5,1,4,48.0,64.8,35.2,49.5,9.5,32.2,6.2,18.4,10.3,40.0,46.7,53.3,71.2,28.8,54.1,45.9
2020-21,playoffs,WAS,5,1,4,48.0,72.7,27.3,61.1,14.9,19.1,12.9,19.8,10.9,46.2,48.2,51.8,88.6,11.4,55.2,44.8
2020-21,playoffs,MIA,4,0,4,49.3,59.9,40.1,47.4,9.7,36.7,8.9,15.8,16.1,37.8,50.5,49.5,81.3,18.8,61.0,39.0
2020-21,all-star,-,1,1,0,48.0,43.0,57.0,43.5,1.2,54.7,8.2,1.8,12.9,42.4,75.7,24.3,58.1,41.9,67.6,32.4
2020-21,all-star,-,1,0,1,48.0,36.8,63.2,44.0,1.3,54.0,12.7,2.0,16.7,42.7,78.8,21.2,77.8,22.2,78.3,21.7
2020-21,play-in,MEM,2,2,0,50.5,69.7,30.3,53.5,9.2,30.4,14.7,16.1,15.7,44.2,34.5,65.5,90.9,9.1,50.0,50.0
2020-21,play-in,BOS,1,1,0,48.0,53.1,46.9,39.0,6.8,38.1,9.3,22.9,16.9,32.2,43.5,56.5,66.7,33.3,52.6,47.4
2020-21,play-in,IND,2,1,1,48.0,62.9,37.1,52.5,8.5,35.9,11.6,11.6,12.4,44.0,54.4,45.6,90.3,9.7,65.7,34.3
2020-21,play-in,LAL,1,1,0,48.0,65.9,34.1,52.4,5.8,29.1,13.6,18.4,28.2,46.6,66.7,33.3,90.0,10.0,73.0,27.0
2020-21,play-in,WAS,2,1,1,48.0,73.5,26.5,63.6,10.7,21.1,12.4,15.3,11.6,52.9,48.1,51.9,82.4,17.6,54.3,45.7
2020-21,play-in,CHA,1,0,1,48.0,57.4,42.6,53.0,5.1,30.8,27.4,16.2,22.2,47.9,58.1,41.9,66.7,33.3,60.5,39.5
2020-21,play-in,GSW,2,0,2,50.5,61.6,38.4,49.1,7.5,38.2,11.8,12.7,14.2,41.5,53.8,46.2,77.8,22.2,62.0,38.0
2020-21,play-in,SAS,1,0,1,48.0,77.3,22.7,54.2,14.6,25.0,2.1,20.8,8.3,39.6,46.2,53.8,100,0.0,58.8,41.2
2021-22,pre-season,GSW,5,5,0,48.0,44.5,55.5,40.7,6.8,46.8,14.4,12.5,18.8,33.9,56.7,43.3,88.0,12.0,70.3,29.7
2021-22,pre-season,MIA,6,5,1,48.0,58.1,41.9,47.9,8.7,37.5,8.1,14.6,16.9,39.2,44.7,55.3,84.3,15.7,58.3,41.7
2021-22,pre-season,CHI,4,4,0,48.0,67.4,32.6,56.4,14.8,29.2,12.9,14.4,21.0,41.5,54.1,45.9,87.0,13.0,62.6,37.4
2021-22,pre-season,DAL,4,4,0,48.0,60.7,39.3,54.4,7.2,31.6,17.3,13.9,19.4,47.3,60.5,39.5,82.0,18.0,66.5,33.5
2021-22,pre-season,NYK,4,4,0,48.0,56.4,43.6,44.7,11.6,40.6,9.7,14.6,9.9,33.1,51.9,48.1,81.0,19.0,62.9,37.1
2021-22,pre-season,SAC,4,4,0,48.0,51.9,48.1,45.0,3.5,42.4,18.5,12.6,19.6,41.5,48.0,52.0,68.8,31.3,56.0,44.0
2021-22,pre-season,BKN,4,3,1,48.0,59.5,40.5,47.7,10.2,36.4,12.4,15.9,17.7,37.5,40.7,59.3,81.8,18.2,54.6,45.4
2021-22,pre-season,MEM,6,3,3,48.0,57.1,42.9,52.1,4.7,36.0,19.5,11.9,17.2,47.4,46.1,53.9,84.4,15.6,58.2,41.8
2021-22,pre-season,MIN,4,3,1,49.3,57.1,42.9,53.5,4.8,32.0,19.3,14.6,26.5,48.7,56.1,43.9,79.6,20.4,62.8,37.2
2021-22,pre-season,PHX,4,3,1,48.0,64.1,35.9,56.3,9.5,30.3,11.6,13.3,22.6,46.9,55.0,45.0,83.0,17.0,62.4,37.6
2021-22,pre-season,SAS,5,3,2,48.0,61.8,38.2,54.0,11.3,34.5,11.7,11.5,15.7,42.7,49.3,50.7,87.3,12.7,60.7,39.3
2021-22,pre-season,TOR,5,3,2,48.0,58.8,41.2,49.4,8.1,38.1,16.8,12.5,24.5,41.3,51.4,48.6,76.4,23.6,59.9,40.1
2021-22,pre-season,ATL,4,2,2,48.0,61.0,39.0,48.9,13.1,37.0,10.7,14.0,17.2,35.8,57.4,42.6,84.3,15.7,66.4,33.6
2021-22,pre-season,BOS,4,2,2,48.0,53.5,46.5,42.1,10.7,42.1,13.3,15.7,17.4,31.5,43.7,56.3,91.4,8.6,62.8,37.2
2021-22,pre-season,CLE,5,2,3,48.0,63.0,37.0,51.9,8.3,31.5,11.3,16.6,17.0,43.6,55.0,45.0,90.6,9.4,65.2,34.8
2021-22,pre-season,DET,4,2,2,48.0,62.5,37.5,54.4,6.2,27.9,8.8,17.7,12.4,48.2,48.2,51.8,89.7,10.3,58.8,41.2
2021-22,pre-season,IND,4,2,2,48.0,57.7,42.3,54.3,10.1,33.2,12.0,12.5,14.9,44.2,52.2,47.8,89.1,10.9,62.9,37.1
2021-22,pre-season,PHI,4,2,2,48.0,62.3,37.7,52.3,5.3,33.6,14.1,14.1,22.6,47.0,42.0,58.0,82.4,17.6,54.1,45.9
2021-22,pre-season,UTA,4,2,2,48.0,51.8,48.2,46.2,5.0,42.6,11.9,11.2,14.6,41.2,46.5,53.5,75.8,24.2,57.7,42.3
2021-22,pre-season,CHA,4,1,3,48.0,63.7,36.3,58.4,6.4,27.3,12.3,14.2,19.0,52.0,49.5,50.5,91.2,8.8,59.4,40.6
2021-22,pre-season,DEN,5,1,4,50.0,49.3,50.7,42.4,5.9,43.2,14.9,14.4,14.0,36.5,46.1,53.9,91.0,9.0,64.2,35.8
2021-22,pre-season,HOU,4,1,3,48.0,60.5,39.5,50.4,4.3,29.2,11.4,20.4,14.7,46.1,50.9,49.1,73.2,26.8,57.1,42.9
2021-22,pre-season,LAC,4,1,3,48.0,64.2,35.8,53.5,8.7,28.9,10.1,17.6,13.0,44.8,63.1,36.9,80.0,20.0,67.5,32.5
2021-22,pre-season,MIL,5,1,4,48.0,59.2,40.8,50.6,12.1,39.1,11.2,10.3,14.1,38.5,46.4,53.6,67.6,32.4,53.6,46.4
2021-22,pre-season,NOP,4,1,3,48.0,62.7,37.3,49.6,8.0,36.1,11.5,14.3,17.8,41.6,47.5,52.5,85.4,14.6,59.9,40.1
2021-22,pre-season,OKC,4,1,3,49.3,49.4,50.6,43.6,5.2,44.1,6.6,12.3,16.8,38.4,42.4,57.6,88.7,11.3,61.0,39.0
2021-22,pre-season,ORL,4,1,3,48.0,60.7,39.3,49.2,8.8,38.1,14.8,12.7,17.9,40.4,45.3,54.7,85.7,14.3,59.0,41.0
2021-22,pre-season,LAL,6,0,6,48.0,60.9,39.1,49.0,8.1,33.8,13.4,17.2,16.6,40.9,51.3,48.7,78.6,21.4,59.9,40.1
2021-22,pre-season,POR,4,0,4,48.0,55.8,44.2,51.2,7.5,30.7,9.2,18.1,16.2,43.7,45.3,54.7,73.7,26.3,53.4,46.6
2021-22,pre-season,WAS,4,0,4,48.0,56.5,43.5,46.5,8.2,33.5,10.3,20.0,10.5,38.3,46.1,53.9,83.7,16.3,58.3,41.7
2021-22,regular-season,PHX,82,64,18,48.1,64.6,35.4,55.9,12.5,30.3,10.9,13.8,15.7,43.3,55.2,44.8,83.2,16.8,62.7,37.3
2021-22,regular-season,MEM,82,56,26,48.2,65.4,34.6,55.4,5.6,29.9,15.3,14.7,15.8,49.8,50.4,49.6,85.4,14.6,59.7,40.3
2021-22,regular-season,GSW,82,53,29,48.1,54.4,45.6,47.2,6.9,38.8,12.4,14.1,15.9,40.2,59.5,40.5,80.4,19.6,66.9,33.1
2021-22,regular-season,MIA,82,53,29,48.4,57.8,42.2,47.3,8.2,37.0,9.9,15.7,15.7,39.1,53.7,46.3,84.9,15.1,64.4,35.6
2021-22,regular-season,DAL,82,52,30,48.2,56.1,43.9,48.5,8.8,36.3,9.3,15.1,13.8,39.7,50.2,49.8,78.3,21.7,59.5,40.5
2021-22,regular-season,BOS,82,51,31,48.5,57.5,42.5,49.2,7.6,35.5,9.9,15.2,14.6,41.6,51.2,48.8,81.3,18.7,60.9,39.1
2021-22,regular-season,MIL,82,51,31,48.2,57.0,43.0,48.1,9.1,36.5,11.4,15.4,13.0,38.9,46.1,53.9,78.9,21.1,57.2,42.8
2021-22,regular-season,PHI,82,51,31,48.3,62.4,37.6,50.6,9.7,31.6,11.1,17.8,14.3,40.9,50.5,49.5,83.5,16.5,60.2,39.8
2021-22,regular-season,UTA,82,49,33,48.1,53.2,46.8,45.8,3.7,38.4,8.9,15.8,13.0,42.1,45.4,54.6,72.7,27.3,55.2,44.8
2021-22,regular-season,DEN,82,48,34,48.3,58.4,41.6,51.4,7.7,33.7,12.0,14.8,13.8,43.7,58.4,41.6,85.7,14.3,66.7,33.3
2021-22,regular-season,TOR,82,48,34,48.4,62.5,37.5,52.5,9.4,32.7,14.5,14.8,17.3,43.1,43.4,56.6,80.4,19.6,54.3,45.7
2021-22,regular-season,CHI,82,46,36,48.1,66.8,33.2,55.7,14.7,28.6,11.4,15.7,14.7,41.0,47.6,52.4,85.2,14.8,57.2,42.8
2021-22,regular-season,MIN,82,46,36,48.2,54.6,45.4,46.3,5.2,38.2,13.1,15.5,17.1,41.1,51.9,48.1,79.7,20.3,61.7,38.3
2021-22,regular-season,BKN,82,44,38,48.2,64.1,35.9,54.1,13.4,30.5,12.2,15.5,13.9,40.7,54.1,45.9,76.4,23.6,60.2,39.8
2021-22,regular-season,CLE,82,44,38,48.1,61.3,38.7,52.1,7.2,32.3,10.4,15.6,14.7,44.9,55.6,44.4,82.2,17.8,63.4,36.6
2021-22,regular-season,ATL,82,43,39,48.1,61.0,39.0,50.2,10.1,33.9,8.5,15.9,13.7,40.1,52.9,47.1,73.5,26.5,59.3,40.7
2021-22,regular-season,CHA,82,43,39,48.5,58.2,41.8,50.0,5.5,36.3,14.1,13.7,16.1,44.6,55.9,44.1,85.7,14.3,65.6,34.4
2021-22,regular-season,LAC,82,42,40,48.2,60.9,39.1,50.3,10.3,35.3,10.9,14.3,14.2,40.1,50.3,49.7,80.5,19.5,59.9,40.1
2021-22,regular-season,NYK,82,37,45,48.2,57.2,42.8,46.0,6.9,37.2,10.0,16.9,14.7,39.0,46.5,53.5,79.5,20.5,58.1,41.9
2021-22,regular-season,NOP,82,36,46,48.2,63.5,36.5,54.0,9.8,29.2,13.1,16.7,15.2,44.3,53.1,46.9,87.3,12.7,62.1,37.9
2021-22,regular-season,WAS,82,35,47,48.4,64.4,35.6,55.4,10.2,29.0,9.0,15.6,12.9,45.2,53.2,46.8,86.0,14.0,61.7,38.3
2021-22,regular-season,SAS,82,34,48,48.3,65.5,34.5,56.5,9.4,29.9,12.0,13.6,14.6,47.1,55.1,44.9,91.2,8.8,64.6,35.4
2021-22,regular-season,LAL,82,33,49,48.7,61.2,38.8,52.9,9.0,32.0,13.2,15.0,14.4,43.9,47.6,52.4,82.5,17.5,57.6,42.4
2021-22,regular-season,SAC,82,30,52,48.3,62.3,37.7,52.7,8.3,31.1,10.6,16.2,14.7,44.4,49.8,50.2,80.7,19.3,58.5,41.5
2021-22,regular-season,POR,82,27,55,48.1,57.8,42.2,48.6,7.4,35.9,11.7,15.5,15.6,41.3,50.0,50.0,78.7,21.3,59.5,40.5
2021-22,regular-season,IND,82,25,57,48.5,60.5,39.5,52.5,7.9,32.7,11.9,14.7,13.0,44.6,51.0,49.0,86.0,14.0,61.2,38.8
2021-22,regular-season,OKC,82,24,58,48.3,58.1,41.9,50.6,5.4,35.0,10.3,14.5,14.4,45.2,46.6,53.4,82.8,17.2,58.0,42.0
2021-22,regular-season,DET,82,23,59,48.2,60.9,39.1,51.3,7.8,32.3,10.0,16.4,16.2,43.5,49.8,50.2,89.3,10.7,61.5,38.5
2021-22,regular-season,ORL,82,22,60,48.2,58.3,41.7,50.1,6.5,35.1,10.4,14.9,13.6,43.6,49.9,50.1,88.0,12.0,62.0,38.0
2021-22,regular-season,HOU,82,20,62,48.2,55.2,44.8,47.2,2.7,36.8,11.1,15.9,14.7,44.5,50.2,49.8,78.4,21.6,59.8,40.2
2021-22,playoffs,GSW,22,16,6,48.0,56.7,43.3,48.9,9.3,37.5,10.7,13.5,14.8,39.6,58.5,41.5,78.6,21.4,65.3,34.7
2021-22,playoffs,BOS,24,14,10,48.0,55.2,44.8,43.7,7.6,38.8,11.8,17.5,15.3,36.1,56.6,43.4,83.8,16.2,66.7,33.3
2021-22,playoffs,MIA,18,11,7,48.0,59.2,40.8,52.0,9.4,31.3,10.8,16.6,18.0,42.6,48.0,52.0,81.6,18.4,57.6,42.4
2021-22,playoffs,DAL,18,9,9,48.0,48.7,51.3,38.6,5.2,44.5,8.0,16.9,14.6,33.3,34.1,65.9,77.1,22.9,52.8,47.2
2021-22,playoffs,MIL,12,7,5,48.0,63.3,36.7,54.3,8.6,30.9,14.1,14.8,16.0,45.7,42.7,57.3,84.3,15.7,54.1,45.9
2021-22,playoffs,PHX,13,7,6,48.0,67.2,32.8,58.2,15.3,27.4,8.3,14.4,16.3,42.9,58.2,41.8,75.8,24.2,62.4,37.6
2021-22,playoffs,MEM,12,6,6,48.0,60.8,39.2,47.4,3.7,34.9,13.3,17.7,18.6,43.7,54.4,45.6,81.5,18.5,63.3,36.7
2021-22,playoffs,PHI,12,6,6,48.4,57.4,42.6,45.9,6.1,35.6,14.4,18.4,11.6,39.9,50.0,50.0,78.5,21.5,59.7,40.3
2021-22,playoffs,MIN,6,2,4,48.0,56.5,43.5,41.2,4.9,38.0,10.7,20.8,16.9,36.3,53.3,46.7,78.3,21.7,62.8,37.2
2021-22,playoffs,NOP,6,2,4,48.0,68.8,31.2,54.0,12.1,25.5,10.3,20.5,10.9,41.9,46.1,53.9,82.1,17.9,54.7,45.3
2021-22,playoffs,TOR,6,2,4,48.8,61.8,38.2,55.3,11.6,28.6,13.4,16.2,16.5,43.6,42.1,57.9,88.1,11.9,53.9,46.1
2021-22,playoffs,UTA,6,2,4,48.0,62.2,37.8,54.2,5.1,24.7,6.6,21.0,8.6,49.2,41.6,58.4,73.5,26.5,49.0,51.0
2021-22,playoffs,ATL,5,1,4,48.0,55.2,44.8,47.2,11.5,35.1,7.4,17.7,18.7,35.7,44.3,55.7,73.7,26.3,54.1,45.9
2021-22,playoffs,CHI,5,1,4,48.0,59.2,40.8,54.6,20.2,32.8,8.6,12.6,14.3,34.5,50.0,50.0,96.2,3.8,63.2,36.8
2021-22,playoffs,DEN,5,1,4,48.0,62.1,37.9,51.3,7.6,30.5,9.6,18.2,14.0,43.6,52.5,47.5,91.1,8.9,63.5,36.5
2021-22,playoffs,BKN,4,0,4,48.0,65.1,34.9,50.9,18.8,31.7,12.8,17.4,14.9,32.1,47.7,52.3,78.3,21.7,56.7,43.3
2021-22,all-star,-,1,1,0,48.0,47.9,52.1,49.1,7.4,49.7,20.2,1.2,14.1,41.7,57.5,42.5,63.0,37.0,59.7,40.3
2021-22,all-star,-,1,0,1,48.0,51.6,48.4,56.3,3.8,39.4,18.8,4.4,10.6,52.5,64.4,35.6,57.1,42.9,62.1,37.9
2021-22,play-in,ATL,2,2,0,48.0,63.8,36.2,52.7,11.7,31.4,4.2,15.9,16.7,41.0,46.0,54.0,68.0,32.0,52.3,47.7
2021-22,play-in,NOP,2,2,0,48.0,75.1,24.9,67.0,18.3,19.3,6.4,13.8,5.5,48.6,45.2,54.8,85.7,14.3,51.7,48.3
2021-22,play-in,BKN,1,1,0,48.0,66.7,33.3,62.6,19.1,23.5,12.2,13.9,20.9,43.5,66.7,33.3,100,0.0,73.3,26.7
2021-22,play-in,MIN,1,1,0,48.0,57.8,42.2,40.4,7.3,38.5,11.0,21.1,11.0,33.0,45.5,54.5,64.3,35.7,52.8,47.2
2021-22,play-in,CHA,1,0,1,48.0,54.4,45.6,40.8,1.9,37.9,10.7,21.4,7.8,38.8,47.6,52.4,92.3,7.7,64.7,35.3
2021-22,play-in,CLE,2,0,2,48.0,64.2,35.8,53.6,6.7,31.6,9.1,14.8,11.5,46.9,55.4,44.6,81.8,18.2,62.8,37.2
2021-22,play-in,LAC,2,0,2,48.0,56.4,43.6,42.9,10.7,36.6,7.3,20.5,11.7,32.2,38.6,61.4,88.0,12.0,56.5,43.5
2021-22,play-in,SAS,1,0,1,48.0,62.6,37.4,46.6,9.7,37.9,12.6,15.5,18.4,36.9,29.2,70.8,92.3,7.7,51.4,48.6
2022-23,pre-season,OKC,6,5,1,48.0,56.9,43.1,46.9,3.1,34.8,11.9,18.3,15.6,43.9,53.0,47.0,85.5,14.5,63.7,36.3
2022-23,pre-season,MIA,5,4,1,48.0,53.2,46.8,43.2,5.6,39.5,12.5,17.2,23.4,37.6,58.5,41.5,90.7,9.3,70.7,29.3
2022-23,pre-season,MIN,5,4,1,48.0,61.2,38.8,52.3,6.6,29.8,20.9,17.9,18.5,45.6,56.7,43.3,89.5,10.5,65.7,34.3
2022-23,pre-season,NOP,5,4,1,48.0,64.5,35.5,54.0,5.6,26.8,12.6,19.1,19.3,48.4,57.1,42.9,92.2,7.8,65.9,34.1
2022-23,pre-season,ORL,5,4,1,48.0,53.3,46.7,47.4,11.3,35.5,9.8,17.1,18.2,36.1,48.4,51.6,92.1,7.9,63.0,37.0
2022-23,pre-season,PHI,4,4,0,48.0,60.9,39.1,50.0,8.4,34.5,13.9,15.5,21.0,41.6,41.6,58.4,86.5,13.5,55.8,44.2
2022-23,pre-season,SAC,4,4,0,48.0,56.1,43.9,44.8,6.4,40.9,11.1,14.3,25.4,38.4,55.2,44.8,85.9,14.1,66.9,33.1
2022-23,pre-season,CHI,4,3,1,48.0,66.4,33.6,55.8,11.6,28.3,19.5,15.9,18.5,44.2,54.7,45.3,93.6,6.4,64.5,35.5
2022-23,pre-season,DEN,5,3,2,48.0,63.5,36.5,51.6,8.8,28.6,11.5,19.8,16.3,42.8,52.1,47.9,92.6,7.4,63.0,37.0
2022-23,pre-season,GSW,5,3,2,48.0,56.7,43.3,46.8,7.4,33.5,10.3,19.7,15.1,39.4,60.6,39.4,85.7,14.3,68.7,31.3
2022-23,pre-season,HOU,4,3,1,48.0,59.1,40.9,46.5,4.6,38.6,11.4,14.9,16.4,41.9,50.0,50.0,72.6,27.4,58.0,42.0
2022-23,pre-season,MEM,5,3,2,48.0,61.4,38.6,52.3,4.3,24.9,16.4,22.9,24.1,47.9,54.5,45.5,84.8,15.2,61.8,38.2
2022-23,pre-season,NYK,4,3,1,48.0,60.1,39.9,51.7,4.9,33.1,13.9,15.2,19.9,46.8,49.6,50.4,86.0,14.0,60.5,39.5
2022-23,pre-season,TOR,5,3,2,50.0,66.0,34.0,59.6,9.1,20.9,17.1,19.5,16.6,50.5,36.3,63.7,85.0,15.0,45.5,54.5
2022-23,pre-season,ATL,4,2,2,48.0,65.9,34.1,51.4,16.4,31.3,6.0,17.3,18.0,35.0,47.4,52.6,78.7,21.3,56.4,43.6
2022-23,pre-season,BOS,4,2,2,50.5,45.7,54.3,38.1,3.2,45.7,12.4,16.2,10.0,34.9,60.0,40.0,88.2,11.8,72.5,27.5
2022-23,pre-season,BKN,4,2,2,48.0,61.1,38.9,52.1,11.3,28.7,15.7,19.2,19.9,40.8,59.4,40.6,82.1,17.9,65.5,34.5
2022-23,pre-season,DAL,3,2,1,48.0,45.6,54.4,38.4,3.8,44.3,10.7,17.3,17.3,34.6,55.7,44.3,83.0,17.0,67.6,32.4
2022-23,pre-season,IND,4,2,2,48.0,63.4,36.6,56.2,6.1,26.1,18.3,17.6,19.2,50.1,55.0,45.0,92.5,7.5,63.9,36.1
2022-23,pre-season,LAC,4,2,2,48.0,57.8,42.2,41.8,7.9,36.3,13.4,22.0,20.0,33.8,57.9,42.1,87.3,12.7,68.7,31.3
2022-23,pre-season,-,2,1,1,48.0,56.4,43.6,41.4,9.5,45.3,10.3,13.4,15.1,31.9,47.9,52.1,77.1,22.9,60.2,39.8
2022-23,pre-season,CLE,4,1,3,48.0,64.0,36.0,48.8,5.2,34.1,12.6,17.1,14.7,43.6,50.5,49.5,79.2,20.8,59.6,40.4
2022-23,pre-season,LAL,6,1,5,48.0,54.7,45.3,44.8,7.8,32.4,11.9,22.9,11.9,36.9,57.7,42.3,83.3,16.7,66.0,34.0
2022-23,pre-season,PHX,4,1,3,48.0,61.3,38.7,50.4,8.0,27.2,10.4,22.3,20.6,42.5,53.5,46.5,87.8,12.2,62.6,37.4
2022-23,pre-season,POR,5,1,4,48.0,65.6,34.4,48.9,5.7,25.6,13.8,25.6,18.2,43.2,55.0,45.0,73.3,26.7,59.8,40.2
2022-23,pre-season,SAS,5,1,4,48.0,59.1,40.9,50.9,7.8,30.9,15.9,18.3,18.1,43.1,51.9,48.1,96.2,3.8,64.7,35.3
2022-23,pre-season,UTA,4,1,3,48.0,61.5,38.5,53.8,4.4,31.1,13.6,15.1,18.8,49.4,56.0,44.0,78.6,21.4,62.3,37.7
2022-23,pre-season,WAS,4,1,3,48.0,58.7,41.3,53.2,11.9,27.9,12.7,18.9,18.1,41.3,59.2,40.8,94.4,5.6,68.3,31.7
2022-23,pre-season,CHA,5,0,5,48.0,66.0,34.0,59.9,8.5,21.9,16.6,18.2,18.4,51.4,41.9,58.1,83.3,16.7,50.0,50.0
2022-23,pre-season,DET,4,0,4,48.0,49.3,50.7,41.8,2.5,39.8,12.8,18.4,17.4,39.3,49.4,50.6,88.9,11.1,64.7,35.3
2022-23,pre-season,-,3,0,3,48.0,73.9,26.1,57.8,25.9,21.7,11.4,20.5,23.6,31.9,59.2,40.8,68.4,31.6,61.1,38.9
2022-23,pre-season,MIL,5,0,5,48.0,52.9,47.1,42.3,8.0,40.6,7.4,17.1,14.1,34.3,45.9,54.1,83.1,16.9,60.4,39.6
2022-23,playoffs,DEN,20,16,4,48.3,65.1,34.9,54.6,9.0,29.7,14.0,15.6,12.3,45.7,53.4,46.6,81.8,18.2,60.9,39.1
2022-23,playoffs,MIA,23,13,10,48.2,61.2,38.8,49.8,10.0,35.4,9.9,14.8,16.5,39.7,49.2,50.8,80.6,19.4,59.3,40.7
2022-23,playoffs,BOS,20,11,9,48.3,54.8,45.2,47.9,5.5,37.7,12.7,14.5,14.0,42.3,49.1,50.9,78.3,21.7,59.1,40.9
2022-23,playoffs,LAL,16,8,8,48.3,65.3,34.7,55.1,9.8,27.0,14.2,17.9,14.1,45.3,51.7,48.3,88.3,11.7,60.7,39.3
2022-23,playoffs,PHI,11,7,4,48.5,59.6,40.4,47.9,8.7,35.6,10.9,16.5,14.7,39.2,41.1,58.9,73.9,26.1,52.0,48.0
2022-23,playoffs,GSW,13,6,7,48.0,54.6,45.4,48.6,9.3,38.4,9.7,13.1,12.9,39.3,61.9,38.1,77.1,22.9,67.2,32.8
2022-23,playoffs,NYK,11,6,5,48.0,59.8,40.2,51.4,8.4,28.6,12.2,20.0,14.9,43.1,42.0,58.0,82.9,17.1,53.1,46.9
2022-23,playoffs,PHX,11,6,5,48.0,70.3,29.7,59.1,18.5,24.6,16.0,16.3,12.6,40.6,51.5,48.5,76.7,23.3,57.0,43.0
2022-23,playoffs,SAC,7,3,4,48.0,58.4,41.6,50.8,8.3,32.0,11.8,17.2,13.6,42.5,41.6,58.4,82.4,17.6,53.7,46.3
2022-23,playoffs,ATL,6,2,4,48.0,61.2,38.8,51.8,11.2,36.3,8.9,11.9,13.5,40.6,47.2,52.8,73.8,26.2,55.7,44.3
2022-23,playoffs,MEM,6,2,4,48.8,59.6,40.4,50.3,3.5,34.4,14.8,15.3,14.6,46.8,50.6,49.4,83.3,16.7,60.9,39.1
2022-23,playoffs,CLE,5,1,4,48.0,61.0,39.0,53.5,7.6,31.8,11.7,14.6,16.1,45.9,55.6,44.4,80.0,20.0,62.5,37.5
2022-23,playoffs,LAC,5,1,4,48.0,61.9,38.1,49.5,6.2,31.7,11.4,18.9,12.5,43.3,42.0,58.0,78.7,21.3,52.9,47.1
2022-23,playoffs,MIL,5,1,4,49.0,55.5,44.5,47.8,8.1,39.4,10.3,12.8,16.0,39.7,50.7,49.3,79.5,20.5,60.9,39.1
2022-23,playoffs,MIN,5,1,4,49.0,61.0,39.0,50.5,4.2,31.9,10.2,17.6,14.2,46.3,50.4,49.6,82.1,17.9,59.8,40.2
2022-23,playoffs,BKN,4,0,4,48.0,55.3,44.7,49.2,10.8,36.5,12.7,14.3,18.1,38.4,57.1,42.9,82.2,17.8,65.4,34.6
2022-23,all-star,-,1,1,0,44.1,46.3,53.7,51.1,3.3,47.3,17.9,1.6,7.1,47.8,51.1,48.9,65.5,34.5,56.6,43.4
2022-23,all-star,-,1,0,1,44.1,54.5,45.5,70.9,3.4,29.1,15.4,0.0,11.4,67.4,59.7,40.3,70.6,29.4,62.0,38.0
2022-23,play-in,ATL,1,1,0,48.0,57.3,42.7,60.3,5.2,25.9,14.7,13.8,11.2,55.2,45.7,54.3,100,0.0,57.8,42.2
2022-23,play-in,CHI,2,1,1,48.0,67.9,32.1,63.0,19.0,22.5,11.5,14.5,14.0,44.0,50.8,49.2,80.0,20.0,56.4,43.6
2022-23,play-in,LAL,1,1,0,53.0,66.3,33.7,51.9,1.9,27.8,13.9,20.4,27.8,50.0,64.3,35.7,90.0,10.0,71.1,28.9
2022-23,play-in,MIA,2,1,1,48.0,62.1,37.9,48.3,9.7,30.4,10.1,21.3,12.1,38.6,46.0,54.0,95.2,4.8,60.6,39.4
2022-23,play-in,MIN,2,1,1,50.5,56.0,44.0,45.0,2.7,39.2,9.5,15.8,15.8,42.3,62.0,38.0,96.6,3.4,74.7,25.3
2022-23,play-in,OKC,2,1,1,48.0,57.5,42.5,45.9,5.5,33.0,9.6,21.1,16.5,40.4,48.0,52.0,83.3,16.7,59.5,40.5
2022-23,play-in,NOP,1,0,1,48.0,67.8,32.2,55.9,11.9,22.9,8.5,21.2,9.3,44.1,54.5,45.5,100,0.0,64.3,35.7
2022-23,play-in,TOR,1,0,1,48.0,64.4,35.6,51.4,13.3,31.4,7.6,17.1,16.2,38.1,55.6,44.4,72.7,27.3,60.5,39.5
2023-24,pre-season,MIN,5,5,0,48.0,56.1,43.9,46.9,3.4,40.3,11.9,12.8,16.8,43.5,61.6,38.4,89.9,10.1,71.9,28.1
2023-24,pre-season,BOS,5,4,1,48.0,50.1,49.9,44.3,5.1,40.7,13.4,15.1,18.4,39.1,44.2,55.8,82.3,17.7,58.7,41.3
2023-24,pre-season,GSW,5,4,1,47.7,56.0,44.0,45.4,9.6,37.9,8.2,16.7,14.8,35.8,56.4,43.6,82.4,17.6,65.7,34.3
2023-24,pre-season,HOU,5,4,1,48.0,62.3,37.7,52.0,7.6,27.1,12.6,20.9,20.0,44.4,56.3,43.8,84.0,16.0,63.4,36.6
2023-24,pre-season,PHX,5,4,1,49.0,63.2,36.8,48.4,7.3,31.1,11.0,20.5,19.9,41.1,55.9,44.1,87.1,12.9,65.2,34.8
2023-24,pre-season,TOR,4,4,0,48.0,58.9,41.1,49.8,2.5,30.2,20.8,20.0,20.8,47.3,59.5,40.5,100,0.0,71.2,28.8
2023-24,pre-season,ATL,5,3,2,48.0,56.3,43.7,49.7,4.8,34.5,15.6,15.8,19.1,44.9,58.2,41.8,82.3,17.7,65.8,34.2
2023-24,pre-season,DEN,5,3,2,50.0,54.5,45.5,48.1,5.7,36.9,12.8,15.0,16.6,42.4,61.5,38.5,85.5,14.5,69.6,30.4
2023-24,pre-season,MIL,5,3,2,48.0,53.9,46.1,47.4,6.3,38.3,10.6,14.3,18.1,41.1,53.9,46.1,88.4,11.6,66.0,34.0
2023-24,pre-season,ORL,4,3,1,48.0,53.2,46.8,45.9,5.6,36.9,14.6,17.2,22.3,40.4,55.6,44.4,98.1,1.9,70.4,29.6
2023-24,pre-season,SAS,5,3,2,48.0,60.1,39.9,49.2,8.4,34.8,12.5,16.0,17.6,40.8,63.6,36.4,89.4,10.6,71.8,28.2
2023-24,pre-season,UTA,5,3,2,48.0,60.6,39.4,52.5,5.3,29.8,16.1,17.7,15.1,47.2,54.1,45.9,92.9,7.1,64.7,35.3
2023-24,pre-season,WAS,4,3,1,48.0,58.0,42.0,47.5,5.5,33.7,14.0,18.9,21.2,41.9,52.7,47.3,83.0,17.0,62.4,37.6
2023-24,pre-season,BKN,4,2,2,48.0,56.5,43.5,40.7,7.0,41.3,13.8,18.1,12.9,33.7,49.5,50.5,83.6,16.4,63.3,36.7
2023-24,pre-season,DET,4,2,2,49.3,60.7,39.3,50.4,9.2,32.8,10.9,16.8,13.2,41.2,54.2,45.8,92.3,7.7,65.7,34.3
2023-24,pre-season,IND,4,2,2,49.3,52.3,47.7,47.6,7.6,36.0,17.6,16.4,17.6,40.0,61.7,38.3,96.3,3.7,73.3,26.7
2023-24,pre-season,LAC,4,2,2,48.0,67.7,32.3,60.2,9.9,23.0,20.2,16.8,15.1,50.4,48.4,51.6,87.1,12.9,56.2,43.8
2023-24,pre-season,LAL,6,2,4,46.9,58.1,41.9,48.1,9.6,36.1,12.5,15.9,18.3,38.5,51.3,48.7,76.9,23.1,59.8,40.2
2023-24,pre-season,MEM,5,2,3,49.0,51.9,48.1,47.5,5.9,37.4,11.6,15.1,15.3,41.6,53.3,46.7,86.1,13.9,64.6,35.4
2023-24,pre-season,MIA,5,2,3,48.0,60.3,39.7,53.1,11.1,31.8,12.4,15.1,14.5,42.0,50.7,49.3,84.7,15.3,60.4,39.6
2023-24,pre-season,OKC,5,2,3,48.0,57.6,42.4,47.2,4.3,34.9,12.8,17.9,18.8,42.9,56.3,43.7,90.0,10.0,67.5,32.5
2023-24,pre-season,PHI,4,2,2,48.0,55.5,44.5,44.9,5.7,42.3,15.4,12.8,22.9,39.2,54.9,45.1,76.6,23.4,63.3,36.7
2023-24,pre-season,CHA,4,1,3,48.0,63.1,36.9,58.5,7.7,23.0,17.3,18.5,14.9,50.8,48.4,51.6,96.9,3.1,58.4,41.6
2023-24,pre-season,CHI,5,1,4,50.0,65.5,34.5,54.0,11.8,32.5,11.8,13.4,19.3,42.3,52.4,47.6,89.8,10.2,63.1,36.9
2023-24,pre-season,CLE,4,1,3,48.0,51.3,48.7,45.4,3.7,39.9,15.4,14.7,19.0,41.7,60.6,39.4,89.7,10.3,71.3,28.7
2023-24,pre-season,DAL,4,1,3,48.0,52.5,47.5,43.1,5.6,42.4,15.0,14.6,18.8,37.5,50.5,49.5,72.1,27.9,59.1,40.9
2023-24,pre-season,NOP,4,1,3,48.0,60.1,39.9,54.4,10.5,32.2,13.2,13.5,20.4,43.9,54.1,45.9,93.0,7.0,65.1,34.9
2023-24,pre-season,NYK,4,1,3,48.0,52.0,48.0,43.0,4.1,40.0,12.7,17.0,17.0,38.9,44.2,55.8,83.1,16.9,59.1,40.9
2023-24,pre-season,POR,4,1,3,48.0,61.6,38.4,54.8,10.5,30.9,17.1,14.3,23.2,44.3,50.4,49.6,80.9,19.1,58.7,41.3
2023-24,pre-season,-,1,1,0,48.0,45.7,54.3,37.8,4.7,47.2,9.4,15.0,10.2,33.1,45.8,54.2,85.0,15.0,63.6,36.4
2023-24,pre-season,SAC,5,1,4,49.0,51.5,48.5,48.0,4.0,38.5,14.7,13.6,18.7,44.0,56.5,43.5,97.1,2.9,70.6,29.4
2023-24,pre-season,-,2,0,2,48.0,56.1,43.9,51.3,7.5,26.3,16.3,22.5,26.3,43.8,41.5,58.5,92.9,7.1,54.5,45.5
2023-24,pre-season,-,1,0,1,48.0,59.7,40.3,55.3,15.8,35.5,19.7,9.2,25.0,39.5,57.1,42.9,55.6,44.4,56.7,43.3
2023-24,pre-season,-,3,0,3,48.0,57.4,42.6,53.5,15.2,33.7,11.9,12.9,13.5,38.3,43.2,56.8,79.4,20.6,53.9,46.1
2023-24,pre-season,-,2,0,2,48.0,64.7,35.3,65.1,10.3,20.6,11.4,14.3,18.3,54.9,47.4,52.6,83.3,16.7,53.6,46.4
2023-24,regular-season,BOS,82,64,18,48.4,52.9,47.1,45.5,6.5,41.0,12.7,13.5,12.8,39.0,50.3,49.7,79.6,20.4,61.3,38.7
2023-24,regular-season,DEN,82,57,25,48.1,64.8,35.2,56.3,9.7,30.5,12.4,13.2,13.5,46.6,59.8,40.2,86.4,13.6,66.9,33.1
2023-24,regular-season,OKC,82,57,25,48.3,61.7,38.3,52.1,8.3,33.2,13.1,14.7,17.0,43.7,48.7,51.3,89.4,10.6,60.9,39.1
2023-24,regular-season,MIN,82,56,26,48.3,61.6,38.4,50.6,5.7,33.6,11.0,15.8,15.0,44.9,54.7,45.3,86.9,13.1,64.6,35.4
2023-24,regular-season,LAC,82,51,31,48.1,61.7,38.3,51.4,7.8,32.8,12.8,15.8,14.0,43.6,54.4,45.6,74.4,25.6,60.4,39.6
2023-24,regular-season,DAL,82,50,32,48.1,55.9,44.1,48.4,8.2,37.2,13.4,14.5,14.0,40.2,52.4,47.6,73.5,26.5,59.6,40.4
2023-24,regular-season,NYK,82,50,32,48.1,59.6,40.4,49.8,6.4,35.1,13.1,15.1,14.8,43.4,47.4,52.6,83.7,16.3,59.0,41.0
2023-24,regular-season,MIL,82,49,33,48.3,57.0,43.0,48.7,9.0,35.8,10.7,15.5,12.2,39.6,50.4,49.6,84.1,15.9,61.5,38.5
2023-24,regular-season,NOP,82,49,33,48.1,62.7,37.3,52.2,7.6,32.5,13.2,15.3,15.3,44.6,53.1,46.9,88.3,11.7,63.4,36.6
2023-24,regular-season,PHX,82,49,33,48.2,62.2,37.8,51.7,11.3,32.1,11.4,16.2,13.6,40.4,54.3,45.7,86.4,13.6,63.7,36.3
2023-24,regular-season,CLE,82,48,34,48.3,57.8,42.2,50.2,5.7,36.0,13.1,13.8,14.7,44.5,58.9,41.1,84.4,15.6,67.1,32.9
2023-24,regular-season,IND,82,47,35,48.1,62.0,38.0,54.9,7.9,32.1,13.4,13.0,14.4,47.0,57.6,42.4,85.5,14.5,65.4,34.6
2023-24,regular-season,LAL,82,47,35,48.4,64.2,35.8,54.0,6.8,30.0,14.4,16.0,13.8,47.1,59.1,40.9,82.2,17.8,65.4,34.6
2023-24,regular-season,ORL,82,47,35,48.2,63.1,36.9,53.3,6.4,29.9,11.3,16.8,16.8,46.9,50.9,49.1,87.9,12.1,61.0,39.0
2023-24,regular-season,PHI,82,47,35,48.2,62.7,37.3,51.3,7.4,31.7,13.8,17.0,15.5,43.9,51.0,49.0,81.8,18.2,60.0,40.0
2023-24,regular-season,GSW,82,46,36,48.4,57.5,42.5,49.1,7.8,37.6,10.6,13.3,13.7,41.3,59.9,40.1,81.0,19.0,67.1,32.9
2023-24,regular-season,MIA,82,46,36,48.2,60.6,39.4,49.7,6.8,33.9,11.6,16.4,14.9,42.8,53.7,46.3,89.2,10.8,64.8,35.2
2023-24,regular-season,SAC,82,46,36,48.4,56.8,43.2,49.7,6.0,37.0,12.3,13.3,14.1,43.6,54.3,45.7,87.9,12.1,65.4,34.6
2023-24,regular-season,HOU,82,41,41,48.4,60.3,39.7,50.8,7.1,33.4,13.8,15.8,14.3,43.7,51.2,48.8,78.1,21.9,59.4,40.6
2023-24,regular-season,CHI,82,39,43,48.7,64.2,35.8,54.5,11.4,30.7,11.1,14.9,15.3,43.1,48.8,51.2,87.6,12.4,59.4,40.6
2023-24,regular-season,ATL,82,36,46,48.4,59.2,40.8,49.6,7.1,34.8,11.3,15.7,14.5,42.4,53.7,46.3,79.1,20.9,61.8,38.2
2023-24,regular-season,BKN,82,32,50,48.3,58.8,41.2,49.6,6.5,36.1,12.0,14.3,13.5,43.1,52.7,47.3,84.4,15.6,63.0,37.0
2023-24,regular-season,UTA,82,31,51,48.3,59.4,40.6,50.3,4.2,33.5,12.0,16.2,12.9,46.1,54.4,45.6,88.2,11.8,64.8,35.2
2023-24,regular-season,MEM,82,27,55,48.2,57.2,42.8,47.8,4.3,37.0,11.0,15.2,16.4,43.5,52.6,47.4,87.3,12.7,64.4,35.6
2023-24,regular-season,TOR,82,25,57,48.3,63.1,36.9,54.8,6.7,30.7,16.6,14.5,14.4,48.1,58.8,41.2,90.3,9.7,67.4,32.6
2023-24,regular-season,SAS,82,22,60,48.4,59.9,40.1,52.3,6.4,33.8,13.9,13.9,13.7,45.9,62.5,37.5,91.4,8.6,71.2,28.8
2023-24,regular-season,CHA,82,21,61,48.1,60.9,39.1,52.4,7.5,33.9,11.7,13.6,14.3,44.9,52.5,47.5,83.9,16.1,62.0,38.0
2023-24,regular-season,POR,82,21,61,48.5,63.0,37.0,52.5,8.4,32.3,11.9,15.2,14.9,44.0,48.4,51.6,83.8,16.2,58.7,41.3
2023-24,regular-season,WAS,82,15,67,48.1,61.1,38.9,53.8,5.6,32.6,15.5,13.6,15.1,48.2,57.2,42.8,84.3,15.7,65.0,35.0
2023-24,regular-season,DET,82,14,68,48.2,64.0,36.0,54.3,8.8,30.2,13.0,15.5,13.2,45.5,54.1,45.9,84.4,15.6,62.3,37.7
2023-24,playoffs,BOS,19,16,3,48.3,52.0,48.0,45.7,6.7,39.9,10.6,14.4,13.5,39.0,50.6,49.4,77.5,22.5,60.5,39.5
2023-24,playoffs,DAL,22,13,9,48.0,60.2,39.8,50.9,7.6,33.7,11.0,15.4,14.2,43.3,48.1,51.9,68.7,31.3,54.4,45.6
2023-24,playoffs,MIN,16,9,7,48.0,60.7,39.3,50.3,7.4,32.6,10.6,17.0,13.9,42.9,54.5,45.5,78.6,21.4,61.8,38.2
2023-24,playoffs,IND,17,8,9,48.6,62.8,37.2,57.1,12.1,32.2,11.4,10.6,12.4,45.0,59.9,40.1,85.1,14.9,66.8,33.2
2023-24,playoffs,DEN,12,7,5,48.0,62.9,37.1,55.6,8.2,30.8,11.9,13.5,12.4,47.5,55.1,44.9,88.1,11.9,64.0,36.0
2023-24,playoffs,NYK,13,7,6,48.4,63.8,36.2,50.7,9.0,32.5,13.1,16.8,12.3,41.7,46.7,53.3,80.0,20.0,56.7,43.3
2023-24,playoffs,OKC,10,6,4,48.0,60.4,39.6,51.7,11.2,34.3,13.5,14.0,18.3,40.5,45.4,54.6,88.4,11.6,58.6,41.4
2023-24,playoffs,CLE,12,5,7,48.0,60.6,39.4,55.2,6.5,31.6,12.9,13.2,15.0,48.8,54.5,45.5,62.9,37.1,56.8,43.2
2023-24,playoffs,ORL,7,3,4,48.0,60.4,39.6,49.9,12.3,30.8,13.1,19.4,15.1,37.6,40.0,60.0,90.3,9.7,54.7,45.3
2023-24,playoffs,LAC,6,2,4,48.0,61.5,38.5,47.5,5.6,35.4,12.6,17.1,13.8,41.9,50.3,49.7,69.0,31.0,56.5,43.5
2023-24,playoffs,MIL,6,2,4,48.8,63.5,36.5,53.9,14.2,30.4,5.7,15.7,9.8,39.6,48.9,51.1,68.7,31.3,54.3,45.7
2023-24,playoffs,PHI,6,2,4,48.8,57.2,42.8,43.5,9.9,37.4,10.8,19.1,13.4,33.6,49.6,50.4,84.0,16.0,62.2,37.8
2023-24,playoffs,LAL,5,1,4,48.0,65.2,34.8,61.7,7.9,24.8,14.5,13.5,12.6,53.8,53.0,47.0,79.5,20.5,58.7,41.3
2023-24,playoffs,MIA,5,1,4,48.0,58.1,41.9,52.9,7.8,36.4,8.0,10.6,14.3,45.1,47.5,52.5,85.7,14.3,59.6,40.4
2023-24,playoffs,NOP,4,0,4,48.0,61.2,38.8,55.3,11.7,29.3,10.9,15.4,10.3,43.6,45.5,54.5,94.3,5.7,58.2,41.8
2023-24,playoffs,PHX,4,0,4,48.0,65.7,34.3,49.9,11.6,27.6,11.6,22.5,16.2,38.3,48.5,51.5,76.3,23.7,56.0,44.0
2023-24,all-star,-,1,1,0,48.0,33.6,66.4,38.9,3.8,59.7,22.7,1.4,9.0,35.1,58.5,41.5,52.4,47.6,55.4,44.6
2023-24,all-star,-,1,0,1,48.0,50.3,49.7,59.1,5.4,40.3,23.1,0.5,15.1,53.8,69.1,30.9,88.0,12.0,75.0,25.0
2023-24,play-in,CHI,2,1,1,48.0,63.1,36.9,58.6,9.9,32.4,11.7,9.0,9.9,48.6,46.2,53.8,100,0.0,60.7,39.3
2023-24,play-in,LAL,1,1,0,48.0,58.3,41.7,38.2,5.5,38.2,17.3,23.6,10.9,32.7,57.1,42.9,85.7,14.3,68.6,31.4
2023-24,play-in,MIA,2,1,1,48.0,58.1,41.9,44.4,6.5,38.9,15.3,16.7,18.1,38.0,52.1,47.9,85.7,14.3,64.5,35.5
2023-24,play-in,NOP,2,1,1,48.0,72.5,27.5,67.3,11.4,22.7,17.5,10.0,10.9,55.9,63.4,36.6,87.5,12.5,67.8,32.2
2023-24,play-in,PHI,1,1,0,48.0,59.3,40.7,45.7,5.7,34.3,10.5,20.0,15.2,40.0,45.8,54.2,100,0.0,63.9,36.1
2023-24,play-in,SAC,2,1,1,48.0,57.0,43.0,46.3,7.4,40.3,13.0,13.4,17.1,38.9,44.0,56.0,93.1,6.9,62.0,38.0
2023-24,play-in,ATL,1,0,1,48.0,59.3,40.7,51.7,13.8,28.4,12.1,19.8,12.1,37.9,80.0,20.0,54.5,45.5,73.2,26.8
2023-24,play-in,GSW,1,0,1,48.0,60.0,40.0,48.9,6.4,31.9,6.4,19.1,12.8,42.6,52.2,47.8,70.0,30.0,57.6,42.4
2023-24,ist,LAL,7,7,0,48.0,67.4,32.6,52.6,4.7,29.8,17.6,17.6,14.6,47.9,58.7,41.3,78.8,21.2,64.2,35.8
2023-24,ist,IND,7,6,1,48.0,60.2,39.8,49.7,6.0,33.8,12.6,16.5,13.1,43.8,59.6,40.4,68.6,31.4,62.4,37.6
2023-24,ist,MIL,6,5,1,48.0,58.9,41.1,46.4,6.3,38.7,8.3,14.9,9.4,40.2,48.9,51.1,74.7,25.3,58.1,41.9
2023-24,ist,NOP,6,4,2,48.0,67.4,32.6,55.4,9.7,28.7,15.5,15.9,13.1,45.7,52.1,47.9,87.7,12.3,61.3,38.7
2023-24,ist,SAC,5,4,1,48.0,53.8,46.2,45.1,4.7,38.6,10.7,16.4,16.5,40.4,55.6,44.4,81.8,18.2,65.1,34.9
2023-24,ist,BOS,5,3,2,48.0,51.7,48.3,47.1,8.9,40.1,12.1,12.8,13.7,38.1,53.0,47.0,90.7,9.3,66.7,33.3
2023-24,ist,BKN,4,3,1,48.0,55.2,44.8,45.3,5.7,42.9,17.4,11.9,12.1,39.6,53.4,46.6,78.5,21.5,63.1,36.9
2023-24,ist,CLE,4,3,1,49.3,68.8,31.2,60.3,7.6,24.7,13.7,15.0,15.6,52.7,54.5,45.5,76.9,23.1,59.3,40.7
2023-24,ist,MIN,4,3,1,48.0,61.3,38.7,44.7,8.2,34.2,7.1,21.0,13.9,36.5,49.0,51.0,84.0,16.0,60.8,39.2
2023-24,ist,NYK,5,3,2,48.0,62.3,37.7,52.7,9.3,31.0,10.5,16.4,14.2,43.4,41.9,58.1,87.9,12.1,54.9,45.1
2023-24,ist,ORL,4,3,1,48.0,59.8,40.2,52.5,4.0,33.6,9.9,13.9,19.3,48.4,48.7,51.3,88.0,12.0,60.5,39.5
2023-24,ist,PHX,5,3,2,48.0,64.9,35.1,49.1,7.2,32.4,13.9,18.5,14.2,41.9,55.2,44.8,81.0,19.0,63.1,36.9
2023-24,ist,DAL,4,2,2,48.0,55.9,44.1,45.0,8.2,38.0,9.4,17.0,14.5,36.8,51.8,48.2,80.6,19.4,62.2,37.8
2023-24,ist,DEN,4,2,2,48.0,65.4,34.6,59.7,6.9,26.4,11.6,13.9,13.7,52.8,62.8,37.2,84.2,15.8,67.7,32.3
2023-24,ist,GSW,4,2,2,48.0,52.9,47.1,41.0,9.9,41.6,8.1,17.4,17.6,31.1,67.7,32.3,85.1,14.9,74.7,25.3
2023-24,ist,HOU,4,2,2,48.0,63.8,36.2,54.7,8.5,28.3,12.3,17.0,15.6,46.2,61.2,38.8,77.5,22.5,65.4,34.6
2023-24,ist,MIA,4,2,2,48.0,63.7,36.3,55.1,7.9,29.7,10.8,15.2,16.5,47.1,57.6,42.4,91.1,8.9,66.5,33.5
2023-24,ist,PHI,4,2,2,49.3,67.4,32.6,50.3,6.2,24.1,16.1,25.6,14.4,44.1,52.5,47.5,82.1,17.9,59.6,40.4
2023-24,ist,UTA,4,2,2,48.0,54.8,45.2,46.1,3.8,37.1,10.9,16.8,15.6,42.2,53.7,46.3,82.8,17.2,63.9,36.1
2023-24,ist,ATL,4,1,3,48.0,62.1,37.9,50.1,8.4,31.3,13.6,18.6,15.0,41.7,51.2,48.8,71.2,28.8,57.1,42.9
2023-24,ist,CHA,4,1,3,48.0,68.5,31.5,57.3,8.6,28.6,10.5,14.1,14.3,48.7,48.3,51.7,82.5,17.5,56.9,43.1
2023-24,ist,LAC,4,1,3,48.0,63.6,36.4,50.7,10.3,30.3,12.6,19.1,17.3,40.4,47.8,52.2,82.2,17.8,57.6,42.4
2023-24,ist,OKC,4,1,3,48.0,63.3,36.7,53.6,6.9,31.1,12.5,15.3,17.7,46.7,46.8,53.2,95.8,4.2,60.5,39.5
2023-24,ist,POR,4,1,3,49.3,62.5,37.5,51.0,8.7,31.7,13.5,17.3,16.8,42.3,38.7,61.3,86.4,13.6,52.7,47.3
2023-24,ist,TOR,4,1,3,48.0,60.7,39.3,50.9,11.0,35.8,10.1,13.3,14.4,39.9,59.5,40.5,98.1,1.9,71.8,28.2
2023-24,ist,CHI,4,0,4,48.0,67.1,32.9,57.2,16.6,30.8,8.3,12.0,17.4,40.6,44.4,55.6,78.6,21.4,53.5,46.5
2023-24,ist,DET,4,0,4,48.0,69.2,30.8,61.5,10.0,23.2,15.9,15.3,11.6,51.5,56.3,43.7,88.2,11.8,62.7,37.3
2023-24,ist,MEM,4,0,4,49.3,55.9,44.1,51.6,6.5,40.5,13.3,7.9,16.5,45.1,48.6,51.4,82.8,17.2,60.4,39.6
2023-24,ist,SAS,4,0,4,48.0,61.0,39.0,55.5,14.5,33.6,9.3,11.0,21.7,41.0,62.2,37.8,83.3,16.7,68.3,31.7
2023-24,ist,WAS,4,0,4,48.0,61.5,38.5,53.3,4.8,34.1,12.0,12.7,12.9,48.5,55.7,44.3,90.4,9.6,66.1,33.9
2024-25,regular-season,OKC,82,68,14,48.1,58.1,41.9,50.0,7.5,36.2,13.4,13.9,18.1,42.4,48.2,51.8,84.9,15.1,60.2,39.8
2024-25,regular-season,CLE,82,64,18,48.2,54.3,45.7,47.0,4.9,39.1,12.2,13.9,15.5,42.0,54.6,45.4,78.4,21.6,63.1,36.9
2024-25,regular-season,BOS,82,61,21,48.4,46.4,53.6,41.0,5.6,45.8,10.2,13.1,13.3,35.5,50.5,49.5,79.4,20.6,62.8,37.2
2024-25,regular-season,HOU,82,52,30,48.2,61.6,38.4,52.2,7.1,33.2,14.8,14.6,15.4,45.0,44.7,55.3,79.0,21.0,54.9,45.1
2024-25,regular-season,NYK,82,51,31,48.5,61.8,38.2,53.1,7.8,32.6,13.6,14.3,16.7,45.4,55.5,44.5,82.8,17.2,63.4,36.6
2024-25,regular-season,DEN,82,50,32,48.4,64.4,35.6,55.3,6.9,29.8,16.7,14.8,14.0,48.5,62.4,37.6,84.6,15.4,68.3,31.7
2024-25,regular-season,IND,82,50,32,48.4,60.0,40.0,51.8,8.3,33.7,14.9,14.5,15.6,43.5,59.7,40.3,84.2,15.8,67.1,32.9
2024-25,regular-season,LAC,82,50,32,48.3,61.3,38.7,51.6,6.0,33.1,13.9,15.3,17.1,45.5,54.9,45.1,73.8,26.2,60.5,39.5
2024-25,regular-season,LAL,82,50,32,48.1,57.5,42.5,48.7,6.3,35.2,13.3,16.1,14.4,42.4,55.5,44.5,80.1,19.9,63.5,36.5
2024-25,regular-season,MIN,82,49,33,48.4,54.5,45.5,45.5,4.2,39.5,11.9,15.1,15.4,41.3,55.3,44.7,78.2,21.8,63.7,36.3
2024-25,regular-season,GSW,82,48,34,48.1,53.1,46.9,44.5,5.1,40.6,12.8,14.8,17.3,39.5,61.6,38.4,87.4,12.6,71.4,28.6
2024-25,regular-season,MEM,82,48,34,48.1,59.4,40.6,50.7,4.6,34.3,13.8,15.0,15.2,46.1,52.7,47.3,87.4,12.6,63.5,36.5
2024-25,regular-season,MIL,82,48,34,48.2,57.6,42.4,48.2,9.9,36.8,11.6,15.0,13.4,38.4,47.9,52.1,85.7,14.3,60.7,39.3
2024-25,regular-season,DET,82,44,38,48.3,60.6,39.4,51.8,6.0,33.3,16.0,14.9,16.4,45.8,51.7,48.3,85.3,14.7,61.8,38.2
2024-25,regular-season,ORL,82,41,41,48.1,58.9,41.1,51.1,7.6,32.0,13.1,16.9,18.0,43.5,50.5,49.5,83.7,16.3,60.3,39.7
2024-25,regular-season,ATL,82,40,42,48.2,59.0,41.0,50.5,3.9,34.3,14.5,15.2,16.2,46.7,62.2,37.8,81.5,18.5,68.2,31.8
2024-25,regular-season,SAC,82,40,42,48.5,60.9,39.1,52.6,11.2,32.6,12.4,14.8,15.0,41.5,51.1,48.9,86.5,13.5,61.5,38.5
2024-25,regular-season,CHI,82,39,43,48.2,54.3,45.7,47.1,4.0,39.3,15.7,13.5,13.1,43.1,56.7,43.3,86.2,13.8,67.3,32.7
2024-25,regular-season,DAL,82,39,43,48.1,61.1,38.9,51.8,7.1,32.7,13.2,15.6,14.8,44.6,51.5,48.5,80.6,19.4,60.1,39.9
2024-25,regular-season,MIA,82,37,45,48.6,57.1,42.9,48.4,5.8,37.2,12.9,14.4,14.8,42.6,54.1,45.9,87.2,12.8,65.3,34.7
2024-25,regular-season,PHX,82,36,46,48.4,56.0,44.0,47.3,10.2,37.9,11.2,14.8,13.8,37.2,55.8,44.2,88.9,11.1,67.3,32.7
2024-25,regular-season,POR,82,36,46,48.2,58.2,41.8,49.9,5.8,34.9,14.2,15.2,16.0,44.1,48.0,52.0,81.6,18.4,58.7,41.3
2024-25,regular-season,SAS,82,34,48,48.1,55.9,44.1,48.6,6.6,37.2,14.2,14.3,15.0,42.0,59.5,40.5,86.2,13.8,68.5,31.5
2024-25,regular-season,TOR,82,30,52,48.3,62.7,37.3,53.8,5.6,32.0,16.3,14.2,16.7,48.2,59.9,40.1,90.4,9.6,68.5,31.5
2024-25,regular-season,BKN,82,26,56,48.2,54.2,45.8,45.8,4.4,38.7,13.6,15.5,16.3,41.4,54.0,46.0,89.7,10.3,66.9,33.1
2024-25,regular-season,PHI,82,24,58,48.3,57.4,42.6,49.2,6.5,34.7,14.3,16.0,17.0,42.7,48.5,51.5,79.5,20.5,58.4,41.6
2024-25,regular-season,NOP,82,21,61,48.2,61.5,38.5,52.1,6.7,32.8,15.0,15.1,15.0,45.4,55.2,44.8,83.5,16.5,63.6,36.4
2024-25,regular-season,CHA,82,19,63,48.2,57.0,43.0,48.2,5.4,37.1,11.2,14.7,14.0,42.8,54.0,46.0,81.9,18.1,63.5,36.5
2024-25,regular-season,WAS,82,18,64,48.1,56.5,43.5,48.7,5.9,36.4,14.8,14.8,14.0,42.8,54.9,45.1,81.3,18.7,63.7,36.3
2024-25,regular-season,UTA,82,17,65,48.3,55.1,44.9,47.1,4.3,37.4,12.5,15.5,12.0,42.8,53.2,46.8,82.4,17.6,63.3,36.7
2024-25,playoffs,OKC,23,16,7,48.2,61.0,39.0,50.9,8.5,30.9,13.5,18.2,19.7,42.4,44.7,55.3,83.8,16.2,56.0,44.0
2024-25,playoffs,IND,23,15,8,48.4,60.0,40.0,48.4,11.4,34.6,12.8,17.0,15.2,37.0,55.0,45.0,85.5,14.5,64.8,35.2
2024-25,playoffs,NYK,18,10,8,48.6,63.4,36.6,51.7,8.7,30.3,10.6,18.0,13.2,43.0,40.2,59.8,76.4,23.6,50.4,49.6
2024-25,playoffs,MIN,15,9,6,48.0,56.6,43.4,48.0,3.8,36.5,11.5,15.5,16.2,44.3,50.9,49.1,81.9,18.1,61.3,38.7
2024-25,playoffs,DEN,14,7,7,48.7,60.4,39.6,49.9,8.1,33.2,11.8,16.8,11.6,41.8,51.1,48.9,75.9,24.1,58.7,41.3
2024-25,playoffs,BOS,11,6,5,48.5,52.6,47.4,42.6,7.2,40.2,10.6,17.1,14.5,35.4,44.4,55.6,70.5,29.5,54.5,45.5
2024-25,playoffs,CLE,9,5,4,48.0,53.3,46.7,43.5,2.2,37.4,10.0,19.1,14.8,41.3,47.9,52.1,70.1,29.9,56.0,44.0
2024-25,playoffs,GSW,12,5,7,48.0,54.7,45.3,44.9,6.5,39.8,10.9,15.3,15.4,38.5,52.9,47.1,80.5,19.5,63.1,36.9
2024-25,playoffs,HOU,7,3,4,48.0,65.6,34.4,50.3,5.2,30.5,9.8,19.2,16.6,45.1,44.8,55.2,74.3,25.7,53.3,46.7
2024-25,playoffs,LAC,7,3,4,48.7,61.0,39.0,53.8,4.5,33.2,14.2,12.9,14.4,49.3,56.9,43.1,78.6,21.4,63.2,36.8
2024-25,playoffs,DET,6,2,4,48.0,62.1,37.9,50.6,8.1,28.6,16.1,20.8,15.3,42.5,43.2,56.8,82.0,18.0,53.8,46.2
2024-25,playoffs,LAL,5,1,4,48.0,50.8,49.2,41.8,7.2,40.6,9.6,17.5,10.6,34.7,52.4,47.6,75.0,25.0,61.3,38.7
2024-25,playoffs,MIL,5,1,4,49.0,56.7,43.3,46.1,9.1,39.2,8.3,14.7,10.7,37.0,40.9,59.1,93.1,6.9,59.8,40.2
2024-25,playoffs,ORL,5,1,4,48.0,63.0,37.0,58.5,15.4,26.3,11.3,15.2,14.7,43.2,42.3,57.7,85.4,14.6,52.2,47.8
2024-25,playoffs,MEM,4,0,4,48.0,60.2,39.8,50.7,8.0,31.3,7.5,17.9,10.0,42.8,43.1,56.9,90.5,9.5,56.9,43.1
2024-25,playoffs,MIA,4,0,4,48.0,51.2,48.8,47.1,5.8,43.2,11.5,9.7,10.5,41.4,41.1,58.9,87.3,12.7,58.6,41.4
2024-25,all-star,-,2,2,0,11.8,45.3,54.7,45.8,2.4,54.2,32.5,0.0,25.3,43.4,73.7,26.3,53.3,46.7,64.7,35.3
2024-25,all-star,-,2,1,1,10.4,55.6,44.4,66.7,0.0,31.8,28.8,1.5,18.2,66.7,72.7,27.3,71.4,28.6,72.4,27.6
2024-25,all-star,-,1,0,1,12.9,57.6,42.4,62.9,0.0,34.3,22.9,2.9,17.1,62.9,36.4,63.6,100,0.0,53.3,46.7
2024-25,all-star,-,1,0,1,10.1,46.4,53.6,43.8,0.0,56.3,6.3,0.0,28.1,43.8,100,0.0,83.3,16.7,92.3,7.7
2024-25,ist,MIL,7,7,0,48.0,50.4,49.6,41.9,9.7,45.2,13.8,12.9,16.1,32.2,51.8,48.2,86.4,13.6,66.3,33.7
2024-25,ist,OKC,7,5,2,48.0,55.3,44.7,50.1,10.7,36.9,14.3,13.0,22.4,39.4,46.5,53.5,77.2,22.8,56.6,43.4
2024-25,ist,ATL,6,4,2,48.0,66.6,33.4,58.1,6.3,28.1,13.8,13.8,15.4,51.8,60.4,39.6,86.2,13.8,66.7,33.3
2024-25,ist,HOU,6,4,2,48.8,58.5,41.5,50.9,7.9,36.6,17.2,12.5,17.5,43.0,42.5,57.5,90.0,10.0,57.9,42.1
2024-25,ist,NYK,5,4,1,48.0,58.7,41.3,53.0,8.6,32.4,11.0,14.6,19.3,44.3,57.1,42.9,81.7,18.3,64.3,35.7
2024-25,ist,BOS,4,3,1,48.0,45.9,54.1,38.6,7.9,46.1,8.9,15.4,9.8,30.7,49.5,50.5,81.1,18.9,63.5,36.5
2024-25,ist,DAL,5,3,2,48.0,62.8,37.2,51.3,5.4,31.7,16.9,17.1,18.3,45.9,47.7,52.3,82.5,17.5,57.9,42.1
2024-25,ist,DET,4,3,1,49.3,59.4,40.6,52.3,7.4,32.7,14.6,15.0,16.8,44.9,57.5,42.5,88.0,12.0,66.5,33.5
2024-25,ist,GSW,5,3,2,48.0,56.3,43.7,49.6,7.5,37.0,15.0,13.4,15.5,42.1,63.3,36.7,85.5,14.5,70.7,29.3
2024-25,ist,ORL,5,3,2,48.0,58.1,41.9,52.0,9.1,31.1,11.6,16.9,22.7,42.9,44.8,55.2,77.2,22.8,54.0,46.0
2024-25,ist,PHX,4,3,1,48.0,55.6,44.4,45.6,11.1,38.0,14.3,16.4,15.4,34.6,49.5,50.5,83.6,16.4,61.7,38.3
2024-25,ist,CHI,4,2,2,48.0,51.2,48.8,44.8,4.6,42.3,15.4,12.9,12.7,40.2,52.6,47.4,87.7,12.3,66.1,33.9
2024-25,ist,CLE,4,2,2,48.0,57.6,42.4,50.0,5.8,36.3,10.6,13.8,18.3,44.2,60.0,40.0,74.1,25.9,64.6,35.4
2024-25,ist,DEN,4,2,2,48.0,64.6,35.4,52.7,6.6,31.6,17.1,15.6,18.9,46.2,63.3,36.7,91.7,8.3,71.4,28.6
2024-25,ist,LAC,4,2,2,48.0,57.5,42.5,50.1,5.2,34.4,14.3,15.5,18.0,45.0,47.7,52.3,75.5,24.5,56.4,43.6
2024-25,ist,LAL,4,2,2,48.0,58.4,41.6,49.9,7.8,32.3,12.1,17.8,10.5,42.1,60.6,39.4,87.2,12.8,68.6,31.4
2024-25,ist,MIA,4,2,2,49.3,52.6,47.4,45.6,6.0,40.3,14.3,14.1,18.6,39.7,54.2,45.8,82.5,17.5,64.7,35.3
2024-25,ist,MIN,4,2,2,50.5,53.6,46.4,45.7,6.8,38.7,9.3,15.6,17.2,38.9,47.5,52.5,80.7,19.3,59.5,40.5
2024-25,ist,PHI,4,2,2,48.0,52.6,47.4,40.7,5.9,41.2,16.4,18.1,19.4,34.8,53.0,47.0,80.4,19.6,64.0,36.0
2024-25,ist,POR,4,2,2,48.0,59.1,40.9,51.2,6.0,34.9,8.6,14.0,19.8,45.1,50.9,49.1,86.0,14.0,61.9,38.1
2024-25,ist,SAS,4,2,2,48.0,49.7,50.3,44.8,4.9,41.7,14.6,13.5,18.2,39.9,72.0,28.0,77.4,22.6,74.1,25.9
2024-25,ist,BKN,4,1,3,48.0,53.6,46.4,43.1,6.0,44.0,11.5,12.8,17.0,37.2,51.1,48.9,93.8,6.3,68.4,31.6
2024-25,ist,MEM,4,1,3,48.0,59.6,40.4,57.8,5.6,26.5,12.7,15.7,17.2,52.2,53.7,46.3,90.2,9.8,62.3,37.7
2024-25,ist,NOP,4,1,3,48.0,61.2,38.8,50.9,9.8,31.5,12.5,17.6,14.2,41.1,47.1,52.9,81.4,18.6,57.1,42.9
2024-25,ist,SAC,4,1,3,49.3,58.6,41.4,51.8,9.1,32.7,10.0,15.5,15.5,42.7,55.3,44.7,81.3,18.8,63.0,37.0
2024-25,ist,TOR,4,1,3,48.0,65.7,34.3,53.8,4.4,29.8,14.3,16.5,16.7,49.4,59.5,40.5,90.2,9.8,67.8,32.2
2024-25,ist,CHA,4,0,4,48.0,53.0,47.0,39.9,4.9,45.1,10.3,15.0,19.2,35.0,49.4,50.6,88.5,11.5,66.2,33.8
2024-25,ist,IND,4,0,4,48.0,61.8,38.2,52.6,7.6,33.0,14.4,14.4,20.2,44.9,51.3,48.7,85.7,14.3,61.4,38.6
2024-25,ist,UTA,4,0,4,48.0,57.1,42.9,52.3,4.4,35.3,11.3,12.4,9.5,47.9,55.9,44.1,73.6,26.4,61.4,38.6
2024-25,ist,WAS,4,0,4,48.0,63.8,36.2,57.4,10.8,26.5,16.9,16.2,11.0,46.6,54.7,45.3,77.8,22.2,60.1,39.9
2025-26,pre-season,SAS,5,5,0,49.0,55.6,44.4,47.6,5.8,33.8,14.5,18.6,20.4,41.8,53.4,46.6,95.7,4.3,67.0,33.0
2025-26,pre-season,HOU,4,4,0,48.0,58.7,41.3,47.4,6.5,32.7,15.3,19.9,19.9,40.9,48.4,51.6,87.7,12.3,60.8,39.2
2025-26,pre-season,NYK,5,4,1,49.0,50.9,49.1,45.1,4.5,37.5,14.8,17.4,19.7,40.5,46.2,53.8,89.4,10.6,61.6,38.4
2025-26,pre-season,OKC,6,4,2,48.0,48.0,52.0,42.0,7.6,42.0,10.2,16.0,21.6,34.4,46.4,53.6,93.5,6.5,65.2,34.8
2025-26,pre-season,ORL,4,4,0,48.0,60.0,40.0,45.8,4.7,30.2,9.7,23.9,16.4,41.1,50.0,50.0,88.2,11.8,61.7,38.3
2025-26,pre-season,TOR,6,4,2,48.0,58.5,41.5,46.7,4.4,35.9,19.6,17.4,25.0,42.3,61.9,38.1,95.1,4.9,73.1,26.9
2025-26,pre-season,BOS,4,3,1,48.0,46.6,53.4,42.2,3.0,36.7,11.6,21.1,22.2,39.2,51.0,49.0,82.8,17.2,62.7,37.3
2025-26,pre-season,CHI,5,3,2,48.0,54.3,45.7,50.6,2.0,30.9,17.1,18.5,16.0,48.6,63.2,36.8,95.2,4.8,72.4,27.6
2025-26,pre-season,DAL,4,3,1,48.0,58.8,41.2,51.2,5.7,29.5,21.9,19.3,20.8,45.5,66.7,33.3,88.9,11.1,72.8,27.2
2025-26,pre-season,DEN,5,3,2,48.0,55.8,44.3,45.9,6.6,34.7,12.8,19.4,15.8,39.3,58.4,41.6,76.2,23.8,64.4,35.6
2025-26,pre-season,GSW,5,3,2,48.0,48.1,51.9,42.6,1.7,43.2,18.7,14.2,21.5,40.9,62.6,37.4,86.7,13.3,72.3,27.7
2025-26,pre-season,LAC,4,3,1,48.0,55.7,44.3,52.3,8.4,32.6,14.9,15.1,20.0,43.9,64.4,35.6,91.8,8.2,72.5,27.5
2025-26,pre-season,MIL,4,3,1,48.0,48.3,51.7,37.0,7.8,45.1,8.3,17.9,17.2,29.2,43.5,56.5,88.4,11.6,63.6,36.4
2025-26,pre-season,PHX,4,3,1,49.3,56.9,43.1,49.9,3.5,34.8,17.5,15.3,27.4,46.4,59.6,40.4,83.0,17.0,67.1,32.9
2025-26,pre-season,ATL,4,2,2,49.3,56.6,43.4,51.5,3.9,29.0,10.1,19.5,20.8,47.6,55.0,45.0,97.8,2.2,66.7,33.3
2025-26,pre-season,BKN,4,2,2,49.3,56.0,44.0,42.9,2.9,39.8,9.9,17.3,16.6,40.0,50.0,50.0,93.7,6.3,66.7,33.3
2025-26,pre-season,CHA,5,2,3,48.0,51.5,48.5,42.8,4.0,40.3,8.3,16.9,17.7,38.8,51.9,48.1,82.7,17.3,63.8,36.2
2025-26,pre-season,DET,4,2,2,48.0,60.4,39.6,52.0,6.1,30.8,12.7,17.2,18.8,45.9,56.3,43.7,91.5,8.5,66.3,33.7
2025-26,pre-season,IND,4,2,2,49.3,49.7,50.3,43.2,5.2,40.8,17.3,16.0,21.0,38.0,58.0,42.0,87.3,12.7,69.3,30.7
2025-26,pre-season,MIN,6,2,4,49.7,61.4,38.6,47.0,5.0,36.3,14.3,16.7,19.3,42.0,51.5,48.5,89.7,10.3,64.5,35.5
2025-26,pre-season,NOP,4,2,2,48.0,63.2,36.8,59.1,3.7,23.4,11.7,17.5,16.4,55.4,47.9,52.1,76.3,23.7,53.8,46.2
2025-26,pre-season,CLE,4,1,3,48.0,50.1,49.9,42.7,5.7,39.6,17.4,17.6,23.1,37.0,60.8,39.2,85.0,15.0,70.1,29.9
2025-26,pre-season,LAL,6,1,5,48.0,56.6,43.4,44.9,7.7,33.7,10.4,21.5,13.8,37.2,56.4,43.6,77.1,22.9,63.3,36.7
2025-26,pre-season,MEM,5,1,4,48.0,47.6,52.4,35.7,4.1,44.4,11.2,19.9,17.5,31.6,54.3,45.7,75.9,24.1,64.1,35.9
2025-26,pre-season,PHI,4,1,3,48.0,60.5,39.5,53.4,1.9,26.2,18.7,20.4,21.8,51.5,51.8,48.2,83.3,16.7,59.6,40.4
2025-26,pre-season,POR,4,1,3,48.0,53.1,46.9,45.2,3.3,34.5,13.1,20.3,16.4,41.9,41.8,58.2,82.1,17.9,55.4,44.6
2025-26,pre-season,SAC,4,1,3,48.0,59.4,40.6,53.4,8.4,28.5,9.9,18.1,18.8,45.0,49.6,50.4,76.7,23.3,56.7,43.3
2025-26,pre-season,UTA,4,1,3,49.3,53.7,46.3,44.1,6.9,36.1,14.5,19.8,18.0,37.1,59.3,40.7,84.7,15.3,68.3,31.7
2025-26,pre-season,WAS,3,1,2,48.0,61.2,38.8,48.5,4.8,28.2,12.7,23.3,16.1,43.6,60.0,40.0,74.2,25.8,64.0,36.0
2025-26,pre-season,-,3,0,3,48.0,54.3,45.7,38.9,12.5,36.2,8.2,24.9,20.2,26.5,48.0,52.0,80.6,19.4,60.5,39.5
2025-26,pre-season,-,1,0,1,48.0,62.3,37.7,50.0,11.4,20.5,6.8,29.5,9.1,38.6,59.1,40.9,83.3,16.7,64.3,35.7
2025-26,pre-season,-,1,0,1,48.0,54.9,45.1,49.5,10.3,37.1,7.2,13.4,23.7,39.2,50.0,50.0,91.7,8.3,63.9,36.1
2025-26,pre-season,MIA,6,0,6,48.8,65.9,34.1,52.3,3.9,26.6,11.1,21.1,19.5,48.4,52.9,47.1,93.2,6.8,63.1,36.9
2025-26,pre-season,-,1,0,1,48.0,55.3,44.7,58.7,6.5,26.1,5.4,15.2,15.2,52.2,63.0,37.0,87.5,12.5,68.6,31.4
2025-26,regular-season,OKC,34,29,5,48.6,58.6,41.4,50.2,6.7,33.5,11.9,16.3,20.3,43.5,47.5,52.5,83.4,16.6,58.5,41.5
2025-26,regular-season,DET,34,25,9,48.3,65.2,34.8,54.6,5.5,27.6,15.3,17.8,17.9,49.1,53.4,46.6,85.5,14.5,61.5,38.5
2025-26,regular-season,SAS,33,24,9,48.2,58.3,41.7,49.3,6.9,33.2,13.5,17.5,15.3,42.4,48.4,51.6,88.4,11.6,60.7,39.3
2025-26,regular-season,DEN,33,23,10,48.5,60.8,39.2,49.8,7.9,33.3,12.8,16.9,11.8,41.9,58.2,41.8,80.6,19.4,65.1,34.9
2025-26,regular-season,NYK,33,23,10,48.0,56.0,44.0,46.3,6.3,38.3,12.6,15.3,15.0,40.0,49.7,50.3,86.3,13.7,62.7,37.3
2025-26,regular-season,BOS,33,21,12,48.0,52.7,47.3,46.8,9.4,39.9,11.7,13.3,16.1,37.3,43.5,56.5,77.0,23.0,55.7,44.3
2025-26,regular-season,HOU,31,21,10,49.0,66.7,33.3,54.0,8.6,29.9,12.0,16.2,15.2,45.4,46.9,53.1,87.1,12.9,57.8,42.2
2025-26,regular-season,MIN,34,21,13,48.4,57.1,42.9,47.4,5.4,35.4,12.0,17.2,15.5,42.1,51.9,48.1,85.1,14.9,62.9,37.1
2025-26,regular-season,LAL,31,20,11,48.0,59.3,40.7,51.1,7.2,30.1,11.1,18.7,16.0,43.9,54.0,46.0,73.6,26.4,59.5,40.5
2025-26,regular-season,TOR,35,20,15,48.3,62.3,37.7,53.7,8.1,31.2,16.9,15.2,16.3,45.6,59.9,40.1,93.2,6.8,69.2,30.8
2025-26,regular-season,CLE,35,19,16,48.3,53.5,46.5,46.8,5.1,37.8,12.8,15.4,16.8,41.7,55.8,44.2,80.3,19.7,64.4,35.6
2025-26,regular-season,MIA,34,19,15,48.1,62.2,37.8,51.4,5.4,32.3,15.1,16.3,17.2,46.0,53.8,46.2,92.3,7.7,65.2,34.8
2025-26,regular-season,ORL,34,19,15,48.3,63.3,36.7,52.3,5.6,28.3,14.9,19.4,15.5,46.6,53.9,46.1,87.2,12.8,62.7,37.3
2025-26,regular-season,PHX,33,19,14,48.2,57.0,43.0,48.2,8.4,37.1,12.7,14.7,19.0,39.8,49.3,50.7,82.7,17.3,60.6,39.4
2025-26,regular-season,GSW,34,18,16,48.3,50.3,49.7,42.1,5.4,41.3,10.5,16.6,16.8,36.7,58.2,41.8,87.2,12.8,69.7,30.3
2025-26,regular-season,PHI,32,18,14,48.8,58.9,41.1,47.4,6.1,34.6,13.5,18.0,15.1,41.3,49.1,50.9,83.8,16.2,60.5,39.5
2025-26,regular-season,ATL,35,16,19,48.3,57.3,42.7,49.3,5.0,36.3,14.5,14.4,17.2,44.2,60.6,39.4,93.3,6.7,71.4,28.6
2025-26,regular-season,CHI,33,16,17,48.3,57.4,42.6,48.9,2.7,35.5,15.0,15.5,13.8,46.2,56.3,43.7,92.9,7.1,68.2,31.8
2025-26,regular-season,MEM,33,15,18,48.3,58.3,41.7,48.7,5.9,34.4,12.6,16.9,14.6,42.9,60.5,39.5,90.0,10.0,69.9,30.1
2025-26,regular-season,MIL,34,14,20,48.3,56.3,43.7,47.2,7.7,39.4,11.8,13.4,15.9,39.5,49.7,50.3,86.7,13.3,62.9,37.1
2025-26,regular-season,POR,34,14,20,48.3,54.8,45.2,45.9,4.0,35.7,12.1,18.4,15.8,41.9,49.1,50.9,83.2,16.8,60.7,39.3
2025-26,regular-season,DAL,35,12,23,48.7,64.1,35.9,54.8,7.9,28.3,15.6,16.9,13.9,46.9,50.6,49.4,88.0,12.0,60.2,39.8
2025-26,regular-season,LAC,33,12,21,48.3,56.1,43.9,46.3,5.7,35.4,11.0,18.3,16.4,40.6,51.3,48.7,77.1,22.9,60.0,40.0
2025-26,regular-season,UTA,33,12,21,48.8,56.6,43.4,46.3,5.1,34.8,11.4,18.9,13.8,41.2,62.8,37.2,90.2,9.8,72.0,28.0
2025-26,regular-season,CHA,33,11,22,48.5,54.2,45.8,44.8,3.0,38.8,11.0,16.5,13.7,41.8,51.5,48.5,88.1,11.9,64.9,35.1
2025-26,regular-season,BKN,31,10,21,48.0,51.5,48.5,43.6,4.9,39.0,10.8,17.4,15.2,38.7,54.5,45.5,88.4,11.6,67.1,32.9
2025-26,regular-season,NOP,35,8,27,48.6,65.5,34.5,54.3,4.0,27.8,13.9,17.9,15.9,50.3,50.2,49.8,82.9,17.1,58.5,41.5
2025-26,regular-season,SAC,34,8,26,48.4,65.7,34.3,55.2,11.3,28.9,12.9,15.9,15.9,43.9,54.2,45.8,82.9,17.1,61.6,38.4
2025-26,regular-season,WAS,32,8,24,48.3,60.0,40.0,50.5,9.1,34.8,13.4,14.7,12.7,41.4,52.0,48.0,81.4,18.6,61.2,38.8
2025-26,regular-season,IND,34,6,28,48.3,59.0,41.0,48.9,8.3,33.1,12.7,18.0,14.8,40.6,49.5,50.5,86.2,13.8,60.9,39.1
2025-26,ist,NYK,7,6,1,48.0,60.4,39.6,49.5,8.8,35.3,11.1,15.3,13.6,40.7,42.9,57.1,86.5,13.5,57.0,43.0
2025-26,ist,OKC,6,5,1,48.0,60.3,39.7,47.7,8.2,35.2,13.6,17.1,23.1,39.5,48.6,51.4,82.0,18.0,59.6,40.4
2025-26,ist,ORL,6,5,1,48.0,60.7,39.3,50.5,3.6,32.5,14.0,17.1,16.9,46.9,49.5,50.5,88.5,11.5,61.2,38.8
2025-26,ist,SAS,7,5,2,48.0,56.9,43.1,43.6,7.4,37.2,13.1,19.2,20.0,36.2,50.3,49.7,84.6,15.4,62.7,37.3
2025-26,ist,LAL,5,4,1,48.0,57.8,42.2,48.9,4.9,34.0,13.4,17.2,13.1,44.0,53.0,47.0,78.6,21.4,61.1,38.9
2025-26,ist,TOR,5,4,1,48.0,63.3,36.7,51.5,8.9,29.5,14.0,19.0,16.6,42.6,54.9,45.1,96.4,3.6,66.3,33.7
2025-26,ist,MEM,4,3,1,49.3,56.7,43.3,47.2,4.6,38.5,9.5,14.3,14.9,42.5,56.3,43.8,88.5,11.5,67.6,32.4
2025-26,ist,MIA,5,3,2,48.0,62.1,37.9,52.0,7.2,30.7,13.5,17.2,14.1,44.9,60.0,40.0,90.5,9.5,68.6,31.4
2025-26,ist,PHX,5,3,2,48.0,55.4,44.6,46.7,5.1,38.0,14.1,15.2,21.6,41.7,51.9,48.1,81.4,18.6,62.3,37.7
2025-26,ist,ATL,4,2,2,48.0,59.0,41.0,53.4,3.0,32.1,19.9,14.5,17.5,50.4,62.4,37.6,90.0,10.0,70.3,29.7
2025-26,ist,BOS,4,2,2,48.0,57.4,42.6,49.4,15.4,39.5,11.1,11.1,18.4,34.0,48.6,51.4,81.0,19.0,59.9,40.1
2025-26,ist,CLE,4,2,2,48.0,57.0,43.0,45.1,5.7,39.0,13.8,15.9,15.0,39.4,62.2,37.8,71.9,28.1,65.7,34.3
2025-26,ist,DEN,4,2,2,48.0,61.6,38.4,50.8,13.6,30.4,15.1,18.8,12.4,37.2,56.1,43.9,79.6,20.4,62.8,37.2
2025-26,ist,DET,4,2,2,48.0,63.0,37.0,51.5,5.2,29.2,15.2,19.3,16.7,46.3,59.7,40.3,77.8,22.2,64.6,35.4
2025-26,ist,HOU,4,2,2,48.0,61.6,38.4,50.5,8.6,35.6,13.8,13.8,21.8,41.9,41.0,59.0,87.3,12.7,55.8,44.2
2025-26,ist,LAC,4,2,2,50.5,56.5,43.5,48.8,7.0,32.9,14.9,18.4,16.3,41.7,53.4,46.6,56.6,43.4,54.4,45.6
2025-26,ist,MIL,4,2,2,49.3,55.9,44.1,46.2,5.4,42.1,11.8,11.8,13.6,40.8,51.8,48.2,89.7,10.3,66.1,33.9
2025-26,ist,MIN,4,2,2,48.0,56.8,43.2,44.3,3.8,36.3,7.7,19.4,18.0,40.5,50.0,50.0,86.2,13.8,62.8,37.2
2025-26,ist,POR,4,2,2,48.0,56.1,43.9,48.5,5.3,32.4,9.0,19.2,12.3,43.2,50.9,49.1,81.6,18.4,60.4,39.6
2025-26,ist,BKN,4,1,3,48.0,52.1,47.9,45.6,7.1,37.8,10.9,16.6,14.7,38.5,55.2,44.8,90.6,9.4,67.8,32.2
2025-26,ist,CHA,4,1,3,49.3,54.4,45.6,46.4,1.7,35.4,11.2,18.2,14.8,44.6,47.2,52.8,81.8,18.2,58.9,41.1
2025-26,ist,CHI,4,1,3,48.0,58.7,41.3,53.4,2.1,30.1,13.9,16.5,14.5,51.3,61.6,38.4,95.7,4.3,70.9,29.1
2025-26,ist,DAL,4,1,3,50.5,58.3,41.7,51.3,9.8,32.1,15.2,16.7,16.9,41.5,47.5,52.5,88.0,12.0,59.4,40.6
2025-26,ist,GSW,4,1,3,48.0,50.9,49.1,43.6,7.3,39.9,7.1,16.5,17.9,36.2,57.9,42.1,77.6,22.4,65.4,34.6
2025-26,ist,IND,4,1,3,48.0,57.7,42.3,49.7,7.4,33.4,10.2,16.9,15.1,42.2,49.5,50.5,87.5,12.5,61.3,38.7
2025-26,ist,PHI,4,1,3,48.0,60.1,39.9,50.6,5.1,32.7,19.3,16.7,13.5,45.5,49.5,50.5,89.4,10.6,61.5,38.5
2025-26,ist,UTA,4,1,3,48.0,54.7,45.3,43.9,6.5,34.6,10.6,21.5,13.4,37.4,68.4,31.6,96.0,4.0,77.9,22.1
2025-26,ist,WAS,4,1,3,48.0,55.9,44.1,48.8,8.1,35.9,17.8,15.3,16.5,40.6,57.4,42.6,83.0,17.0,65.8,34.2
2025-26,ist,NOP,4,0,4,49.3,60.7,39.3,48.8,4.2,35.7,14.4,15.5,18.0,44.6,53.9,46.1,87.5,12.5,64.9,35.1
2025-26,ist,SAC,4,0,4,48.0,62.9,37.1,52.6,9.3,34.2,13.7,13.3,18.4,43.3,58.4,41.6,81.6,18.4,65.4,34.6
