SEASON,SEASON_TYPE,TEAM_ABB,GP,W,L,MIN,DIST_FEET,DIST_MILES,DIST_MILES_OFF,DIST_MILES_DEF,AVG_SPEED,AVG_SPEED_OFF,AVG_SPEED_DEF
2015-16,regular-season,-,48,34,241.8,90725.7,17.20,9.00,8.20,4.28,4.63,3.94,0
2015-16,regular-season,-,47,34,241.2,88626.3,16.80,8.70,8.10,4.18,4.56,3.84,0
2015-16,regular-season,-,21,61,240.9,90029.8,17.10,9.10,7.90,4.26,4.53,3.98,0
2015-16,regular-season,-,48,34,242.1,91570.2,17.30,9.50,7.80,4.31,4.68,3.93,0
2015-16,regular-season,-,42,40,242.7,90999.9,17.20,9.20,8.00,4.27,4.59,3.95,0
2015-16,regular-season,-,57,25,242.1,87660.2,16.60,8.90,7.70,4.13,4.32,3.92,0
2015-16,regular-season,-,42,40,244.0,89437.8,16.90,9.20,7.70,4.18,4.47,3.88,0
2015-16,regular-season,-,33,49,241.8,88698.5,16.80,9.10,7.70,4.18,4.52,3.83,0
2015-16,regular-season,-,44,38,242.4,88896.5,16.80,9.10,7.80,4.18,4.47,3.88,0
2015-16,regular-season,-,73,9,242.4,90298.4,17.10,9.00,8.10,4.24,4.75,3.79,0
2015-16,regular-season,-,41,41,241.8,88331.6,16.70,8.60,8.10,4.16,4.44,3.90,0
2015-16,regular-season,-,45,37,242.4,88756.3,16.80,8.90,7.90,4.17,4.46,3.88,0
2015-16,regular-season,-,53,29,241.8,86969.2,16.50,8.70,7.80,4.10,4.33,3.87,0
2015-16,regular-season,-,17,65,240.6,88542.7,16.80,9.10,7.60,4.19,4.43,3.94,0
2015-16,regular-season,-,42,40,241.8,87182.1,16.50,8.90,7.60,4.11,4.32,3.88,0
2015-16,regular-season,-,48,34,241.8,88622.4,16.80,9.20,7.60,4.18,4.44,3.90,0
2015-16,regular-season,-,33,49,241.8,89691.2,17.00,8.80,8.20,4.22,4.47,3.98,0
2015-16,regular-season,-,29,53,242.4,88851.4,16.80,8.90,8.00,4.18,4.42,3.93,0
2015-16,regular-season,-,30,52,241.2,90982.5,17.20,9.20,8.00,4.30,4.73,3.90,0
2015-16,regular-season,-,32,50,241.5,88821.0,16.80,9.20,7.60,4.19,4.47,3.89,0
2015-16,regular-season,-,55,27,241.8,88322.9,16.70,8.90,7.80,4.16,4.52,3.81,0
2015-16,regular-season,-,35,46,242.5,93894.5,17.80,9.50,8.30,4.41,4.77,4.05,0
2015-16,regular-season,-,10,72,241.5,92801.6,17.60,9.50,8.10,4.38,4.66,4.09,0
2015-16,regular-season,-,23,59,240.3,89232.3,16.90,9.00,7.90,4.23,4.50,3.96,0
2015-16,regular-season,-,44,38,241.5,91007.2,17.20,9.50,7.80,4.29,4.65,3.93,0
2015-16,regular-season,-,33,48,241.5,89885.5,17.00,9.00,8.10,4.24,4.57,3.93,0
2015-16,regular-season,-,67,15,240.3,90982.5,17.20,9.50,7.70,4.31,4.61,3.99,0
2015-16,regular-season,-,55,26,240.9,88527.6,16.80,9.30,7.50,4.18,4.40,3.94,0
2015-16,regular-season,-,40,42,243.4,91418.9,17.30,9.60,7.70,4.28,4.55,3.98,0
2015-16,regular-season,-,41,41,240.9,90059.9,17.10,8.90,8.20,4.25,4.64,3.90,0
2015-16,playoffs,-,4,6,242.5,89377.5,16.90,8.90,8.00,4.20,4.59,3.83,0
2015-16,playoffs,-,2,4,244.2,89875.0,17.00,9.20,7.90,4.19,4.42,3.95,0
2015-16,playoffs,-,3,4,240.0,89808.1,17.00,9.30,7.70,4.27,4.66,3.87,0
2015-16,playoffs,-,16,5,240.0,85031.2,16.10,8.50,7.60,4.03,4.11,3.95,0
2015-16,playoffs,-,1,4,240.0,84624.2,16.00,8.70,7.30,4.02,4.18,3.85,0
2015-16,playoffs,-,0,4,240.0,82860.3,15.70,8.30,7.40,3.94,4.43,3.48,0
2015-16,playoffs,-,15,9,241.0,89299.9,16.90,9.10,7.80,4.22,4.71,3.76,0
2015-16,playoffs,-,1,4,240.0,88452.8,16.80,8.80,7.90,4.20,4.48,3.91,0
2015-16,playoffs,-,3,4,240.0,86075.0,16.30,8.30,8.00,4.08,4.42,3.78,0
2015-16,playoffs,-,2,4,240.0,87247.2,16.50,8.50,8.00,4.14,4.22,4.06,0
2015-16,playoffs,-,0,4,240.0,87265.3,16.50,8.80,7.80,4.14,4.39,3.89,0
2015-16,playoffs,-,7,7,245.4,88859.1,16.80,8.90,7.90,4.13,4.44,3.82,0
2015-16,playoffs,-,11,7,240.0,86891.6,16.50,8.60,7.80,4.12,4.39,3.86,0
2015-16,playoffs,-,5,6,242.3,92631.6,17.50,9.70,7.90,4.35,4.76,3.94,0
2015-16,playoffs,-,6,4,240.0,88952.8,16.80,9.30,7.50,4.22,4.55,3.87,0
2015-16,playoffs,-,10,10,243.8,87450.2,16.60,9.10,7.40,4.08,4.36,3.79,0
2016-17,regular-season,-,43,39,242.4,90044.3,17.10,9.00,8.00,4.24,4.58,3.91,0
2016-17,regular-season,-,53,29,240.9,88655.9,16.80,8.90,7.90,4.19,4.48,3.91,0
2016-17,regular-season,-,20,61,240.9,92020.0,17.40,9.30,8.10,4.35,4.74,3.98,0
2016-17,regular-season,-,36,46,241.8,92157.4,17.50,9.60,7.90,4.34,4.70,3.97,0
2016-17,regular-season,-,41,41,241.2,89810.2,17.00,9.20,7.80,4.24,4.51,3.96,0
2016-17,regular-season,-,51,31,242.4,86900.9,16.50,8.70,7.80,4.08,4.27,3.89,0
2016-17,regular-season,-,32,49,241.2,88523.1,16.80,9.20,7.60,4.18,4.40,3.94,0
2016-17,regular-season,-,39,42,240.9,88637.8,16.80,9.10,7.60,4.19,4.57,3.81,0
2016-17,regular-season,-,37,45,241.5,90922.7,17.20,9.20,8.00,4.29,4.62,3.95,0
2016-17,regular-season,-,67,15,241.2,89925.0,17.00,8.90,8.10,4.24,4.70,3.83,0
2016-17,regular-season,-,55,27,241.2,87283.7,16.50,8.50,8.00,4.12,4.44,3.83,0
2016-17,regular-season,-,42,39,242.2,88170.8,16.70,8.80,7.90,4.15,4.40,3.89,0
2016-17,regular-season,-,51,31,240.9,86282.4,16.30,8.70,7.60,4.08,4.28,3.87,0
2016-17,regular-season,-,26,56,240.3,90744.4,17.20,9.30,7.90,4.30,4.66,3.95,0
2016-17,regular-season,-,43,39,242.7,87364.1,16.50,9.00,7.50,4.10,4.29,3.89,0
2016-17,regular-season,-,41,41,241.2,90488.6,17.10,9.40,7.70,4.27,4.56,3.97,0
2016-17,regular-season,-,42,40,241.2,88579.5,16.80,8.70,8.00,4.19,4.45,3.94,0
2016-17,regular-season,-,31,51,241.5,89395.7,16.90,9.10,7.90,4.21,4.42,4.00,0
2016-17,regular-season,-,34,48,242.7,90246.7,17.10,9.00,8.10,4.23,4.62,3.88,0
2016-17,regular-season,-,31,51,242.1,90613.6,17.20,9.20,7.90,4.26,4.55,3.96,0
2016-17,regular-season,-,47,35,241.5,89865.7,17.00,8.90,8.20,4.24,4.60,3.92,0
2016-17,regular-season,-,29,53,241.5,89596.1,17.00,9.00,8.00,4.23,4.54,3.94,0
2016-17,regular-season,-,28,54,241.8,94652.4,17.90,9.90,8.00,4.46,4.90,4.01,0
2016-17,regular-season,-,23,57,241.9,90042.5,17.10,9.00,8.10,4.25,4.60,3.92,0
2016-17,regular-season,-,41,41,243.1,91287.8,17.30,9.50,7.80,4.28,4.64,3.91,0
2016-17,regular-season,-,32,50,242.4,89312.1,16.90,9.10,7.80,4.20,4.42,3.96,0
2016-17,regular-season,-,61,20,241.5,91907.3,17.40,9.60,7.80,4.34,4.68,3.98,0
2016-17,regular-season,-,50,31,241.2,89311.5,16.90,9.10,7.80,4.22,4.47,3.96,0
2016-17,regular-season,-,51,31,240.9,89162.7,16.90,9.30,7.60,4.22,4.48,3.94,0
2016-17,regular-season,-,49,33,242.1,88187.4,16.70,8.70,8.00,4.15,4.42,3.90,0
2016-17,playoffs,-,2,4,240.0,88569.8,16.80,9.10,7.70,4.20,4.56,3.84,0
2016-17,playoffs,-,9,9,241.4,86626.4,16.40,8.80,7.60,4.08,4.41,3.77,0
2016-17,playoffs,-,2,4,240.0,87465.2,16.60,8.70,7.90,4.15,4.39,3.90,0
2016-17,playoffs,-,13,5,240.0,85315.1,16.20,8.50,7.70,4.05,4.17,3.92,0
2016-17,playoffs,-,16,1,240.0,89309.4,16.90,8.90,8.10,4.24,4.70,3.82,0
2016-17,playoffs,-,6,5,242.3,85389.9,16.20,8.50,7.70,4.01,4.23,3.79,0
2016-17,playoffs,-,0,4,240.0,83091.3,15.70,8.50,7.20,3.94,4.36,3.55,0
2016-17,playoffs,-,3,4,240.0,83840.6,15.90,8.10,7.80,3.98,4.27,3.71,0
2016-17,playoffs,-,2,4,244.2,85393.0,16.20,8.40,7.70,3.98,4.12,3.84,0
2016-17,playoffs,-,2,4,240.0,87574.2,16.60,8.50,8.10,4.15,4.30,4.01,0
2016-17,playoffs,-,1,4,240.0,88311.0,16.70,8.80,7.90,4.19,4.55,3.84,0
2016-17,playoffs,-,0,4,240.0,91992.0,17.40,9.40,8.00,4.37,4.51,4.21,0
2016-17,playoffs,-,8,8,243.1,91259.9,17.30,9.50,7.70,4.27,4.57,3.96,0
2016-17,playoffs,-,4,6,240.0,87229.5,16.50,8.90,7.60,4.14,4.50,3.78,0
2016-17,playoffs,-,4,7,240.0,88880.9,16.80,9.40,7.50,4.22,4.44,3.97,0
2016-17,playoffs,-,7,6,241.9,86505.0,16.40,8.60,7.80,4.07,4.26,3.88,0
2017-18,regular-season,-,24,57,240.3,92950.2,17.60,9.60,8.00,4.41,4.75,4.07,0
2017-18,regular-season,-,52,27,241.6,90138.8,17.10,9.10,7.90,4.25,4.50,3.99,0
2017-18,regular-season,-,27,53,242.2,91892.3,17.40,9.60,7.80,4.32,4.65,3.99,0
2017-18,regular-season,-,36,46,241.2,92011.3,17.40,9.50,8.00,4.35,4.67,4.01,0
2017-18,regular-season,-,27,55,242.1,94851.3,18.00,9.60,8.40,4.47,4.90,4.06,0
2017-18,regular-season,-,50,32,240.6,88955.9,16.80,8.80,8.00,4.21,4.44,3.99,0
2017-18,regular-season,-,24,58,241.5,90945.9,17.20,9.50,7.80,4.29,4.58,3.99,0
2017-18,regular-season,-,46,36,242.4,89230.5,16.90,9.10,7.70,4.25,4.59,3.92,0
2017-18,regular-season,-,39,43,241.5,93385.8,17.70,9.60,8.10,4.42,4.76,4.08,0
2017-18,regular-season,-,58,24,240.6,90117.9,17.10,9.00,8.10,4.29,4.70,3.90,0
2017-18,regular-season,-,65,17,240.9,85021.8,16.10,8.50,7.60,4.02,4.24,3.80,0
2017-18,regular-season,-,48,34,240.9,91961.1,17.40,9.10,8.30,4.36,4.60,4.13,0
2017-18,regular-season,-,42,40,240.3,89653.9,17.00,8.90,8.00,4.25,4.55,3.96,0
2017-18,regular-season,-,35,47,242.7,92127.1,17.40,9.20,8.30,4.38,4.79,3.99,0
2017-18,regular-season,-,22,60,240.3,89151.0,16.90,9.20,7.70,4.24,4.51,3.97,0
2017-18,regular-season,-,43,38,243.1,92789.2,17.60,9.50,8.10,4.34,4.60,4.07,0
2017-18,regular-season,-,44,37,241.9,89568.8,17.00,8.70,8.30,4.24,4.51,3.99,0
2017-18,regular-season,-,47,35,241.5,88065.9,16.70,8.90,7.80,4.15,4.29,4.00,0
2017-18,regular-season,-,48,34,243.4,90303.0,17.10,9.00,8.10,4.24,4.62,3.89,0
2017-18,regular-season,-,28,53,241.9,92260.7,17.50,9.40,8.10,4.36,4.63,4.09,0
2017-18,regular-season,-,48,32,241.9,88550.6,16.80,8.60,8.10,4.16,4.44,3.91,0
2017-18,regular-season,-,25,57,240.6,90962.4,17.20,9.20,8.00,4.34,4.66,4.02,0
2017-18,regular-season,-,52,29,241.2,93816.0,17.80,9.50,8.20,4.42,4.86,4.01,0
2017-18,regular-season,-,21,61,240.3,92343.9,17.50,9.40,8.10,4.38,4.76,4.00,0
2017-18,regular-season,-,49,33,240.9,90587.3,17.20,9.40,7.70,4.29,4.58,3.99,0
2017-18,regular-season,-,27,55,240.9,91529.3,17.30,9.40,8.00,4.35,4.62,4.06,0
2017-18,regular-season,-,47,35,240.6,93481.2,17.70,9.80,7.90,4.43,4.75,4.08,0
2017-18,regular-season,-,59,23,241.8,93135.3,17.60,9.50,8.10,4.40,4.76,4.05,0
2017-18,regular-season,-,48,34,240.9,91259.8,17.30,9.50,7.80,4.34,4.65,4.01,0
2017-18,regular-season,-,43,39,242.1,90053.0,17.10,9.00,8.00,4.26,4.49,4.02,0
2017-18,playoffs,-,11,8,242.6,88258.1,16.70,9.20,7.60,4.15,4.39,3.89,0
2017-18,playoffs,-,12,10,242.3,86188.5,16.30,8.60,7.70,4.05,4.15,3.94,0
2017-18,playoffs,-,16,5,241.2,89383.7,16.90,9.10,7.90,4.21,4.67,3.79,0
2017-18,playoffs,-,11,6,240.0,84125.8,15.90,8.50,7.50,4.00,4.11,3.87,0
2017-18,playoffs,-,3,4,240.0,87595.4,16.60,8.90,7.70,4.13,4.50,3.78,0
2017-18,playoffs,-,1,4,240.0,94399.2,17.90,9.50,8.40,4.42,4.66,4.18,0
2017-18,playoffs,-,3,4,243.6,87625.6,16.60,8.30,8.30,4.10,4.45,3.81,0
2017-18,playoffs,-,1,4,240.0,85320.8,16.20,8.60,7.50,4.05,4.34,3.76,0
2017-18,playoffs,-,5,4,240.0,91870.1,17.40,9.10,8.30,4.34,4.66,4.03,0
2017-18,playoffs,-,2,4,240.0,86746.7,16.40,8.40,8.10,4.14,4.43,3.87,0
2017-18,playoffs,-,5,5,242.5,93381.9,17.70,9.50,8.20,4.36,4.81,3.93,0
2017-18,playoffs,-,0,4,240.0,92048.8,17.40,9.50,7.90,4.37,4.60,4.14,0
2017-18,playoffs,-,1,4,240.0,92498.4,17.50,9.50,8.00,4.40,4.53,4.26,0
2017-18,playoffs,-,4,6,242.5,91099.7,17.30,9.40,7.90,4.28,4.74,3.85,0
2017-18,playoffs,-,5,6,240.0,90046.9,17.10,9.40,7.60,4.28,4.69,3.86,0
2017-18,playoffs,-,2,4,240.0,89301.3,16.90,8.80,8.10,4.24,4.47,4.02,0
2018-19,regular-season,-,29,53,242.1,98724.4,18.70,10.10,8.60,4.31,4.71,3.92,0
2018-19,regular-season,-,49,33,241.2,94643.3,17.90,9.50,8.40,4.18,4.54,3.84,0
2018-19,regular-season,-,42,40,243.7,97683.0,18.50,10.30,8.20,4.25,4.68,3.81,0
2018-19,regular-season,-,39,43,241.8,96800.5,18.30,10.00,8.30,4.27,4.66,3.88,0
2018-19,regular-season,-,22,59,242.8,98199.1,18.60,10.10,8.50,4.32,4.68,3.96,0
2018-19,regular-season,-,19,63,240.9,93234.5,17.70,9.80,7.90,4.17,4.44,3.88,0
2018-19,regular-season,-,33,49,241.2,94780.4,18.00,9.90,8.00,4.16,4.50,3.81,0
2018-19,regular-season,-,54,28,240.6,94892.1,18.00,9.80,8.20,4.20,4.50,3.89,0
2018-19,regular-season,-,41,41,242.1,95088.0,18.00,10.00,8.00,4.20,4.47,3.91,0
2018-19,regular-season,-,57,25,241.5,93802.6,17.80,9.40,8.30,4.20,4.66,3.77,0
2018-19,regular-season,-,53,29,241.8,89954.4,17.00,9.10,8.00,3.96,4.19,3.74,0
2018-19,regular-season,-,48,34,240.3,95689.2,18.10,9.60,8.50,4.22,4.49,3.95,0
2018-19,regular-season,-,48,34,241.8,97190.8,18.40,9.90,8.50,4.25,4.62,3.89,0
2018-19,regular-season,-,37,45,241.2,95470.7,18.10,9.60,8.50,4.21,4.58,3.85,0
2018-19,regular-season,-,33,49,242.4,96357.9,18.20,10.00,8.30,4.22,4.47,3.96,0
2018-19,regular-season,-,39,43,240.6,94976.0,18.00,9.90,8.10,4.18,4.53,3.82,0
2018-19,regular-season,-,60,22,241.2,96343.2,18.20,9.70,8.50,4.24,4.64,3.87,0
2018-19,regular-season,-,36,46,241.8,94730.9,17.90,9.60,8.30,4.15,4.39,3.90,0
2018-19,regular-season,-,33,49,240.9,96268.0,18.20,9.80,8.50,4.25,4.66,3.86,0
2018-19,regular-season,-,17,64,241.2,96188.5,18.20,9.90,8.30,4.25,4.57,3.91,0
2018-19,regular-season,-,48,33,242.2,95690.1,18.10,9.30,8.80,4.19,4.60,3.83,0
2018-19,regular-season,-,40,40,241.3,96196.2,18.20,10.00,8.20,4.26,4.60,3.90,0
2018-19,regular-season,-,51,30,241.5,98368.3,18.60,10.20,8.50,4.33,4.75,3.91,0
2018-19,regular-season,-,19,63,242.4,95583.6,18.10,9.80,8.30,4.18,4.50,3.86,0
2018-19,regular-season,-,53,29,242.1,95575.7,18.10,10.10,8.00,4.19,4.49,3.86,0
2018-19,regular-season,-,39,43,240.6,99006.1,18.80,9.90,8.80,4.37,4.79,3.98,0
2018-19,regular-season,-,48,34,241.5,97019.9,18.40,10.20,8.20,4.32,4.71,3.92,0
2018-19,regular-season,-,58,24,242.4,97042.2,18.40,9.90,8.50,4.25,4.59,3.90,0
2018-19,regular-season,-,50,31,240.9,96699.4,18.30,10.00,8.30,4.27,4.71,3.84,0
2018-19,regular-season,-,31,50,243.1,95175.6,18.00,9.50,8.50,4.16,4.48,3.85,0
2018-19,playoffs,-,5,4,240.0,93656.1,17.70,9.60,8.20,4.15,4.50,3.81,0
2018-19,playoffs,-,1,4,240.0,96655.6,18.30,10.00,8.30,4.25,4.71,3.79,0
2018-19,playoffs,-,7,7,247.1,96041.4,18.20,9.80,8.40,4.13,4.41,3.84,0
2018-19,playoffs,-,0,4,240.0,98581.3,18.70,10.50,8.20,4.35,4.68,3.99,0
2018-19,playoffs,-,14,8,242.3,93166.6,17.60,9.20,8.40,4.06,4.51,3.66,0
2018-19,playoffs,-,6,5,242.3,88170.9,16.70,8.90,7.80,3.87,4.03,3.70,0
2018-19,playoffs,-,0,4,240.0,92520.8,17.50,9.30,8.20,4.09,4.31,3.87,0
2018-19,playoffs,-,2,4,240.0,97772.3,18.50,10.30,8.20,4.26,4.62,3.87,0
2018-19,playoffs,-,10,5,243.3,96610.5,18.30,9.60,8.70,4.22,4.58,3.88,0
2018-19,playoffs,-,1,4,240.0,91426.2,17.30,8.70,8.60,4.04,4.54,3.64,0
2018-19,playoffs,-,1,4,240.0,95421.6,18.10,9.90,8.20,4.22,4.62,3.81,0
2018-19,playoffs,-,7,5,240.0,95223.2,18.00,9.90,8.10,4.19,4.47,3.88,0
2018-19,playoffs,-,8,8,247.8,94480.9,17.90,9.80,8.10,4.06,4.24,3.85,0
2018-19,playoffs,-,3,4,240.0,94625.9,17.90,9.80,8.10,4.20,4.62,3.77,0
2018-19,playoffs,-,16,8,242.1,94043.1,17.80,9.60,8.20,4.11,4.35,3.86,0
2018-19,playoffs,-,1,4,240.0,93664.4,17.70,9.90,7.80,4.16,4.56,3.73,0
2019-20,regular-season,-,20,47,243.0,97057.4,18.40,9.90,8.50,4.23,4.57,3.89,0
2019-20,regular-season,-,48,24,242.1,93951.8,17.80,9.50,8.30,4.13,4.45,3.81,0
2019-20,regular-season,-,35,37,242.8,93715.4,17.70,9.70,8.00,4.14,4.55,3.72,0
2019-20,regular-season,-,23,41,242.3,95775.5,18.10,9.80,8.30,4.23,4.53,3.93,0
2019-20,regular-season,-,22,43,241.2,97728.2,18.50,9.90,8.70,4.32,4.66,3.99,0
2019-20,regular-season,-,19,46,241.9,93792.8,17.80,9.70,8.00,4.14,4.37,3.88,0
2019-20,regular-season,-,41,32,242.1,93858.5,17.80,9.80,8.00,4.14,4.45,3.81,0
2019-20,regular-season,-,46,27,243.1,93819.1,17.80,9.60,8.10,4.14,4.40,3.86,0
2019-20,regular-season,-,20,45,241.9,93913.7,17.80,9.80,8.00,4.15,4.46,3.82,0
2019-20,regular-season,-,15,50,241.9,97266.1,18.40,9.90,8.50,4.29,4.66,3.93,0
2019-20,regular-season,-,44,28,241.4,90034.8,17.10,8.70,8.30,3.99,4.27,3.74,0
2019-20,regular-season,-,45,28,241.4,95753.6,18.10,9.70,8.40,4.24,4.53,3.95,0
2019-20,regular-season,-,49,23,241.4,94736.5,17.90,9.60,8.30,4.16,4.54,3.79,0
2019-20,regular-season,-,52,19,240.7,91557.4,17.30,9.10,8.20,4.09,4.36,3.83,0
2019-20,regular-season,-,34,39,240.7,95677.9,18.10,9.80,8.30,4.23,4.59,3.88,0
2019-20,regular-season,-,44,28,243.1,95394.2,18.10,9.90,8.20,4.16,4.48,3.83,0
2019-20,regular-season,-,55,17,241.0,96124.4,18.20,9.70,8.50,4.26,4.68,3.87,0
2019-20,regular-season,-,19,45,243.1,94181.2,17.80,9.60,8.20,4.14,4.48,3.79,0
2019-20,regular-season,-,30,41,241.8,98357.7,18.60,10.10,8.50,4.33,4.82,3.86,0
2019-20,regular-season,-,21,45,241.9,93859.9,17.80,9.60,8.20,4.15,4.46,3.85,0
2019-20,regular-season,-,44,28,242.1,92827.7,17.60,9.40,8.20,4.07,4.35,3.79,0
2019-20,regular-season,-,33,40,240.7,95381.4,18.10,9.90,8.20,4.23,4.60,3.86,0
2019-20,regular-season,-,43,30,241.0,93576.2,17.70,9.70,8.00,4.14,4.39,3.88,0
2019-20,regular-season,-,34,38,240.7,96402.7,18.30,9.90,8.30,4.26,4.65,3.87,0
2019-20,regular-season,-,34,39,241.0,92898.9,17.60,9.50,8.10,4.11,4.38,3.84,0
2019-20,regular-season,-,31,40,242.5,96909.3,18.40,9.80,8.50,4.23,4.53,3.93,0
2019-20,regular-season,-,31,39,242.1,97694.8,18.50,10.10,8.40,4.30,4.73,3.88,0
2019-20,regular-season,-,52,19,241.4,93688.2,17.70,9.30,8.40,4.10,4.39,3.82,0
2019-20,regular-season,-,44,28,241.0,94133.3,17.80,9.80,8.00,4.16,4.48,3.83,0
2019-20,regular-season,-,25,47,241.0,96467.4,18.30,9.90,8.40,4.27,4.71,3.85,0
2019-20,playoffs,-,10,7,244.4,93472.4,17.70,9.50,8.20,4.05,4.37,3.73,0
2019-20,playoffs,-,0,4,240.0,95704.3,18.10,9.90,8.20,4.24,4.72,3.78,0
2019-20,playoffs,-,2,4,244.2,95902.7,18.20,9.80,8.40,4.18,4.51,3.85,0
2019-20,playoffs,-,9,10,241.3,92796.6,17.60,9.60,8.00,4.08,4.36,3.80,0
2019-20,playoffs,-,5,7,242.1,87227.3,16.50,8.70,7.80,3.83,4.14,3.54,0
2019-20,playoffs,-,0,4,240.0,94786.3,18.00,9.60,8.40,4.23,4.61,3.86,0
2019-20,playoffs,-,7,6,241.9,93574.5,17.70,9.40,8.30,4.11,4.45,3.78,0
2019-20,playoffs,-,16,5,240.0,88593.7,16.80,8.90,7.90,3.98,4.17,3.78,0
2019-20,playoffs,-,14,7,242.4,94584.5,17.90,9.90,8.00,4.21,4.57,3.83,0
2019-20,playoffs,-,5,5,242.5,95289.3,18.00,9.40,8.60,4.18,4.54,3.85,0
2019-20,playoffs,-,3,4,243.6,91713.4,17.40,9.60,7.80,4.00,4.30,3.67,0
2019-20,playoffs,-,1,4,240.0,97130.6,18.40,10.20,8.20,4.30,4.62,3.95,0
2019-20,playoffs,-,0,4,240.0,93045.0,17.60,9.60,8.10,4.12,4.32,3.90,0
2019-20,playoffs,-,1,4,240.0,91028.2,17.20,9.10,8.10,4.04,4.36,3.73,0
2019-20,playoffs,-,7,4,244.5,93389.4,17.70,9.40,8.30,4.05,4.33,3.76,0
2019-20,playoffs,-,3,4,243.6,93629.3,17.70,9.70,8.10,4.10,4.46,3.75,0
2019-20,play-in,-,0,1,240.0,95107.0,18.00,9.80,8.30,4.19,4.51,3.91,0
2019-20,play-in,-,1,0,240.0,90630.0,17.20,9.20,8.00,4.01,4.34,3.68,0
2020-21,regular-season,-,41,31,241.7,93753.6,17.80,9.70,8.10,4.14,4.44,3.83,0
2020-21,regular-season,-,36,36,241.4,93743.9,17.80,9.50,8.20,4.13,4.44,3.82,0
2020-21,regular-season,-,48,24,241.7,92116.6,17.40,9.40,8.10,4.08,4.48,3.69,0
2020-21,regular-season,-,33,39,241.0,97333.9,18.40,9.90,8.50,4.31,4.70,3.93,0
2020-21,regular-season,-,31,41,241.4,96504.7,18.30,9.90,8.40,4.27,4.60,3.94,0
2020-21,regular-season,-,22,50,242.1,94172.9,17.80,9.70,8.10,4.16,4.42,3.89,0
2020-21,regular-season,-,42,30,240.3,92460.2,17.50,9.60,8.00,4.15,4.43,3.86,0
2020-21,regular-season,-,47,25,242.8,93515.7,17.70,9.60,8.10,4.14,4.40,3.87,0
2020-21,regular-season,-,20,52,242.1,95428.1,18.10,9.90,8.10,4.24,4.54,3.93,0
2020-21,regular-season,-,39,33,240.3,95105.2,18.00,9.50,8.50,4.26,4.67,3.87,0
2020-21,regular-season,-,17,55,240.3,91461.1,17.30,9.20,8.10,4.11,4.39,3.84,0
2020-21,regular-season,-,34,38,242.4,99473.2,18.80,10.10,8.80,4.36,4.80,3.94,0
2020-21,regular-season,-,47,25,240.0,91390.9,17.30,9.40,7.90,4.09,4.34,3.83,0
2020-21,regular-season,-,42,30,242.4,92594.5,17.50,9.20,8.30,4.06,4.24,3.88,0
2020-21,regular-season,-,38,34,241.7,95536.4,18.10,9.60,8.50,4.26,4.57,3.97,0
2020-21,regular-season,-,40,32,241.4,95893.9,18.20,9.80,8.40,4.24,4.59,3.89,0
2020-21,regular-season,-,46,26,240.7,95551.1,18.10,9.60,8.50,4.23,4.68,3.82,0
2020-21,regular-season,-,23,49,241.7,96863.2,18.30,9.90,8.40,4.26,4.63,3.89,0
2020-21,regular-season,-,31,41,242.1,96932.8,18.40,9.90,8.40,4.28,4.68,3.89,0
2020-21,regular-season,-,41,31,242.1,94978.8,18.00,9.80,8.20,4.21,4.47,3.94,0
2020-21,regular-season,-,22,50,241.0,95582.2,18.10,10.00,8.10,4.28,4.67,3.87,0
2020-21,regular-season,-,21,51,240.7,95780.6,18.10,9.90,8.20,4.26,4.56,3.94,0
2020-21,regular-season,-,49,23,242.1,95156.3,18.00,9.70,8.30,4.19,4.48,3.90,0
2020-21,regular-season,-,51,21,242.8,93951.6,17.80,9.70,8.10,4.17,4.53,3.80,0
2020-21,regular-season,-,42,30,240.3,90025.7,17.10,9.30,7.80,4.06,4.31,3.80,0
2020-21,regular-season,-,31,41,240.3,95090.2,18.00,9.60,8.40,4.26,4.59,3.94,0
2020-21,regular-season,-,33,39,242.8,95728.4,18.10,9.80,8.40,4.27,4.57,3.96,0
2020-21,regular-season,-,27,45,240.3,96048.8,18.20,9.80,8.40,4.23,4.61,3.87,0
2020-21,regular-season,-,52,20,241.0,94938.9,18.00,9.80,8.20,4.22,4.60,3.84,0
2020-21,regular-season,-,34,38,241.7,95184.5,18.00,9.50,8.50,4.26,4.67,3.87,0
2020-21,playoffs,-,10,8,240.0,91675.0,17.40,9.40,8.00,4.05,4.35,3.74,0
2020-21,playoffs,-,1,4,240.0,91385.0,17.30,9.30,8.00,4.05,4.50,3.63,0
2020-21,playoffs,-,7,5,242.1,89607.4,17.00,9.30,7.70,3.95,4.18,3.70,0
2020-21,playoffs,-,3,4,240.0,89577.4,17.00,9.30,7.70,3.98,4.26,3.68,0
2020-21,playoffs,-,4,6,245.0,93962.9,17.80,9.70,8.10,4.07,4.37,3.76,0
2020-21,playoffs,-,10,9,240.0,88895.4,16.80,8.90,8.00,3.95,4.19,3.71,0
2020-21,playoffs,-,2,4,240.0,88677.8,16.80,8.70,8.10,3.92,4.12,3.72,0
2020-21,playoffs,-,1,4,240.0,94293.4,17.90,9.30,8.50,4.20,4.47,3.93,0
2020-21,playoffs,-,0,4,246.2,98027.5,18.60,10.00,8.50,4.25,4.62,3.89,0
2020-21,playoffs,-,16,7,242.2,92782.9,17.60,9.20,8.40,4.09,4.40,3.79,0
2020-21,playoffs,-,1,4,240.0,92759.0,17.60,9.50,8.10,4.08,4.37,3.78,0
2020-21,playoffs,-,7,5,240.0,93121.9,17.60,9.60,8.00,4.13,4.42,3.83,0
2020-21,playoffs,-,14,8,240.0,90998.6,17.20,9.50,7.80,4.04,4.38,3.70,0
2020-21,playoffs,-,2,4,248.3,90981.7,17.20,9.10,8.20,3.88,4.21,3.57,0
2020-21,playoffs,-,6,5,240.0,92313.6,17.50,9.50,8.00,4.10,4.47,3.74,0
2020-21,playoffs,-,1,4,240.0,94136.2,17.80,9.40,8.50,4.20,4.63,3.81,0
2020-21,play-in,-,1,0,240.0,95687.0,18.10,10.50,7.60,4.22,4.38,4.02,0
2020-21,play-in,-,0,1,240.0,101410.0,19.20,9.90,9.30,4.47,4.93,4.06,0
2020-21,play-in,-,0,2,252.5,95584.0,18.10,9.60,8.50,4.05,4.50,3.64,0
2020-21,play-in,-,1,1,240.0,101563.5,19.20,10.90,8.30,4.52,4.82,4.15,0
2020-21,play-in,-,1,0,240.0,91109.0,17.30,9.10,8.10,4.10,4.16,3.98,0
2020-21,play-in,-,2,0,252.5,97700.5,18.50,9.80,8.70,4.11,4.29,3.91,0
2020-21,play-in,-,0,1,240.0,95954.0,18.20,10.00,8.20,4.24,4.53,3.95,0
2020-21,play-in,-,1,1,240.0,96754.5,18.30,9.30,9.10,4.30,4.77,3.91,0
2021-22,regular-season,-,43,39,240.3,91440.6,17.30,9.30,8.00,4.09,4.40,3.77,0
2021-22,regular-season,-,51,30,242.8,90542.7,17.10,9.10,8.00,4.01,4.24,3.77,0
2021-22,regular-season,-,44,38,240.9,91294.0,17.30,9.20,8.10,4.08,4.35,3.81,0
2021-22,regular-season,-,43,38,242.5,97899.8,18.50,10.00,8.60,4.30,4.69,3.91,0
2021-22,regular-season,-,46,36,240.6,92901.9,17.60,9.40,8.20,4.16,4.45,3.88,0
2021-22,regular-season,-,44,38,240.6,93222.9,17.70,9.60,8.00,4.12,4.36,3.85,0
2021-22,regular-season,-,52,30,240.9,92652.2,17.50,9.50,8.00,4.10,4.30,3.88,0
2021-22,regular-season,-,48,34,241.5,91772.2,17.40,9.40,8.00,4.09,4.36,3.80,0
2021-22,regular-season,-,23,58,241.2,96008.4,18.20,9.80,8.40,4.22,4.55,3.89,0
2021-22,regular-season,-,53,28,240.6,94071.6,17.80,9.60,8.20,4.16,4.55,3.78,0
2021-22,regular-season,-,20,62,240.9,92755.5,17.60,9.40,8.10,4.08,4.34,3.82,0
2021-22,regular-season,-,25,57,242.4,97543.0,18.50,10.00,8.50,4.27,4.65,3.90,0
2021-22,regular-season,-,42,39,241.2,92597.1,17.50,9.40,8.10,4.07,4.34,3.80,0
2021-22,regular-season,-,33,49,243.7,91930.0,17.40,9.20,8.20,4.01,4.25,3.78,0
2021-22,regular-season,-,55,26,241.2,94796.4,18.00,9.60,8.40,4.21,4.48,3.94,0
2021-22,regular-season,-,53,29,242.1,95351.0,18.10,9.80,8.30,4.18,4.52,3.83,0
2021-22,regular-season,-,51,31,240.9,95312.2,18.10,9.60,8.50,4.21,4.61,3.83,0
2021-22,regular-season,-,46,36,241.2,93778.4,17.80,9.40,8.40,4.16,4.48,3.86,0
2021-22,regular-season,-,35,46,240.9,94576.4,17.90,9.60,8.30,4.17,4.47,3.87,0
2021-22,regular-season,-,36,45,241.2,94415.5,17.90,9.60,8.30,4.16,4.41,3.91,0
2021-22,regular-season,-,24,58,241.5,95452.2,18.10,9.90,8.20,4.27,4.68,3.86,0
2021-22,regular-season,-,22,60,241.2,96232.9,18.20,9.80,8.40,4.25,4.60,3.90,0
2021-22,regular-season,-,51,31,241.5,93049.8,17.60,9.40,8.20,4.12,4.34,3.89,0
2021-22,regular-season,-,63,18,240.6,92381.7,17.50,9.40,8.10,4.14,4.52,3.77,0
2021-22,regular-season,-,27,55,240.6,94363.3,17.90,9.60,8.30,4.16,4.46,3.86,0
2021-22,regular-season,-,29,52,241.5,95131.6,18.00,9.60,8.40,4.24,4.61,3.89,0
2021-22,regular-season,-,34,48,241.5,99245.3,18.80,10.20,8.60,4.37,4.87,3.90,0
2021-22,regular-season,-,48,34,242.1,95307.8,18.10,9.70,8.40,4.19,4.48,3.90,0
2021-22,regular-season,-,49,33,240.6,92805.6,17.60,9.50,8.10,4.09,4.39,3.79,0
2021-22,regular-season,-,35,47,241.8,94778.2,18.00,9.90,8.10,4.17,4.51,3.83,0
2021-22,playoffs,-,1,4,240.0,91440.0,17.30,9.30,8.10,4.02,4.35,3.70,0
2021-22,playoffs,-,14,10,240.0,88675.9,16.80,9.00,7.80,3.91,4.07,3.75,0
2021-22,playoffs,-,0,4,240.0,89598.8,17.00,9.20,7.80,3.92,4.29,3.56,0
2021-22,playoffs,-,1,4,240.0,94109.8,17.80,9.80,8.00,4.21,4.43,3.97,0
2021-22,playoffs,-,9,9,240.0,89933.9,17.00,9.30,7.80,4.01,4.15,3.87,0
2021-22,playoffs,-,1,4,240.0,92372.0,17.50,9.50,8.00,4.07,4.29,3.83,0
2021-22,playoffs,-,16,6,240.0,91664.6,17.40,9.40,8.00,4.06,4.53,3.62,0
2021-22,playoffs,-,6,6,240.0,96159.8,18.20,9.70,8.50,4.21,4.42,3.99,0
2021-22,playoffs,-,11,7,240.0,94037.9,17.80,9.60,8.20,4.16,4.47,3.84,0
2021-22,playoffs,-,7,5,240.0,93070.3,17.60,9.20,8.40,4.13,4.55,3.75,0
2021-22,playoffs,-,2,4,240.0,94913.0,18.00,9.60,8.40,4.13,4.40,3.86,0
2021-22,playoffs,-,2,4,240.0,91217.7,17.30,9.40,7.90,4.05,4.32,3.76,0
2021-22,playoffs,-,6,6,242.1,89908.5,17.00,9.00,8.00,3.95,4.15,3.75,0
2021-22,playoffs,-,7,6,240.0,89157.8,16.90,9.00,7.90,3.96,4.35,3.60,0
2021-22,playoffs,-,2,4,244.2,90977.3,17.20,9.10,8.10,3.96,4.30,3.65,0
2021-22,playoffs,-,2,4,240.0,89741.3,17.00,8.70,8.30,4.00,4.43,3.64,0
2021-22,play-in,-,2,0,240.0,91796.0,17.40,9.50,7.90,4.05,4.25,3.84,0
2021-22,play-in,-,1,0,240.0,90146.0,17.10,9.20,7.90,3.99,4.17,3.80,0
2021-22,play-in,-,0,1,240.0,96484.0,18.30,9.10,9.10,4.24,4.80,3.76,0
2021-22,play-in,-,0,2,240.0,90545.0,17.10,9.50,7.70,4.01,4.39,3.61,0
2021-22,play-in,-,0,2,240.0,89653.5,17.00,9.00,8.00,3.93,4.22,3.63,0
2021-22,play-in,-,1,0,240.0,92720.0,17.60,9.40,8.10,4.01,4.39,3.60,0
2021-22,play-in,-,2,0,240.0,92547.0,17.50,9.60,7.90,4.11,4.26,3.92,0
2021-22,play-in,-,0,1,240.0,95786.0,18.10,9.50,8.60,4.23,4.72,3.80,0
2022-23,regular-season,-,41,41,242.1,94684.2,17.90,9.60,8.40,4.14,4.48,3.82,0
2022-23,regular-season,-,57,25,243.7,91744.3,17.40,9.40,8.00,4.00,4.30,3.70,0
2022-23,regular-season,-,45,37,240.6,92771.8,17.60,9.50,8.10,4.10,4.45,3.76,0
2022-23,regular-season,-,27,55,241.8,98094.4,18.60,10.10,8.50,4.30,4.70,3.91,0
2022-23,regular-season,-,39,42,242.8,93837.6,17.80,9.30,8.50,4.12,4.43,3.82,0
2022-23,regular-season,-,51,31,242.4,92410.5,17.50,9.40,8.10,4.03,4.24,3.82,0
2022-23,regular-season,-,38,44,243.1,91963.3,17.40,9.40,8.00,4.02,4.24,3.78,0
2022-23,regular-season,-,53,29,240.9,91054.3,17.20,9.20,8.00,4.02,4.29,3.74,0
2022-23,regular-season,-,17,64,241.5,95536.3,18.10,9.70,8.40,4.20,4.47,3.92,0
2022-23,regular-season,-,43,38,241.9,94658.5,17.90,9.80,8.20,4.15,4.60,3.72,0
2022-23,regular-season,-,22,60,240.9,91391.7,17.30,9.40,7.90,4.02,4.24,3.79,0
2022-23,regular-season,-,35,47,240.9,98475.9,18.70,9.90,8.70,4.33,4.73,3.95,0
2022-23,regular-season,-,44,38,241.8,92527.9,17.50,9.40,8.10,4.05,4.31,3.78,0
2022-23,regular-season,-,43,39,242.4,92947.3,17.60,9.40,8.20,4.09,4.38,3.80,0
2022-23,regular-season,-,51,31,241.2,96380.1,18.30,9.60,8.70,4.22,4.50,3.96,0
2022-23,regular-season,-,44,38,241.5,94529.2,17.90,9.80,8.10,4.15,4.48,3.81,0
2022-23,regular-season,-,58,24,241.8,94821.5,18.00,9.60,8.30,4.17,4.48,3.86,0
2022-23,regular-season,-,41,40,241.9,95514.4,18.10,9.60,8.50,4.18,4.50,3.88,0
2022-23,regular-season,-,42,40,242.1,95267.9,18.00,9.60,8.40,4.17,4.49,3.86,0
2022-23,regular-season,-,47,35,243.4,95847.4,18.20,9.90,8.30,4.17,4.43,3.90,0
2022-23,regular-season,-,40,42,242.1,98150.2,18.60,10.00,8.60,4.30,4.74,3.89,0
2022-23,regular-season,-,34,48,241.2,96482.9,18.30,9.80,8.50,4.24,4.57,3.92,0
2022-23,regular-season,-,54,28,242.4,92069.3,17.40,9.30,8.10,4.03,4.24,3.82,0
2022-23,regular-season,-,45,37,241.2,94346.6,17.90,9.70,8.20,4.15,4.46,3.83,0
2022-23,regular-season,-,33,48,240.6,93134.2,17.60,9.50,8.10,4.10,4.37,3.83,0
2022-23,regular-season,-,48,34,241.8,98383.4,18.60,9.90,8.80,4.30,4.71,3.93,0
2022-23,regular-season,-,21,58,242.2,99922.4,18.90,10.40,8.50,4.37,4.83,3.92,0
2022-23,regular-season,-,41,41,241.5,94930.9,18.00,9.60,8.40,4.16,4.45,3.87,0
2022-23,regular-season,-,37,45,241.5,95426.4,18.10,9.90,8.20,4.17,4.52,3.80,0
2022-23,regular-season,-,35,47,240.9,94696.0,17.90,9.90,8.10,4.16,4.46,3.85,0
2022-23,playoffs,-,2,4,240.0,91670.7,17.40,9.40,8.00,4.07,4.40,3.74,0
2022-23,playoffs,-,11,9,241.3,88167.1,16.70,8.70,8.00,3.89,4.20,3.60,0
2022-23,playoffs,-,0,4,240.0,89455.8,16.90,8.90,8.10,3.99,4.47,3.57,0
2022-23,playoffs,-,1,4,240.0,88888.8,16.80,8.80,8.00,3.93,4.19,3.66,0
2022-23,playoffs,-,16,4,241.3,88570.5,16.80,9.10,7.70,3.89,4.10,3.67,0
2022-23,playoffs,-,6,7,240.0,94241.6,17.80,9.80,8.00,4.17,4.52,3.81,0
2022-23,playoffs,-,1,4,240.0,90898.8,17.20,9.10,8.20,4.01,4.35,3.69,0
2022-23,playoffs,-,8,8,241.6,89327.6,16.90,8.90,8.10,3.91,4.13,3.70,0
2022-23,playoffs,-,2,4,244.2,94714.3,17.90,9.60,8.30,4.07,4.36,3.78,0
2022-23,playoffs,-,13,10,241.1,92875.3,17.60,9.70,7.80,4.09,4.38,3.78,0
2022-23,playoffs,-,1,4,245.0,94870.6,18.00,9.30,8.60,4.12,4.41,3.85,0
2022-23,playoffs,-,1,4,245.0,92173.2,17.50,9.20,8.20,3.97,4.31,3.66,0
2022-23,playoffs,-,6,5,240.0,91024.0,17.20,9.20,8.10,4.01,4.30,3.73,0
2022-23,playoffs,-,7,4,242.3,89060.7,16.90,9.10,7.70,3.92,4.05,3.77,0
2022-23,playoffs,-,6,5,240.0,90102.8,17.10,9.20,7.90,3.98,4.35,3.63,0
2022-23,playoffs,-,3,4,240.0,98754.6,18.70,9.60,9.10,4.36,4.71,4.04,0
2022-23,play-in,-,1,0,240.0,91254.0,17.30,9.40,7.80,4.06,4.32,3.74,0
2022-23,play-in,-,1,1,240.0,91817.0,17.40,9.00,8.40,4.04,4.27,3.83,0
2022-23,play-in,-,1,0,265.0,97029.0,18.40,9.60,8.80,3.89,4.08,3.70,0
2022-23,play-in,-,1,1,240.0,93224.0,17.70,9.50,8.10,4.10,4.48,3.75,0
2022-23,play-in,-,1,1,252.5,96502.5,18.30,10.00,8.30,4.07,4.34,3.79,0
2022-23,play-in,-,0,1,240.0,93611.0,17.70,9.70,8.00,4.09,4.19,3.98,0
2022-23,play-in,-,1,1,240.0,94204.0,17.80,9.40,8.50,4.15,4.62,3.73,0
2022-23,play-in,-,0,1,240.0,92458.0,17.50,9.70,7.80,4.11,4.38,3.82,0
2023-24,regular-season,-,36,46,242.1,94997.5,18.00,9.60,8.40,4.19,4.50,3.89,0
2023-24,regular-season,-,63,18,241.9,92932.2,17.60,9.40,8.20,4.08,4.34,3.81,0
2023-24,regular-season,-,32,47,241.6,95668.3,18.10,9.90,8.20,4.20,4.51,3.87,0
2023-24,regular-season,-,20,61,240.6,98016.3,18.60,10.10,8.40,4.31,4.67,3.95,0
2023-24,regular-season,-,39,42,243.7,94453.0,17.90,9.40,8.50,4.16,4.48,3.86,0
2023-24,regular-season,-,48,34,241.5,95864.3,18.20,9.80,8.40,4.20,4.54,3.87,0
2023-24,regular-season,-,49,32,240.3,94083.6,17.80,9.40,8.40,4.17,4.43,3.91,0
2023-24,regular-season,-,55,25,240.3,92412.6,17.50,9.40,8.10,4.08,4.33,3.81,0
2023-24,regular-season,-,14,67,240.9,96934.9,18.40,9.90,8.50,4.27,4.63,3.91,0
2023-24,regular-season,-,46,35,241.9,96075.4,18.20,10.00,8.20,4.26,4.66,3.86,0
2023-24,regular-season,-,41,41,242.1,94756.5,17.90,9.50,8.40,4.15,4.44,3.86,0
2023-24,regular-season,-,47,35,240.3,100517.9,19.00,10.10,8.90,4.42,4.82,4.04,0
2023-24,regular-season,-,50,31,240.3,91534.4,17.30,9.30,8.00,4.05,4.29,3.81,0
2023-24,regular-season,-,46,35,242.2,90558.2,17.20,9.00,8.10,4.02,4.26,3.79,0
2023-24,regular-season,-,27,55,241.2,97825.8,18.50,10.00,8.60,4.29,4.53,4.05,0
2023-24,regular-season,-,46,36,240.9,96572.1,18.30,9.90,8.40,4.31,4.66,3.95,0
2023-24,regular-season,-,49,33,241.5,94887.3,18.00,9.50,8.40,4.15,4.44,3.86,0
2023-24,regular-season,-,56,26,241.5,96124.7,18.20,9.70,8.50,4.20,4.46,3.94,0
2023-24,regular-season,-,49,32,240.3,96518.6,18.30,9.70,8.60,4.24,4.54,3.95,0
2023-24,regular-season,-,50,32,240.6,94907.4,18.00,9.90,8.00,4.19,4.42,3.93,0
2023-24,regular-season,-,57,25,241.5,98768.7,18.70,10.10,8.60,4.32,4.75,3.91,0
2023-24,regular-season,-,47,35,241.2,96629.0,18.30,9.90,8.40,4.23,4.47,3.98,0
2023-24,regular-season,-,46,35,241.2,97250.5,18.40,10.00,8.40,4.25,4.56,3.94,0
2023-24,regular-season,-,49,32,241.2,91941.3,17.40,9.40,8.10,4.08,4.32,3.83,0
2023-24,regular-season,-,20,61,242.2,97457.2,18.50,9.90,8.60,4.25,4.50,4.00,0
2023-24,regular-season,-,46,36,242.1,100116.1,19.00,10.10,8.80,4.40,4.79,4.02,0
2023-24,regular-season,-,21,60,241.9,101175.5,19.20,10.30,8.80,4.42,4.84,4.02,0
2023-24,regular-season,-,25,56,241.2,97733.9,18.50,9.70,8.80,4.27,4.61,3.95,0
2023-24,regular-season,-,31,50,241.5,97303.2,18.40,10.10,8.30,4.23,4.53,3.93,0
2023-24,regular-season,-,15,67,240.6,98592.8,18.70,10.00,8.70,4.34,4.75,3.94,0
2023-24,playoffs,-,16,3,241.3,90081.3,17.10,9.00,8.10,3.98,4.08,3.87,0
2023-24,playoffs,-,5,7,240.0,92617.9,17.50,9.40,8.20,4.10,4.49,3.73,0
2023-24,playoffs,-,13,9,240.0,90608.0,17.20,9.00,8.20,4.01,4.29,3.75,0
2023-24,playoffs,-,7,5,240.0,89141.2,16.90,9.10,7.70,3.95,4.22,3.68,0
2023-24,playoffs,-,8,9,242.9,99253.9,18.80,9.50,9.30,4.34,4.68,4.05,0
2023-24,playoffs,-,2,4,240.0,88108.7,16.70,9.00,7.70,3.88,4.08,3.67,0
2023-24,playoffs,-,1,4,240.0,87709.8,16.60,8.60,8.00,3.90,4.14,3.65,0
2023-24,playoffs,-,1,4,240.0,96084.4,18.20,10.00,8.20,4.28,4.68,3.87,0
2023-24,playoffs,-,2,4,244.2,94207.3,17.80,9.70,8.10,4.12,4.25,3.98,0
2023-24,playoffs,-,9,7,240.0,93125.2,17.60,9.30,8.30,4.11,4.29,3.93,0
2023-24,playoffs,-,0,4,240.0,93994.8,17.80,9.40,8.40,4.17,4.39,3.94,0
2023-24,playoffs,-,7,6,241.9,94913.2,18.00,9.90,8.10,4.14,4.33,3.94,0
2023-24,playoffs,-,6,4,240.0,94953.6,18.00,9.70,8.30,4.21,4.52,3.90,0
2023-24,playoffs,-,3,4,240.0,94847.7,18.00,9.50,8.40,4.19,4.37,4.01,0
2023-24,playoffs,-,2,4,244.2,92180.2,17.50,9.00,8.50,3.97,4.24,3.73,0
2023-24,playoffs,-,0,4,240.0,91314.8,17.30,8.90,8.40,3.98,4.39,3.63,0
2023-24,play-in,-,0,1,240.0,93708.0,17.70,9.60,8.20,4.18,4.57,3.84,0
2023-24,play-in,-,1,1,240.0,93234.0,17.70,9.20,8.50,4.15,4.37,3.96,0
2023-24,play-in,-,0,1,240.0,95073.0,18.00,9.70,8.40,4.16,4.61,3.79,0
2023-24,play-in,-,1,0,240.0,90080.0,17.10,9.30,7.70,3.99,4.07,3.84,0
2023-24,play-in,-,1,1,240.0,97795.0,18.50,10.10,8.40,4.30,4.67,3.93,0
2023-24,play-in,-,1,1,240.0,95421.0,18.10,9.50,8.60,4.19,4.41,3.97,0
2023-24,play-in,-,1,0,240.0,92476.0,17.50,9.40,8.10,4.03,4.22,3.83,0
2023-24,play-in,-,1,1,240.0,96145.0,18.20,9.50,8.70,4.21,4.48,3.95,0
2023-24,ist,-,1,3,240.0,96567.0,18.30,9.80,8.50,4.26,4.53,3.99,0
2023-24,ist,-,3,2,240.0,92691.2,17.60,9.50,8.10,4.09,4.39,3.79,0
2023-24,ist,-,3,1,240.0,93557.3,17.70,9.80,7.90,4.14,4.57,3.71,0
2023-24,ist,-,1,3,240.0,99257.8,18.80,10.20,8.60,4.33,4.77,3.90,0
2023-24,ist,-,0,4,240.0,92424.3,17.50,9.20,8.40,4.13,4.45,3.83,0
2023-24,ist,-,3,1,246.3,99250.3,18.80,10.10,8.70,4.23,4.60,3.86,0
2023-24,ist,-,2,2,240.0,94391.5,17.90,9.50,8.30,4.14,4.44,3.84,0
2023-24,ist,-,2,2,240.0,92109.8,17.40,9.50,8.00,4.04,4.37,3.71,0
2023-24,ist,-,0,4,240.0,96588.3,18.30,9.90,8.40,4.22,4.61,3.83,0
2023-24,ist,-,2,2,240.0,97710.5,18.50,10.10,8.40,4.26,4.64,3.87,0
2023-24,ist,-,2,2,240.0,93065.5,17.60,9.40,8.20,4.00,4.26,3.73,0
2023-24,ist,-,6,0,240.0,100455.0,19.00,10.20,8.80,4.43,4.84,4.02,0
2023-24,ist,-,1,3,240.0,89897.0,17.00,9.20,7.90,4.09,4.35,3.83,0
2023-24,ist,-,5,0,240.0,89546.8,17.00,8.80,8.10,3.97,4.25,3.71,0
2023-24,ist,-,0,4,246.2,97962.8,18.60,10.30,8.20,4.18,4.50,3.85,0
2023-24,ist,-,2,2,240.0,96315.3,18.20,9.90,8.30,4.26,4.63,3.89,0
2023-24,ist,-,5,1,240.0,95418.5,18.10,9.60,8.50,4.24,4.47,4.00,0
2023-24,ist,-,3,1,240.0,97077.5,18.40,9.80,8.60,4.22,4.44,3.98,0
2023-24,ist,-,4,1,240.0,97704.8,18.50,10.10,8.40,4.26,4.58,3.93,0
2023-24,ist,-,3,2,240.0,96451.8,18.30,10.10,8.20,4.27,4.57,3.95,0
2023-24,ist,-,1,3,240.0,99881.8,18.90,10.20,8.80,4.32,4.69,3.94,0
2023-24,ist,-,3,1,240.0,96569.8,18.30,10.20,8.10,4.24,4.53,3.92,0
2023-24,ist,-,2,2,246.3,100338.3,19.00,10.30,8.70,4.26,4.55,3.96,0
2023-24,ist,-,3,2,240.0,91710.0,17.40,9.50,7.80,4.05,4.36,3.73,0
2023-24,ist,-,1,3,246.3,96203.0,18.20,9.80,8.40,4.13,4.39,3.86,0
2023-24,ist,-,4,1,240.0,101962.0,19.30,10.30,9.00,4.50,4.89,4.13,0
2023-24,ist,-,0,4,240.0,102656.5,19.40,10.50,8.90,4.48,4.85,4.11,0
2023-24,ist,-,1,3,240.0,96372.8,18.30,9.70,8.50,4.25,4.51,4.00,0
2023-24,ist,-,2,2,240.0,95035.8,18.00,9.70,8.30,4.14,4.58,3.73,0
2023-24,ist,-,0,4,240.0,98112.5,18.60,10.00,8.60,4.25,4.66,3.85,0
2024-25,regular-season,-,40,42,241.2,99116.9,18.80,9.90,8.80,4.36,4.82,3.93,0
2024-25,regular-season,-,61,21,241.8,91069.9,17.20,9.20,8.00,4.05,4.20,3.88,0
2024-25,regular-season,-,26,56,241.2,98635.8,18.70,10.10,8.60,4.31,4.52,4.10,0
2024-25,regular-season,-,19,63,240.9,98180.6,18.60,10.00,8.60,4.32,4.58,4.05,0
2024-25,regular-season,-,39,43,240.9,98286.5,18.60,9.80,8.80,4.34,4.77,3.94,0
2024-25,regular-season,-,64,18,240.9,97393.2,18.40,9.70,8.70,4.28,4.70,3.90,0
2024-25,regular-season,-,39,43,240.6,94829.5,18.00,9.60,8.40,4.19,4.48,3.91,0
2024-25,regular-season,-,50,32,242.1,92722.8,17.60,9.30,8.30,4.10,4.42,3.80,0
2024-25,regular-season,-,44,38,241.5,96874.2,18.30,9.70,8.70,4.25,4.52,3.98,0
2024-25,regular-season,-,48,34,240.6,98992.3,18.70,10.10,8.60,4.37,4.71,4.02,0
2024-25,regular-season,-,52,30,241.2,94849.2,18.00,9.60,8.40,4.16,4.37,3.94,0
2024-25,regular-season,-,50,32,242.1,100857.0,19.10,10.00,9.10,4.41,4.71,4.12,0
2024-25,regular-season,-,50,32,241.5,92941.5,17.60,9.40,8.20,4.08,4.27,3.88,0
2024-25,regular-season,-,50,32,240.6,92749.8,17.60,9.40,8.10,4.09,4.30,3.87,0
2024-25,regular-season,-,48,34,240.3,100740.8,19.10,10.00,9.10,4.48,4.84,4.15,0
2024-25,regular-season,-,37,45,243.1,98368.8,18.60,10.00,8.60,4.30,4.58,4.01,0
2024-25,regular-season,-,48,34,240.9,94907.8,18.00,9.50,8.40,4.20,4.46,3.93,0
2024-25,regular-season,-,49,33,241.8,96270.7,18.20,9.70,8.50,4.22,4.47,3.97,0
2024-25,regular-season,-,21,61,240.9,98615.8,18.70,9.90,8.70,4.34,4.61,4.06,0
2024-25,regular-season,-,51,31,242.4,94282.5,17.90,9.70,8.20,4.16,4.36,3.95,0
2024-25,regular-season,-,68,14,240.3,97438.5,18.50,9.80,8.70,4.30,4.65,3.96,0
2024-25,regular-season,-,41,41,240.6,95447.4,18.10,9.80,8.30,4.19,4.38,3.98,0
2024-25,regular-season,-,24,58,241.5,95724.4,18.10,9.80,8.30,4.19,4.46,3.90,0
2024-25,regular-season,-,36,46,241.8,95912.8,18.20,10.00,8.20,4.21,4.46,3.95,0
2024-25,regular-season,-,36,46,241.2,97613.1,18.50,9.60,8.90,4.29,4.52,4.06,0
2024-25,regular-season,-,40,42,242.4,98001.9,18.60,9.90,8.70,4.29,4.60,3.98,0
2024-25,regular-season,-,34,48,240.6,96322.3,18.20,9.70,8.60,4.25,4.56,3.95,0
2024-25,regular-season,-,30,52,241.5,100953.2,19.10,9.90,9.20,4.42,4.71,4.14,0
2024-25,regular-season,-,17,65,241.5,97679.1,18.50,10.00,8.50,4.27,4.49,4.04,0
2024-25,regular-season,-,18,64,240.6,98853.2,18.70,10.10,8.70,4.36,4.71,4.01,0
2024-25,playoffs,-,6,5,242.3,90087.6,17.10,9.00,8.10,3.94,4.20,3.68,0
2024-25,playoffs,-,5,4,240.0,98550.9,18.70,9.80,8.90,4.33,4.65,4.03,0
2024-25,playoffs,-,7,7,243.6,90972.8,17.20,9.40,7.80,3.95,4.13,3.76,0
2024-25,playoffs,-,2,4,240.0,94030.0,17.80,9.20,8.60,4.06,4.40,3.75,0
2024-25,playoffs,-,5,7,240.0,96350.7,18.20,9.90,8.40,4.23,4.58,3.87,0
2024-25,playoffs,-,3,4,240.0,92875.7,17.60,9.10,8.40,4.09,4.21,3.97,0
2024-25,playoffs,-,15,8,242.2,101824.1,19.30,10.20,9.10,4.43,4.72,4.15,0
2024-25,playoffs,-,3,4,243.6,88688.1,16.80,8.80,7.90,3.85,4.12,3.58,0
2024-25,playoffs,-,1,4,240.0,87939.4,16.70,8.80,7.90,3.89,4.15,3.63,0
2024-25,playoffs,-,0,4,240.0,98631.5,18.70,10.10,8.60,4.33,4.51,4.16,0
2024-25,playoffs,-,0,4,240.0,95888.3,18.20,9.80,8.30,4.24,4.48,4.01,0
2024-25,playoffs,-,1,4,245.0,97672.4,18.50,9.50,9.00,4.25,4.54,3.98,0
2024-25,playoffs,-,9,6,240.0,93744.5,17.80,9.30,8.40,4.12,4.33,3.91,0
2024-25,playoffs,-,10,8,242.8,94884.2,18.00,9.70,8.20,4.09,4.21,3.95,0
2024-25,playoffs,-,16,7,241.1,97173.0,18.40,9.60,8.80,4.26,4.58,3.95,0
2024-25,playoffs,-,1,4,240.0,93269.0,17.70,9.50,8.10,4.14,4.45,3.82,0
2024-25,play-in,-,0,2,252.5,101705.0,19.30,9.90,9.40,4.30,4.91,3.82,0
2024-25,play-in,-,0,1,240.0,94344.0,17.90,9.10,8.80,4.19,4.69,3.77,0
2024-25,play-in,-,1,1,240.0,93982.5,17.80,9.40,8.40,4.16,4.54,3.81,0
2024-25,play-in,-,1,0,240.0,97783.0,18.50,10.00,8.50,4.27,4.41,4.13,0
2024-25,play-in,-,1,1,240.0,96686.0,18.30,9.50,8.80,4.24,4.45,4.02,0
2024-25,play-in,-,2,0,252.5,100891.5,19.10,10.60,8.50,4.25,4.32,4.17,0
2024-25,play-in,-,1,0,240.0,97254.0,18.40,10.20,8.20,4.35,4.40,4.29,0
2024-25,play-in,-,0,1,240.0,95147.0,18.00,9.70,8.30,4.24,4.44,4.02,0
2024-25,ist,-,4,2,240.0,97679.8,18.50,9.70,8.80,4.37,4.74,4.02,0
2024-25,ist,-,3,1,240.0,92909.3,17.60,9.40,8.20,4.12,4.19,4.05,0
2024-25,ist,-,1,3,240.0,97463.8,18.50,9.60,8.80,4.24,4.41,4.09,0
2024-25,ist,-,0,4,240.0,96708.3,18.30,9.80,8.50,4.24,4.54,3.93,0
2024-25,ist,-,2,2,240.0,99031.8,18.80,9.80,9.00,4.38,4.80,3.99,0
2024-25,ist,-,2,2,240.0,97400.3,18.40,9.70,8.80,4.28,4.58,3.99,0
2024-25,ist,-,3,2,240.0,94611.8,17.90,9.30,8.60,4.18,4.44,3.94,0
2024-25,ist,-,2,2,240.0,94974.5,18.00,9.40,8.60,4.18,4.43,3.94,0
2024-25,ist,-,3,1,246.2,99021.0,18.80,10.10,8.70,4.27,4.51,4.01,0
2024-25,ist,-,3,2,240.0,99362.4,18.80,10.30,8.60,4.38,4.77,3.99,0
2024-25,ist,-,4,2,244.2,96206.5,18.20,9.70,8.50,4.19,4.41,3.97,0
2024-25,ist,-,0,4,240.0,101036.8,19.10,10.00,9.20,4.41,4.73,4.11,0
2024-25,ist,-,2,2,240.0,92253.5,17.50,9.40,8.10,4.08,4.26,3.89,0
2024-25,ist,-,2,2,240.0,92548.0,17.50,9.10,8.40,4.10,4.40,3.81,0
2024-25,ist,-,1,3,240.0,104890.3,19.90,10.30,9.60,4.60,4.91,4.31,0
2024-25,ist,-,2,2,246.3,100661.5,19.10,10.20,8.90,4.30,4.56,4.03,0
2024-25,ist,-,6,0,240.0,93837.5,17.80,9.60,8.20,4.15,4.35,3.93,0
2024-25,ist,-,2,2,252.5,100767.5,19.10,10.20,8.90,4.24,4.51,3.97,0
2024-25,ist,-,1,3,240.0,98563.0,18.70,10.20,8.40,4.36,4.49,4.20,0
2024-25,ist,-,4,1,240.0,94227.6,17.80,9.60,8.20,4.19,4.45,3.92,0
2024-25,ist,-,5,1,240.0,96084.3,18.20,9.70,8.50,4.28,4.64,3.93,0
2024-25,ist,-,3,2,240.0,95634.0,18.10,9.70,8.40,4.18,4.44,3.90,0
2024-25,ist,-,2,2,240.0,93613.0,17.70,9.50,8.20,4.10,4.45,3.75,0
2024-25,ist,-,3,1,240.0,95543.0,18.10,9.90,8.20,4.21,4.58,3.84,0
2024-25,ist,-,2,2,240.0,96646.5,18.30,9.80,8.50,4.27,4.45,4.08,0
2024-25,ist,-,1,3,246.3,99850.3,18.90,9.90,9.00,4.30,4.78,3.89,0
2024-25,ist,-,2,2,240.0,95022.8,18.00,9.60,8.40,4.20,4.45,3.94,0
2024-25,ist,-,1,3,240.0,100597.8,19.10,9.80,9.30,4.41,4.64,4.19,0
2024-25,ist,-,0,4,240.0,96782.0,18.30,10.00,8.30,4.25,4.47,4.01,0
2024-25,ist,-,0,4,240.0,100240.8,19.00,10.50,8.50,4.41,4.76,4.05,0
2025-26,regular-season,-,16,19,241.4,94286.9,17.90,9.40,8.40,4.51,4.95,4.10,0
2025-26,regular-season,-,21,12,240.0,91061.5,17.20,9.40,7.90,4.40,4.64,4.14,0
2025-26,regular-season,-,10,21,240.0,91717.4,17.40,9.40,8.00,4.43,4.67,4.17,0
2025-26,regular-season,-,11,22,242.3,93795.3,17.80,9.80,8.00,4.47,4.78,4.15,0
2025-26,regular-season,-,16,17,241.5,93804.6,17.80,9.50,8.30,4.51,4.92,4.11,0
2025-26,regular-season,-,19,16,241.4,92645.5,17.50,9.10,8.40,4.43,4.81,4.08,0
2025-26,regular-season,-,12,23,243.6,92614.8,17.50,9.40,8.10,4.38,4.70,4.06,0
2025-26,regular-season,-,23,10,242.3,87672.3,16.60,8.90,7.70,4.17,4.36,3.97,0
2025-26,regular-season,-,24,9,241.5,92341.6,17.50,9.20,8.30,4.37,4.62,4.12,0
2025-26,regular-season,-,18,16,241.5,92311.6,17.50,9.60,7.90,4.42,4.68,4.14,0
2025-26,regular-season,-,21,10,244.8,86654.6,16.40,8.90,7.50,4.06,4.16,3.94,0
2025-26,regular-season,-,6,28,241.5,95052.4,18.00,9.50,8.50,4.55,4.89,4.22,0
2025-26,regular-season,-,12,21,241.5,87355.8,16.50,8.90,7.60,4.17,4.28,4.04,0
2025-26,regular-season,-,20,11,240.0,85059.3,16.10,8.70,7.40,4.09,4.31,3.85,0
2025-26,regular-season,-,15,18,241.5,92258.2,17.50,9.10,8.40,4.43,4.70,4.17,0
2025-26,regular-season,-,18,14,240.8,95226.3,18.00,9.50,8.60,4.57,5.17,4.05,0
2025-26,regular-season,-,14,19,241.5,90216.8,17.10,9.00,8.10,4.33,4.55,4.11,0
2025-26,regular-season,-,21,13,242.2,90354.9,17.10,9.00,8.20,4.31,4.56,4.07,0
2025-26,regular-season,-,8,27,242.9,91951.4,17.40,9.30,8.10,4.36,4.63,4.09,0
2025-26,regular-season,-,23,10,240.0,92294.2,17.50,9.60,7.90,4.45,4.68,4.20,0
2025-26,regular-season,-,29,5,242.9,91761.2,17.40,9.10,8.20,4.39,4.73,4.06,0
2025-26,regular-season,-,19,15,241.5,92237.9,17.50,9.30,8.20,4.39,4.66,4.12,0
2025-26,regular-season,-,18,14,243.9,90741.8,17.20,9.30,7.90,4.30,4.52,4.08,0
2025-26,regular-season,-,19,14,240.8,90581.1,17.20,9.10,8.10,4.35,4.66,4.05,0
2025-26,regular-season,-,14,20,241.5,92595.3,17.50,9.10,8.40,4.41,4.71,4.13,0
2025-26,regular-season,-,8,26,242.2,90670.0,17.20,9.10,8.10,4.32,4.57,4.06,0
2025-26,regular-season,-,24,9,240.8,91636.6,17.40,9.10,8.30,4.40,4.66,4.15,0
2025-26,regular-season,-,20,15,241.4,93130.8,17.60,9.10,8.50,4.45,4.73,4.18,0
2025-26,regular-season,-,12,21,243.8,91024.2,17.20,9.20,8.00,4.29,4.56,4.02,0
2025-26,regular-season,-,8,24,241.6,93997.4,17.80,9.50,8.30,4.52,4.89,4.17,0
2025-26,ist,-,2,2,240.0,91344.0,17.30,9.30,8.00,4.59,5.00,4.19,0
2025-26,ist,-,2,2,240.0,88987.0,16.90,9.00,7.90,4.41,4.66,4.15,0
2025-26,ist,-,1,3,240.0,90300.5,17.10,9.20,7.90,4.46,4.69,4.22,0
2025-26,ist,-,1,3,246.3,95222.5,18.00,10.00,8.10,4.57,4.83,4.29,0
2025-26,ist,-,1,3,240.0,92970.3,17.60,9.30,8.40,4.64,5.08,4.23,0
2025-26,ist,-,2,2,240.0,88956.5,16.80,8.80,8.10,4.52,4.82,4.24,0
2025-26,ist,-,1,3,252.5,95110.5,18.00,9.80,8.30,4.39,4.80,3.98,0
2025-26,ist,-,2,2,240.0,83796.5,15.90,8.40,7.50,4.10,4.32,3.88,0
2025-26,ist,-,2,2,240.0,89146.8,16.90,8.80,8.10,4.39,4.66,4.13,0
2025-26,ist,-,1,3,240.0,86710.0,16.40,9.00,7.40,4.31,4.59,4.02,0
2025-26,ist,-,2,2,240.0,82400.8,15.60,8.40,7.20,4.08,4.18,3.98,0
2025-26,ist,-,1,3,240.0,92051.0,17.40,9.40,8.00,4.57,4.80,4.34,0
2025-26,ist,-,2,2,252.5,90005.5,17.00,9.20,7.80,4.16,4.27,4.03,0
2025-26,ist,-,4,1,240.0,82767.6,15.70,8.10,7.50,4.07,4.34,3.81,0
2025-26,ist,-,3,1,246.3,90791.8,17.20,8.90,8.30,4.36,4.61,4.12,0
2025-26,ist,-,2,2,240.0,93318.3,17.70,9.20,8.50,4.63,5.23,4.12,0
2025-26,ist,-,2,1,248.3,91540.7,17.30,9.10,8.20,4.38,4.60,4.16,0
2025-26,ist,-,2,2,240.0,88149.0,16.70,8.80,7.80,4.37,4.59,4.15,0
2025-26,ist,-,0,4,246.3,91666.3,17.40,9.20,8.10,4.37,4.69,4.06,0
2025-26,ist,-,5,1,240.0,89719.3,17.00,9.20,7.80,4.45,4.63,4.25,0
2025-26,ist,-,5,1,240.0,88470.5,16.80,8.80,8.00,4.40,4.74,4.08,0
2025-26,ist,-,5,1,240.0,88537.2,16.80,9.00,7.80,4.37,4.65,4.09,0
2025-26,ist,-,1,3,240.0,87621.5,16.60,8.90,7.70,4.32,4.60,4.02,0
2025-26,ist,-,3,2,240.0,88241.4,16.70,9.00,7.70,4.39,4.64,4.13,0
2025-26,ist,-,2,2,240.0,90303.0,17.10,9.00,8.20,4.46,4.87,4.08,0
2025-26,ist,-,0,4,240.0,87864.3,16.60,8.80,7.80,4.38,4.62,4.13,0
2025-26,ist,-,5,1,240.0,87993.7,16.70,8.90,7.80,4.38,4.70,4.06,0
2025-26,ist,-,4,1,240.0,90514.8,17.10,9.00,8.20,4.52,4.78,4.26,0
2025-26,ist,-,1,3,240.0,88450.3,16.80,9.00,7.70,4.38,4.66,4.09,0
2025-26,ist,-,1,3,240.0,90289.3,17.10,9.20,7.90,4.57,4.92,4.22,0
