SEASON,SEASON_TYPE,TEAM_ABB,GP,W,L,MIN,OREB,OREB_CONTEST,OREB_CONTEST_PCT,OREB_CHANCES,OREB_CHANCE_PCT,OREB_CHANCE_DEFER,OREB_CHANCE_PCT_ADJ
2015-16,regular-season,-,48,34,229.5,8.3,5.0,61.0,24.0,34.5,0.6,35.3,0
2015-16,regular-season,-,47,34,232.4,11.6,6.7,57.8,31.8,36.6,1.0,37.8,0
2015-16,regular-season,-,21,61,227.1,10.5,6.4,60.4,28.3,37.2,1.0,38.6,0
2015-16,regular-season,-,48,34,233.6,8.9,5.0,56.5,25.4,35.2,0.9,36.4,0
2015-16,regular-season,-,42,40,231.1,11.0,6.7,60.3,30.1,36.8,0.9,37.9,0
2015-16,regular-season,-,57,25,226.6,10.6,6.3,59.5,28.4,37.4,0.8,38.5,0
2015-16,regular-season,-,42,40,231.9,9.2,5.4,59.3,25.0,36.7,1.0,38.1,0
2015-16,regular-season,-,33,49,232.1,11.5,6.8,59.3,31.5,36.4,0.7,37.2,0
2015-16,regular-season,-,44,38,232.7,12.4,7.6,60.9,29.9,41.5,0.6,42.4,0
2015-16,regular-season,-,73,9,232.8,10.0,5.9,59.2,26.2,38.0,0.7,39.0,0
2015-16,regular-season,-,41,41,225.3,11.3,6.9,61.2,29.8,38.1,0.8,39.1,0
2015-16,regular-season,-,45,37,232.6,10.3,6.0,57.9,27.3,37.9,0.7,38.9,0
2015-16,regular-season,-,53,29,222.5,8.8,4.9,55.8,22.1,39.7,0.9,41.4,0
2015-16,regular-season,-,17,65,229.8,10.7,6.1,56.9,31.5,33.9,1.0,35.1,0
2015-16,regular-season,-,42,40,230.5,11.2,6.9,62.1,29.9,37.3,1.0,38.6,0
2015-16,regular-season,-,48,34,234.4,9.8,6.1,62.2,26.4,37.3,0.7,38.3,0
2015-16,regular-season,-,33,49,230.3,10.5,6.3,60.5,28.0,37.4,1.0,38.7,0
2015-16,regular-season,-,29,53,224.2,10.0,5.9,59.3,26.6,37.7,0.8,38.8,0
2015-16,regular-season,-,30,52,230.7,9.5,5.6,59.4,25.1,37.9,0.5,38.7,0
2015-16,regular-season,-,32,50,231.2,10.4,6.4,61.4,26.6,39.0,0.7,40.1,0
2015-16,regular-season,-,55,27,226.8,13.1,8.1,61.9,32.8,39.8,1.1,41.1,0
2015-16,regular-season,-,35,46,230.1,10.3,5.9,57.0,27.2,37.9,0.8,39.0,0
2015-16,regular-season,-,10,72,229.7,9.5,5.3,56.2,26.5,35.7,0.8,36.8,0
2015-16,regular-season,-,23,59,225.6,11.5,6.5,56.9,31.5,36.5,1.2,37.9,0
2015-16,regular-season,-,44,38,231.9,11.6,6.5,56.6,31.4,36.8,1.0,38.1,0
2015-16,regular-season,-,33,48,228.2,10.6,6.0,56.5,29.4,36.1,1.0,37.3,0
2015-16,regular-season,-,67,15,223.8,9.4,5.4,57.7,23.2,40.3,0.7,41.6,0
2015-16,regular-season,-,55,26,232.1,10.2,6.4,62.5,29.3,34.8,0.7,35.6,0
2015-16,regular-season,-,40,42,230.1,10.7,6.4,59.3,29.2,36.7,0.9,37.9,0
2015-16,regular-season,-,41,41,231.6,9.0,5.0,55.5,26.2,34.5,0.9,35.7,0
2015-16,playoffs,-,4,6,232.6,8.9,5.3,59.6,25.4,35.0,0.5,35.7,0
2015-16,playoffs,-,2,4,237.8,10.7,5.7,53.1,33.5,31.8,0.8,32.7,0
2015-16,playoffs,-,3,4,232.5,7.1,4.0,56.0,28.4,25.1,0.4,25.5,0
2015-16,playoffs,-,16,5,224.4,10.7,6.8,63.8,29.4,36.2,0.9,37.3,0
2015-16,playoffs,-,1,4,237.5,9.2,4.6,50.0,31.2,29.5,1.2,30.7,0
2015-16,playoffs,-,0,4,231.5,7.0,4.5,64.3,16.3,43.1,0.3,43.8,0
2015-16,playoffs,-,15,9,232.5,10.5,5.6,53.2,27.4,38.4,0.8,39.5,0
2015-16,playoffs,-,1,4,227.4,14.4,8.8,61.1,39.6,36.4,1.4,37.7,0
2015-16,playoffs,-,3,4,232.1,9.1,6.0,65.6,25.0,36.6,1.1,38.3,0
2015-16,playoffs,-,2,4,220.3,11.3,6.2,54.4,25.0,45.3,1.3,47.9,0
2015-16,playoffs,-,0,4,232.3,13.8,9.8,70.9,37.0,37.2,1.5,38.7,0
2015-16,playoffs,-,7,7,240.1,9.1,6.4,70.1,26.1,34.7,1.1,36.3,0
2015-16,playoffs,-,11,7,227.9,12.5,7.4,59.1,33.0,37.9,0.9,39.0,0
2015-16,playoffs,-,5,6,232.3,12.9,7.0,54.2,34.5,37.4,1.5,39.0,0
2015-16,playoffs,-,6,4,225.6,7.9,4.2,53.2,25.1,31.5,0.5,32.1,0
2015-16,playoffs,-,10,10,231.4,10.8,6.1,56.0,33.9,31.9,1.0,32.9,0
2016-17,regular-season,-,43,39,230.9,10.3,5.9,57.7,29.8,34.4,0.6,35.1,0
2016-17,regular-season,-,53,29,233.5,9.0,5.1,55.9,29.0,31.2,0.8,32.0,0
2016-17,regular-season,-,20,61,231.7,8.7,5.4,62.1,27.2,32.1,0.7,32.9,0
2016-17,regular-season,-,36,46,232.8,8.8,5.1,58.1,26.4,33.3,0.9,34.4,0
2016-17,regular-season,-,41,41,232.4,12.2,7.3,60.2,33.5,36.3,0.9,37.3,0
2016-17,regular-season,-,51,31,227.5,9.3,5.5,58.7,26.3,35.5,0.9,36.7,0
2016-17,regular-season,-,32,49,228.2,7.9,3.9,49.9,22.0,35.7,0.8,37.1,0
2016-17,regular-season,-,39,42,233.3,11.8,7.5,63.9,30.8,38.2,1.0,39.5,0
2016-17,regular-season,-,37,45,230.8,11.1,7.1,63.9,28.3,39.1,0.7,40.1,0
2016-17,regular-season,-,67,15,229.1,9.4,5.1,54.2,25.5,36.8,1.0,38.3,0
2016-17,regular-season,-,55,27,234.1,10.9,6.2,56.6,29.6,36.7,0.8,37.7,0
2016-17,regular-season,-,42,39,232.8,9.0,5.1,57.0,25.5,35.3,0.8,36.5,0
2016-17,regular-season,-,51,31,223.5,9.0,5.4,60.4,23.0,39.1,0.6,40.3,0
2016-17,regular-season,-,26,56,228.3,11.4,6.5,57.3,32.1,35.4,1.1,36.7,0
2016-17,regular-season,-,43,39,230.8,10.8,6.6,61.3,29.4,36.8,0.9,37.9,0
2016-17,regular-season,-,41,41,233.5,10.6,6.3,59.5,30.5,34.8,1.0,36.0,0
2016-17,regular-season,-,42,40,224.6,8.8,5.4,61.7,24.2,36.5,0.7,37.5,0
2016-17,regular-season,-,31,51,229.8,11.4,6.9,60.0,30.5,37.4,1.0,38.6,0
2016-17,regular-season,-,34,48,230.0,8.6,5.0,58.3,22.9,37.4,0.7,38.6,0
2016-17,regular-season,-,31,51,231.4,12.0,7.0,58.5,31.0,38.7,0.9,39.9,0
2016-17,regular-season,-,47,35,226.2,12.2,7.4,60.5,34.7,35.2,0.9,36.2,0
2016-17,regular-season,-,29,53,225.9,9.8,5.6,57.4,26.1,37.7,0.7,38.8,0
2016-17,regular-season,-,28,54,229.9,9.8,5.6,56.6,29.5,33.3,0.9,34.4,0
2016-17,regular-season,-,23,57,228.5,11.8,6.9,58.2,32.7,36.1,1.1,37.4,0
2016-17,regular-season,-,41,41,235.0,10.1,6.0,59.3,29.8,34.0,0.9,35.1,0
2016-17,regular-season,-,32,50,228.2,8.7,4.7,54.0,26.0,33.6,0.7,34.5,0
2016-17,regular-season,-,61,20,223.9,10.1,6.2,61.7,26.8,37.5,0.8,38.7,0
2016-17,regular-season,-,50,31,232.4,10.6,6.5,61.8,29.8,35.6,1.0,36.8,0
2016-17,regular-season,-,51,31,230.9,9.4,5.7,60.8,24.6,38.3,0.6,39.2,0
2016-17,regular-season,-,49,33,228.3,10.3,5.5,53.8,29.8,34.4,1.3,36.0,0
2016-17,playoffs,-,2,4,234.2,11.3,6.3,55.9,35.0,32.4,1.2,33.5,0
2016-17,playoffs,-,9,9,227.8,9.4,5.4,57.4,26.7,35.2,0.6,36.0,0
2016-17,playoffs,-,2,4,227.3,12.5,8.5,68.0,30.0,41.7,0.7,42.6,0
2016-17,playoffs,-,13,5,220.1,9.2,5.3,57.2,25.8,35.7,0.8,36.8,0
2016-17,playoffs,-,16,1,231.6,9.2,4.9,53.5,24.7,37.4,0.7,38.5,0
2016-17,playoffs,-,6,5,233.4,9.9,5.4,54.1,32.9,30.1,0.7,30.8,0
2016-17,playoffs,-,0,4,236.4,11.8,8.3,70.2,33.3,35.3,1.5,37.0,0
2016-17,playoffs,-,3,4,223.0,7.7,4.3,55.6,23.6,32.7,0.4,33.3,0
2016-17,playoffs,-,2,4,229.8,7.7,3.7,47.8,26.5,28.9,1.0,30.1,0
2016-17,playoffs,-,2,4,228.7,8.2,5.3,65.3,23.0,35.5,0.3,36.0,0
2016-17,playoffs,-,1,4,234.3,12.2,5.6,45.9,31.6,38.6,0.8,39.6,0
2016-17,playoffs,-,0,4,232.1,10.0,4.3,42.5,37.5,26.7,0.8,27.2,0
2016-17,playoffs,-,8,8,232.4,12.8,8.1,63.2,31.2,40.9,1.1,42.3,0
2016-17,playoffs,-,4,6,225.8,6.8,4.7,69.1,24.4,27.9,0.4,28.3,0
2016-17,playoffs,-,4,7,226.0,6.7,3.9,58.1,24.4,27.6,0.5,28.2,0
2016-17,playoffs,-,7,6,233.2,11.2,5.6,50.3,34.8,32.1,1.5,33.5,0
2017-18,regular-season,-,24,57,228.3,9.1,4.7,51.6,30.2,30.1,0.8,30.9,0
2017-18,regular-season,-,52,27,233.7,9.4,5.3,56.7,28.5,32.9,0.8,33.8,0
2017-18,regular-season,-,27,53,231.8,9.7,5.2,53.3,30.5,31.9,1.0,32.9,0
2017-18,regular-season,-,36,46,229.5,10.1,6.1,60.4,29.4,34.3,0.8,35.3,0
2017-18,regular-season,-,27,54,233.3,9.6,5.5,56.8,29.6,32.5,0.6,33.2,0
2017-18,regular-season,-,50,32,224.8,8.5,4.9,58.4,24.7,34.2,0.8,35.3,0
2017-18,regular-season,-,24,58,234.0,8.1,4.5,55.6,26.6,30.4,0.8,31.3,0
2017-18,regular-season,-,45,36,231.7,11.0,6.8,61.2,31.5,35.0,0.6,35.7,0
2017-18,regular-season,-,39,43,225.5,10.1,5.9,58.2,28.9,35.1,0.7,35.9,0
2017-18,regular-season,-,58,24,227.3,8.4,4.7,55.7,24.2,34.8,0.7,35.9,0
2017-18,regular-season,-,65,17,234.7,9.0,5.1,56.9,27.4,32.8,0.7,33.7,0
2017-18,regular-season,-,48,34,231.0,9.6,5.5,57.7,28.9,33.3,0.8,34.2,0
2017-18,regular-season,-,41,40,227.8,10.2,6.0,58.8,29.8,34.1,0.9,35.2,0
2017-18,regular-season,-,35,46,234.5,10.7,6.3,59.1,30.8,34.6,1.0,35.7,0
2017-18,regular-season,-,22,60,228.4,9.5,5.3,55.7,30.4,31.2,0.7,32.0,0
2017-18,regular-season,-,43,38,236.6,9.3,5.2,55.6,28.5,32.7,0.8,33.6,0
2017-18,regular-season,-,44,37,228.4,8.5,4.6,53.8,24.8,34.1,0.6,34.9,0
2017-18,regular-season,-,47,35,227.3,10.3,5.9,57.0,28.6,36.1,0.8,37.1,0
2017-18,regular-season,-,48,34,227.8,8.7,4.7,53.9,24.8,35.0,0.6,35.9,0
2017-18,regular-season,-,28,53,226.5,10.5,6.3,59.8,29.5,35.7,0.7,36.5,0
2017-18,regular-season,-,48,32,230.1,12.4,6.7,54.5,34.2,36.1,1.2,37.4,0
2017-18,regular-season,-,25,57,224.8,8.8,4.9,55.6,27.0,32.5,0.6,33.2,0
2017-18,regular-season,-,52,29,230.1,11.0,6.1,56.0,31.7,34.6,1.0,35.7,0
2017-18,regular-season,-,21,61,225.2,10.3,6.0,58.7,31.2,32.9,0.8,33.8,0
2017-18,regular-season,-,49,33,229.9,10.2,5.9,58.1,31.7,32.1,0.8,33.0,0
2017-18,regular-season,-,27,55,229.5,9.5,5.5,57.9,27.4,34.6,0.6,35.4,0
2017-18,regular-season,-,47,35,224.7,10.3,6.1,58.8,28.3,36.6,0.8,37.6,0
2017-18,regular-season,-,59,23,231.2,9.7,5.7,58.6,30.3,32.2,1.0,33.3,0
2017-18,regular-season,-,48,34,231.6,9.0,5.0,55.0,27.5,32.8,0.7,33.6,0
2017-18,regular-season,-,43,39,233.1,10.0,5.3,53.3,31.2,32.1,1.2,33.4,0
2017-18,playoffs,-,11,8,233.5,8.8,5.2,58.9,29.1,30.4,0.7,31.2,0
2017-18,playoffs,-,12,10,223.3,9.8,5.7,58.6,27.2,35.9,0.8,37.0,0
2017-18,playoffs,-,16,5,229.4,9.1,5.0,55.2,25.3,36.1,0.9,37.4,0
2017-18,playoffs,-,11,6,233.5,8.7,5.5,62.8,30.2,28.8,0.6,29.4,0
2017-18,playoffs,-,3,4,227.6,8.1,4.9,59.6,27.6,29.5,0.4,30.0,0
2017-18,playoffs,-,1,4,228.6,9.6,6.0,62.5,29.8,32.2,0.8,33.1,0
2017-18,playoffs,-,3,4,227.6,5.6,2.4,43.6,19.7,28.3,1.0,29.8,0
2017-18,playoffs,-,1,4,226.9,8.6,5.2,60.5,29.4,29.3,0.4,29.7,0
2017-18,playoffs,-,5,4,228.1,7.9,5.0,63.4,25.9,30.5,1.0,31.7,0
2017-18,playoffs,-,2,4,225.8,9.3,5.2,55.4,38.5,24.2,0.7,24.7,0
2017-18,playoffs,-,5,5,230.8,13.4,7.5,56.0,38.9,34.4,2.2,36.5,0
2017-18,playoffs,-,0,4,233.2,11.3,6.3,55.6,36.8,30.6,1.3,31.7,0
2017-18,playoffs,-,1,4,214.2,8.4,4.0,47.6,27.4,30.7,0.6,31.3,0
2017-18,playoffs,-,4,6,223.7,9.4,6.6,70.2,28.9,32.5,0.8,33.5,0
2017-18,playoffs,-,5,6,236.4,9.4,5.5,58.3,31.0,30.2,0.7,30.9,0
2017-18,playoffs,-,2,4,235.3,8.5,3.7,43.1,30.3,28.0,0.7,28.7,0
2018-19,regular-season,-,29,53,231.9,11.6,7.0,60.3,29.7,39.2,1.0,40.6,0
2018-19,regular-season,-,49,33,236.7,9.8,5.3,54.2,25.2,39.0,0.8,40.2,0
2018-19,regular-season,-,42,40,233.7,11.0,6.1,56.0,28.7,38.2,0.9,39.4,0
2018-19,regular-season,-,39,43,232.5,9.9,6.1,61.3,27.1,36.7,0.9,38.0,0
2018-19,regular-season,-,22,59,232.5,8.9,5.5,61.8,23.4,37.8,0.6,38.9,0
2018-19,regular-season,-,19,63,227.0,10.7,6.3,58.7,27.1,39.5,1.0,41.0,0
2018-19,regular-season,-,33,49,225.0,10.1,5.6,55.5,25.6,39.6,0.9,41.0,0
2018-19,regular-season,-,54,28,228.1,11.8,7.4,62.5,30.2,39.2,1.0,40.6,0
2018-19,regular-season,-,41,41,225.0,11.4,6.9,60.9,27.5,41.5,0.8,42.8,0
2018-19,regular-season,-,57,25,233.6,9.7,5.3,54.4,22.8,42.4,0.9,44.1,0
2018-19,regular-season,-,53,29,231.0,10.2,5.9,58.0,25.5,39.9,0.7,41.1,0
2018-19,regular-season,-,48,34,227.1,9.3,5.6,60.1,25.0,37.2,1.0,38.8,0
2018-19,regular-season,-,48,34,231.6,9.7,5.2,54.0,25.1,38.6,0.9,40.0,0
2018-19,regular-season,-,37,45,231.9,10.2,5.9,58.3,25.4,40.1,0.9,41.6,0
2018-19,regular-season,-,33,49,233.0,8.8,5.2,59.5,23.9,36.8,0.7,37.9,0
2018-19,regular-season,-,39,43,232.9,11.2,6.8,60.2,27.4,41.0,1.1,42.8,0
2018-19,regular-season,-,60,22,235.3,9.3,5.6,60.6,23.8,39.1,0.6,40.1,0
2018-19,regular-season,-,36,46,232.4,11.2,6.7,59.9,28.6,39.3,1.1,40.8,0
2018-19,regular-season,-,33,49,228.5,11.1,6.5,58.5,27.2,40.6,1.0,42.2,0
2018-19,regular-season,-,17,64,231.4,10.5,6.6,62.9,27.4,38.4,0.8,39.5,0
2018-19,regular-season,-,48,33,231.7,12.6,6.5,52.0,31.0,40.6,1.2,42.2,0
2018-19,regular-season,-,40,40,229.3,10.1,6.3,62.1,23.2,43.7,0.9,45.4,0
2018-19,regular-season,-,51,30,229.7,10.9,6.5,60.1,26.9,40.4,1.0,41.9,0
2018-19,regular-season,-,19,63,229.2,9.1,5.4,58.8,23.5,38.8,0.6,39.9,0
2018-19,regular-season,-,53,29,232.0,11.8,7.1,60.2,28.9,40.7,1.2,42.5,0
2018-19,regular-season,-,39,43,229.5,11.0,6.4,57.8,26.5,41.8,1.1,43.7,0
2018-19,regular-season,-,48,34,231.7,9.2,5.6,60.6,22.3,41.4,0.5,42.5,0
2018-19,regular-season,-,58,24,233.6,9.6,5.7,60.0,23.9,40.1,0.7,41.3,0
2018-19,regular-season,-,50,31,227.1,10.0,5.8,57.7,23.8,41.8,0.7,43.0,0
2018-19,regular-season,-,31,50,233.0,9.6,5.3,55.2,24.0,40.0,0.7,41.2,0
2018-19,playoffs,-,5,4,229.9,7.4,5.1,68.7,21.9,34.0,0.2,34.4,0
2018-19,playoffs,-,1,4,226.6,11.2,5.4,48.2,28.2,39.7,1.2,41.5,0
2018-19,playoffs,-,7,7,237.0,13.1,9.1,69.4,32.0,40.8,1.0,42.2,0
2018-19,playoffs,-,0,4,228.6,10.8,5.8,53.5,25.8,41.7,1.0,43.4,0
2018-19,playoffs,-,14,8,233.5,10.1,6.7,65.9,25.0,40.5,1.0,42.1,0
2018-19,playoffs,-,6,5,236.4,9.6,4.7,49.1,27.0,35.7,0.3,36.1,0
2018-19,playoffs,-,0,4,235.0,8.0,4.8,59.4,23.3,34.4,1.0,36.0,0
2018-19,playoffs,-,2,4,225.0,10.0,6.8,68.3,25.7,39.0,0.3,39.5,0
2018-19,playoffs,-,10,5,237.2,10.1,6.1,60.9,25.7,39.1,0.9,40.5,0
2018-19,playoffs,-,1,4,231.9,10.2,5.4,52.9,28.8,35.4,1.4,37.2,0
2018-19,playoffs,-,1,4,231.1,9.6,6.0,62.5,24.6,39.0,1.0,40.7,0
2018-19,playoffs,-,7,5,221.1,11.3,6.8,59.6,27.8,40.8,1.6,43.3,0
2018-19,playoffs,-,8,8,234.8,11.4,7.3,63.4,31.5,36.3,1.6,38.3,0
2018-19,playoffs,-,3,4,227.1,10.7,6.7,62.7,25.6,41.9,1.4,44.4,0
2018-19,playoffs,-,16,8,231.9,8.3,4.0,48.2,22.3,37.1,0.8,38.4,0
2018-19,playoffs,-,1,4,236.5,11.8,7.2,61.0,30.0,39.3,0.6,40.1,0
2019-20,regular-season,-,20,47,234.8,9.9,5.9,59.3,26.7,36.9,0.7,37.9,0
2019-20,regular-season,-,48,24,232.8,10.7,6.8,63.6,26.4,40.3,0.7,41.3,0
2019-20,regular-season,-,35,37,234.9,10.6,6.2,58.1,26.0,41.0,1.0,42.5,0
2019-20,regular-season,-,23,41,233.7,11.0,6.6,59.7,26.0,42.5,0.7,43.7,0
2019-20,regular-season,-,22,43,232.0,10.5,6.0,57.2,25.7,40.7,0.7,41.8,0
2019-20,regular-season,-,19,46,227.2,10.8,6.7,62.1,26.2,41.3,0.9,42.8,0
2019-20,regular-season,-,41,32,232.6,10.6,6.0,56.7,23.9,44.3,0.7,45.6,0
2019-20,regular-season,-,46,27,231.1,10.8,7.0,65.3,24.9,43.2,0.9,44.8,0
2019-20,regular-season,-,20,45,226.7,9.8,5.9,60.0,22.6,43.4,0.7,44.8,0
2019-20,regular-season,-,15,50,233.5,10.0,5.7,57.7,23.4,42.5,0.9,44.2,0
2019-20,regular-season,-,44,28,230.9,9.8,5.2,52.8,24.8,39.4,0.7,40.6,0
2019-20,regular-season,-,45,28,231.2,8.7,5.3,60.7,20.4,42.8,0.5,43.9,0
2019-20,regular-season,-,49,23,231.6,10.7,6.6,62.1,24.6,43.2,0.7,44.5,0
2019-20,regular-season,-,52,19,224.6,10.7,6.3,58.9,23.7,44.9,0.7,46.2,0
2019-20,regular-season,-,34,39,228.9,10.3,6.3,61.1,25.2,41.0,0.8,42.5,0
2019-20,regular-season,-,44,28,236.6,8.4,4.8,56.3,22.1,38.2,0.8,39.6,0
2019-20,regular-season,-,55,17,231.3,9.4,5.6,59.1,22.1,42.7,0.7,44.0,0
2019-20,regular-season,-,19,45,234.9,10.5,6.5,61.5,25.4,41.5,0.6,42.6,0
2019-20,regular-season,-,30,41,231.7,11.0,6.6,60.0,26.1,42.2,0.8,43.6,0
2019-20,regular-season,-,21,45,230.0,12.0,7.2,59.7,26.7,45.1,1.0,46.7,0
2019-20,regular-season,-,44,28,230.9,8.2,4.9,59.4,19.8,41.5,0.6,42.8,0
2019-20,regular-season,-,33,40,232.1,10.3,6.4,62.6,23.3,44.1,0.5,45.2,0
2019-20,regular-season,-,43,30,226.0,10.5,6.0,57.7,25.3,41.4,1.1,43.2,0
2019-20,regular-season,-,34,38,231.8,9.8,5.4,54.8,23.3,42.1,0.7,43.4,0
2019-20,regular-season,-,34,39,230.8,10.3,6.6,64.4,24.6,41.8,0.5,42.6,0
2019-20,regular-season,-,31,40,235.1,9.6,5.7,59.6,22.9,42.1,0.8,43.7,0
2019-20,regular-season,-,31,39,229.4,9.0,5.2,57.3,20.9,43.1,0.7,44.5,0
2019-20,regular-season,-,52,19,234.7,9.6,5.5,56.7,23.9,40.2,0.9,41.8,0
2019-20,regular-season,-,44,28,231.2,9.1,5.2,56.9,21.4,42.6,0.6,43.7,0
2019-20,regular-season,-,25,47,230.0,10.2,5.6,55.5,23.8,42.6,0.7,44.0,0
2019-20,playoffs,-,10,7,234.4,8.8,5.2,59.1,23.5,37.3,0.9,38.8,0
2019-20,playoffs,-,0,4,215.8,9.3,6.0,64.9,21.0,44.0,0.0,44.0,0
2019-20,playoffs,-,2,4,227.5,7.7,4.5,58.7,21.7,35.4,1.2,37.4,0
2019-20,playoffs,-,9,10,225.0,9.3,5.6,60.8,22.8,40.6,0.6,41.8,0
2019-20,playoffs,-,5,7,233.8,6.7,3.5,52.5,20.8,32.0,0.5,32.8,0
2019-20,playoffs,-,0,4,225.3,5.8,3.3,56.5,16.0,35.9,0.3,36.5,0
2019-20,playoffs,-,7,6,232.9,9.5,5.7,60.2,21.2,44.7,0.5,45.7,0
2019-20,playoffs,-,16,5,224.5,10.5,6.6,62.4,23.8,44.3,0.8,45.9,0
2019-20,playoffs,-,14,7,234.8,7.8,4.3,55.2,19.9,39.0,0.6,40.1,0
2019-20,playoffs,-,5,5,230.7,9.4,5.4,57.4,20.9,45.0,0.6,46.3,0
2019-20,playoffs,-,3,4,234.4,9.0,5.6,61.9,24.1,37.3,0.4,38.0,0
2019-20,playoffs,-,1,4,240.0,6.6,4.4,66.7,19.2,34.4,0.4,35.1,0
2019-20,playoffs,-,0,4,228.7,12.3,8.0,65.3,28.3,43.4,0.8,44.5,0
2019-20,playoffs,-,1,4,230.6,9.8,5.4,55.1,25.6,38.3,0.4,38.9,0
2019-20,playoffs,-,7,4,238.0,8.2,4.5,54.4,21.5,38.1,0.5,39.0,0
2019-20,playoffs,-,3,4,232.4,9.3,5.1,55.4,20.6,45.1,0.9,47.1,0
2019-20,play-in,-,0,1,240.0,12.0,8.0,66.7,33.0,36.4,0.0,36.4,0
2019-20,play-in,-,1,0,240.0,9.0,7.0,77.8,19.0,47.4,0.0,47.4,0
2019-20,ist,-,0,1,251.1,16.0,9.0,56.3,31.0,51.6,0.0,51.6,0
2019-20,ist,-,1,0,265.0,16.0,13.0,81.3,35.0,45.7,1.0,47.1,0
2020-21,regular-season,-,41,31,228.9,10.6,6.7,63.0,23.8,44.3,0.5,45.3,0
2020-21,regular-season,-,36,36,227.7,10.6,6.5,61.3,24.4,43.6,0.7,44.8,0
2020-21,regular-season,-,48,24,232.4,8.9,5.0,56.7,22.8,39.0,0.8,40.5,0
2020-21,regular-season,-,33,39,233.3,10.6,5.9,55.9,25.3,41.8,0.7,43.0,0
2020-21,regular-season,-,31,41,234.7,9.6,5.8,59.7,22.9,42.1,0.7,43.4,0
2020-21,regular-season,-,22,50,230.5,10.4,6.3,60.6,24.9,41.9,0.7,43.1,0
2020-21,regular-season,-,42,30,227.8,9.1,5.2,56.8,20.5,44.5,0.6,45.7,0
2020-21,regular-season,-,47,25,231.8,10.5,6.3,60.6,24.7,42.5,0.7,43.6,0
2020-21,regular-season,-,20,52,229.6,9.6,5.4,56.7,24.8,38.7,0.6,39.7,0
2020-21,regular-season,-,39,33,229.7,8.0,4.8,60.7,18.8,42.3,0.6,43.6,0
2020-21,regular-season,-,17,55,229.6,9.3,5.4,58.8,23.2,39.9,0.7,41.1,0
2020-21,regular-season,-,34,38,233.2,9.0,5.1,56.9,23.1,38.9,0.7,40.1,0
2020-21,regular-season,-,47,25,227.6,9.4,5.7,60.7,22.1,42.5,0.8,44.0,0
2020-21,regular-season,-,42,30,232.4,9.6,5.8,60.6,21.7,44.4,0.4,45.3,0
2020-21,regular-season,-,38,34,231.7,11.2,6.7,59.8,25.3,44.1,0.6,45.2,0
2020-21,regular-season,-,40,32,230.8,8.0,4.5,56.3,20.5,39.2,0.6,40.4,0
2020-21,regular-season,-,46,26,228.8,10.3,5.9,57.4,22.8,45.2,0.7,46.7,0
2020-21,regular-season,-,23,49,230.7,10.5,6.2,58.8,25.5,41.2,0.8,42.6,0
2020-21,regular-season,-,31,41,233.5,11.7,7.7,65.4,26.6,44.2,0.8,45.6,0
2020-21,regular-season,-,41,31,233.9,9.7,5.8,59.6,23.8,40.7,0.8,42.1,0
2020-21,regular-season,-,22,50,233.8,9.9,5.8,58.3,23.2,42.9,0.7,44.1,0
2020-21,regular-season,-,21,51,232.5,10.4,6.4,62.0,24.4,42.6,0.9,44.3,0
2020-21,regular-season,-,49,23,225.2,10.0,6.3,62.6,23.0,43.7,0.7,45.1,0
2020-21,regular-season,-,51,21,232.4,8.8,5.1,58.3,19.7,44.4,0.6,45.7,0
2020-21,regular-season,-,42,30,230.9,10.6,7.0,65.9,25.6,41.5,0.9,43.0,0
2020-21,regular-season,-,31,41,228.7,9.4,5.4,57.7,22.1,42.4,0.6,43.5,0
2020-21,regular-season,-,33,39,230.1,9.3,5.6,60.1,21.6,43.0,0.7,44.5,0
2020-21,regular-season,-,27,45,229.6,9.4,5.5,58.7,23.7,39.8,0.8,41.2,0
2020-21,regular-season,-,52,20,231.6,10.6,5.9,55.9,24.1,44.1,0.7,45.5,0
2020-21,regular-season,-,34,38,229.1,9.7,5.6,57.7,23.6,41.1,0.8,42.4,0
2020-21,play-in,-,1,0,227.8,14.0,7.0,50.0,36.0,38.9,0.0,38.9,0
2020-21,play-in,-,0,1,226.6,7.0,2.0,28.6,24.0,29.2,1.0,30.4,0
2020-21,play-in,-,0,2,248.2,10.0,6.5,65.0,26.0,38.5,0.0,38.5,0
2020-21,play-in,-,1,1,224.7,10.5,6.5,61.9,22.5,46.7,0.5,47.7,0
2020-21,play-in,-,1,0,234.2,13.0,8.0,61.5,29.0,44.8,0.0,44.8,0
2020-21,play-in,-,2,0,237.9,13.5,9.0,66.7,28.5,47.4,1.5,50.0,0
2020-21,play-in,-,0,1,237.1,15.0,8.0,53.3,33.0,45.5,2.0,48.4,0
2020-21,play-in,-,1,1,225.7,10.0,7.0,70.0,21.0,47.6,0.0,47.6,0
2021-22,regular-season,-,43,39,231.3,10.0,5.9,58.5,22.0,45.5,0.6,46.8,0
2021-22,regular-season,-,51,30,234.9,10.6,6.2,59.1,24.1,43.8,0.9,45.6,0
2021-22,regular-season,-,44,38,231.0,10.3,6.6,64.0,24.7,41.6,0.6,42.7,0
2021-22,regular-season,-,43,38,236.8,10.9,5.7,52.6,25.6,42.4,1.0,44.2,0
2021-22,regular-season,-,46,36,231.1,8.7,5.2,59.6,22.1,39.2,0.7,40.4,0
2021-22,regular-season,-,44,38,230.2,10.2,6.1,59.7,23.7,43.1,0.8,44.6,0
2021-22,regular-season,-,52,30,232.6,9.3,4.9,52.4,22.9,40.4,1.0,42.2,0
2021-22,regular-season,-,48,34,227.7,9.2,5.7,62.6,21.3,43.0,0.7,44.4,0
2021-22,regular-season,-,23,58,232.6,11.0,6.4,58.1,26.6,41.2,0.9,42.7,0
2021-22,regular-season,-,53,28,233.4,9.8,5.7,58.0,23.0,42.6,0.6,43.8,0
2021-22,regular-season,-,20,62,228.8,9.6,5.8,60.3,23.8,40.3,0.7,41.6,0
2021-22,regular-season,-,25,57,231.0,11.3,6.8,60.2,26.4,42.7,0.9,44.1,0
2021-22,regular-season,-,42,39,232.2,9.1,5.4,59.4,22.2,41.1,0.6,42.3,0
2021-22,regular-season,-,33,49,233.9,9.5,5.5,57.9,23.0,41.5,0.6,42.7,0
2021-22,regular-season,-,55,26,230.5,14.1,8.6,61.2,31.4,44.8,1.2,46.5,0
2021-22,regular-season,-,53,29,233.4,9.8,5.6,57.1,24.4,40.4,0.8,41.7,0
2021-22,regular-season,-,51,31,231.9,10.2,6.1,59.9,24.1,42.6,0.7,43.9,0
2021-22,regular-season,-,46,36,228.8,11.2,6.4,57.3,25.5,44.1,0.7,45.4,0
2021-22,regular-season,-,35,46,230.4,12.0,6.9,57.8,27.0,44.5,0.9,46.0,0
2021-22,regular-season,-,36,45,231.5,11.5,6.9,59.9,25.7,44.8,0.7,46.0,0
2021-22,regular-season,-,24,58,232.7,10.4,5.8,55.9,25.2,41.3,0.9,42.8,0
2021-22,regular-season,-,22,60,229.4,9.1,5.3,58.7,23.0,39.6,0.7,40.8,0
2021-22,regular-season,-,51,31,226.3,8.5,5.2,61.2,20.9,40.8,0.6,41.9,0
2021-22,regular-season,-,63,18,231.4,9.6,5.9,60.9,21.7,44.5,0.6,45.8,0
2021-22,regular-season,-,27,55,229.5,10.4,6.0,57.7,25.6,40.7,1.0,42.3,0
2021-22,regular-season,-,29,52,233.0,9.5,5.5,57.6,23.4,40.7,0.7,42.0,0
2021-22,regular-season,-,34,48,230.4,11.0,6.7,61.3,25.5,43.1,0.9,44.6,0
2021-22,regular-season,-,48,34,233.4,13.4,8.1,61.0,29.2,45.8,1.0,47.4,0
2021-22,regular-season,-,49,33,231.4,10.8,6.4,59.7,24.6,43.8,0.7,45.2,0
2021-22,regular-season,-,35,47,233.5,9.0,5.3,58.5,21.9,41.0,0.7,42.4,0
2021-22,playoffs,-,1,4,224.5,8.6,4.6,53.5,22.2,38.7,1.0,40.6,0
2021-22,playoffs,-,14,10,233.9,9.0,5.3,58.8,22.7,39.7,0.5,40.6,0
2021-22,playoffs,-,0,4,235.0,8.5,3.8,44.1,23.0,37.0,1.3,39.1,0
2021-22,playoffs,-,1,4,235.4,8.2,5.8,70.7,21.4,38.3,0.6,39.4,0
2021-22,playoffs,-,9,9,230.8,6.5,3.1,47.0,19.4,33.5,0.8,34.9,0
2021-22,playoffs,-,1,4,209.0,11.2,8.2,73.2,24.6,45.5,0.8,47.1,0
2021-22,playoffs,-,16,6,231.1,9.8,5.1,51.9,22.5,43.5,0.6,44.8,0
2021-22,playoffs,-,6,6,235.2,12.4,6.9,55.7,31.9,38.9,0.9,40.1,0
2021-22,playoffs,-,11,7,229.5,9.8,4.9,49.7,26.9,36.5,1.0,37.9,0
2021-22,playoffs,-,7,5,232.9,9.8,5.9,60.7,25.4,38.4,0.3,38.9,0
2021-22,playoffs,-,2,4,233.2,7.0,4.3,61.9,21.7,32.3,0.2,32.6,0
2021-22,playoffs,-,2,4,230.1,15.2,9.3,61.5,30.2,50.3,1.3,52.6,0
2021-22,playoffs,-,6,6,227.3,7.7,4.0,52.2,21.4,35.8,0.4,36.5,0
2021-22,playoffs,-,7,6,230.9,9.5,5.8,61.0,21.9,43.2,0.6,44.4,0
2021-22,playoffs,-,2,4,230.3,10.0,5.7,56.7,21.8,45.8,0.8,47.6,0
2021-22,playoffs,-,2,4,238.9,9.3,5.0,53.6,22.7,41.2,0.3,41.8,0
2021-22,play-in,-,2,0,234.7,11.0,7.5,68.2,26.5,41.5,0.0,41.5,0
2021-22,play-in,-,1,0,232.4,10.0,9.0,90.0,21.0,47.6,0.0,47.6,0
2021-22,play-in,-,0,1,240.0,11.0,9.0,81.8,30.0,36.7,1.0,37.9,0
2021-22,play-in,-,0,2,236.7,9.0,5.5,61.1,27.0,33.3,0.5,34.0,0
2021-22,play-in,-,0,2,222.8,9.5,8.0,84.2,24.5,38.8,1.0,40.4,0
2021-22,play-in,-,1,0,231.3,12.0,7.0,58.3,28.0,42.9,0.0,42.9,0
2021-22,play-in,-,2,0,236.3,12.5,9.0,72.0,31.0,40.3,1.5,42.4,0
2021-22,play-in,-,0,1,234.1,8.0,6.0,75.0,20.0,40.0,1.0,42.1,0
2022-23,regular-season,-,41,41,229.7,11.2,6.6,59.1,24.8,45.3,0.5,46.3,0
2022-23,regular-season,-,57,25,236.7,9.7,5.3,54.1,21.8,44.5,0.8,46.1,0
2022-23,regular-season,-,45,37,225.6,8.2,4.5,54.5,19.2,42.8,0.7,44.3,0
2022-23,regular-season,-,27,55,234.3,11.0,6.6,60.4,26.5,41.4,0.8,42.7,0
2022-23,regular-season,-,39,42,229.0,8.4,5.1,60.9,20.3,41.5,0.7,43.0,0
2022-23,regular-season,-,51,31,228.4,9.7,5.8,60.0,22.0,44.1,0.7,45.5,0
2022-23,regular-season,-,38,44,231.6,7.6,3.9,51.7,19.9,38.3,0.6,39.5,0
2022-23,regular-season,-,53,29,228.0,10.1,6.2,61.2,22.2,45.4,0.7,46.9,0
2022-23,regular-season,-,17,64,232.5,11.1,6.3,57.2,26.4,42.0,0.7,43.2,0
2022-23,regular-season,-,43,38,230.8,10.5,6.0,57.5,23.2,45.3,0.7,46.7,0
2022-23,regular-season,-,22,60,229.2,13.4,8.1,60.2,30.6,43.8,1.0,45.3,0
2022-23,regular-season,-,35,47,233.6,10.1,5.5,54.6,25.9,39.2,0.7,40.3,0
2022-23,regular-season,-,44,38,229.4,9.8,5.8,58.9,22.6,43.3,0.7,44.7,0
2022-23,regular-season,-,43,39,232.9,10.0,6.0,60.0,22.6,44.2,0.8,45.7,0
2022-23,regular-season,-,51,31,233.0,12.0,6.8,56.6,27.9,43.2,0.8,44.5,0
2022-23,regular-season,-,44,38,232.1,9.7,5.4,55.7,23.1,42.0,0.7,43.3,0
2022-23,regular-season,-,58,24,231.4,11.1,6.0,54.3,25.5,43.7,1.0,45.4,0
2022-23,regular-season,-,41,40,225.2,9.1,5.2,57.0,21.2,42.9,0.4,43.6,0
2022-23,regular-season,-,42,40,232.4,10.6,6.2,58.5,24.7,42.7,0.8,44.1,0
2022-23,regular-season,-,47,35,233.4,12.6,7.6,60.8,27.9,45.0,0.9,46.6,0
2022-23,regular-season,-,40,42,231.9,11.4,6.4,56.2,27.3,41.7,1.1,43.4,0
2022-23,regular-season,-,34,48,230.6,10.2,5.8,57.0,24.7,41.1,0.7,42.3,0
2022-23,regular-season,-,54,28,230.6,8.7,5.1,58.9,21.3,41.0,0.7,42.4,0
2022-23,regular-season,-,45,37,232.1,11.8,7.0,59.4,26.7,44.3,0.8,45.7,0
2022-23,regular-season,-,33,48,230.9,9.5,5.2,55.0,23.2,40.7,0.9,42.3,0
2022-23,regular-season,-,48,34,225.5,9.5,5.4,56.1,23.0,41.5,0.9,43.1,0
2022-23,regular-season,-,21,58,233.3,11.8,6.8,58.0,27.2,43.3,0.8,44.6,0
2022-23,regular-season,-,41,41,232.5,12.7,8.1,63.7,28.5,44.6,1.1,46.4,0
2022-23,regular-season,-,37,45,230.0,11.8,7.0,58.9,26.7,44.1,0.7,45.4,0
2022-23,regular-season,-,35,47,233.0,9.4,5.7,60.2,21.8,43.3,0.6,44.5,0
2022-23,playoffs,-,2,4,235.3,12.2,6.2,50.7,27.5,44.2,1.0,45.9,0
2022-23,playoffs,-,11,9,235.5,9.5,5.6,58.7,20.5,46.1,0.7,47.6,0
2022-23,playoffs,-,0,4,224.7,5.8,3.0,52.2,15.8,36.5,0.3,37.1,0
2022-23,playoffs,-,1,4,224.4,9.2,5.2,56.5,22.8,40.4,0.8,41.8,0
2022-23,playoffs,-,16,4,235.2,10.1,6.0,59.7,22.4,44.9,1.0,47.0,0
2022-23,playoffs,-,6,7,225.6,12.5,7.8,62.6,28.2,44.4,1.0,46.0,0
2022-23,playoffs,-,1,4,222.8,11.8,6.4,54.2,27.6,42.8,1.2,44.7,0
2022-23,playoffs,-,8,8,223.5,9.1,5.6,62.1,21.2,42.8,0.5,43.8,0
2022-23,playoffs,-,2,4,243.1,13.2,7.2,54.4,30.0,43.9,1.3,45.9,0
2022-23,playoffs,-,13,10,223.3,9.2,4.9,53.3,23.7,39.0,0.7,40.2,0
2022-23,playoffs,-,1,4,216.6,10.2,6.2,60.8,23.0,44.3,0.4,45.1,0
2022-23,playoffs,-,1,4,227.9,8.4,5.2,61.9,22.4,37.5,0.6,38.5,0
2022-23,playoffs,-,6,5,236.0,12.9,7.6,59.2,29.1,44.4,0.8,45.7,0
2022-23,playoffs,-,7,4,228.3,10.0,5.6,56.4,25.4,39.4,0.9,40.9,0
2022-23,playoffs,-,6,5,218.7,9.2,6.0,65.3,22.5,40.7,0.4,41.4,0
2022-23,playoffs,-,3,4,235.0,14.0,7.1,51.0,32.0,43.8,1.3,45.6,0
2022-23,play-in,-,1,0,240.0,22.0,17.0,77.3,39.0,56.4,2.0,59.5,0
2022-23,play-in,-,1,1,221.6,6.5,3.0,46.2,17.5,37.1,0.5,38.2,0
2022-23,play-in,-,1,0,263.2,12.0,7.0,58.3,24.0,50.0,2.0,54.5,0
2022-23,play-in,-,1,1,233.7,8.0,4.0,50.0,27.5,29.1,1.5,30.8,0
2022-23,play-in,-,1,1,232.3,6.5,4.5,69.2,15.0,43.3,0.0,43.3,0
2022-23,play-in,-,0,1,240.0,14.0,8.0,57.1,27.0,51.9,0.0,51.9,0
2022-23,play-in,-,1,1,240.0,12.5,8.0,64.0,34.0,36.8,2.0,39.1,0
2022-23,play-in,-,0,1,237.9,16.0,11.0,68.8,33.0,48.5,1.0,50.0,0
2023-24,regular-season,-,36,46,231.6,12.5,6.7,53.4,26.7,46.7,0.9,48.3,0
2023-24,regular-season,-,63,18,235.3,10.7,5.6,52.7,24.9,42.9,1.1,44.9,0
2023-24,regular-season,-,32,47,234.1,11.4,6.0,52.8,25.9,44.2,1.1,46.1,0
2023-24,regular-season,-,20,61,228.0,9.3,5.2,55.6,21.9,42.7,0.6,44.0,0
2023-24,regular-season,-,39,42,229.4,11.1,6.2,56.3,24.1,46.0,0.6,47.2,0
2023-24,regular-season,-,48,34,231.9,9.8,5.2,52.8,21.9,45.0,0.6,46.2,0
2023-24,regular-season,-,49,32,229.3,9.8,4.6,47.4,24.2,40.3,1.1,42.2,0
2023-24,regular-season,-,55,25,225.6,10.9,6.8,62.8,22.9,47.4,0.7,48.7,0
2023-24,regular-season,-,14,67,231.9,10.4,5.8,55.8,24.5,42.4,0.7,43.6,0
2023-24,regular-season,-,46,35,230.4,12.0,6.7,55.5,27.1,44.4,1.0,46.2,0
2023-24,regular-season,-,41,41,231.7,11.5,6.5,56.8,26.6,43.1,1.0,44.9,0
2023-24,regular-season,-,47,35,226.6,10.1,5.2,51.5,24.4,41.3,1.0,43.1,0
2023-24,regular-season,-,50,31,228.8,10.0,5.8,57.9,22.9,43.9,0.8,45.4,0
2023-24,regular-season,-,46,35,225.3,8.1,4.7,57.4,18.1,45.0,0.5,46.2,0
2023-24,regular-season,-,27,55,233.5,10.9,5.5,49.9,26.0,41.9,0.9,43.4,0
2023-24,regular-season,-,46,35,231.0,9.3,5.0,54.0,21.5,43.4,0.7,44.8,0
2023-24,regular-season,-,49,33,231.1,9.4,5.0,53.2,21.1,44.7,0.6,46.1,0
2023-24,regular-season,-,56,26,226.1,9.4,5.1,54.5,21.9,43.0,0.6,44.2,0
2023-24,regular-season,-,49,32,232.0,10.4,5.8,55.9,24.4,42.4,0.8,43.8,0
2023-24,regular-season,-,50,32,230.9,12.7,7.4,58.2,29.3,43.2,1.0,44.8,0
2023-24,regular-season,-,57,25,230.4,8.8,5.0,56.5,21.9,40.2,0.8,41.8,0
2023-24,regular-season,-,47,35,226.9,10.5,5.9,55.9,25.8,40.5,1.0,42.2,0
2023-24,regular-season,-,46,35,230.8,11.0,6.7,61.0,26.3,41.9,0.9,43.5,0
2023-24,regular-season,-,48,32,230.5,10.2,5.6,55.3,24.2,42.0,1.0,43.8,0
2023-24,regular-season,-,20,61,235.7,12.6,7.2,57.2,29.3,42.8,0.9,44.3,0
2023-24,regular-season,-,46,36,229.5,10.8,5.4,49.4,25.2,43.0,1.0,44.7,0
2023-24,regular-season,-,21,60,226.7,10.3,5.6,54.2,23.4,44.1,0.8,45.6,0
2023-24,regular-season,-,25,56,229.6,10.9,6.4,58.6,24.4,44.6,1.0,46.5,0
2023-24,regular-season,-,31,50,231.1,12.2,7.0,57.0,28.1,43.3,1.1,45.0,0
2023-24,regular-season,-,15,67,225.6,9.2,5.1,55.3,22.6,40.5,0.6,41.6,0
2023-24,playoffs,-,16,3,236.1,9.7,4.8,50.0,21.5,45.1,0.8,46.9,0
2023-24,playoffs,-,5,7,225.2,7.7,4.6,59.8,20.4,37.6,0.3,38.0,0
2023-24,playoffs,-,13,9,230.9,10.9,5.8,53.6,24.6,44.2,0.9,45.8,0
2023-24,playoffs,-,7,5,231.7,9.9,6.5,65.5,23.1,43.0,0.8,44.6,0
2023-24,playoffs,-,8,9,231.2,10.3,6.2,60.6,22.4,46.1,0.6,47.3,0
2023-24,playoffs,-,2,4,231.0,11.2,5.8,52.2,29.5,37.9,0.3,38.3,0
2023-24,playoffs,-,1,4,238.0,7.4,4.0,54.1,14.4,51.4,0.2,52.1,0
2023-24,playoffs,-,1,4,233.0,5.6,2.0,35.7,15.8,35.4,1.0,37.8,0
2023-24,playoffs,-,2,4,234.9,9.5,3.0,31.6,23.0,41.3,0.5,42.2,0
2023-24,playoffs,-,9,7,226.0,10.6,5.5,51.8,25.4,41.9,1.0,43.6,0
2023-24,playoffs,-,0,4,233.8,12.3,8.0,65.3,28.8,42.6,1.5,45.0,0
2023-24,playoffs,-,7,6,228.7,13.5,8.2,60.6,30.0,44.9,1.2,46.8,0
2023-24,playoffs,-,6,4,228.7,8.7,4.3,49.4,22.2,39.2,0.8,40.7,0
2023-24,playoffs,-,3,4,230.1,12.0,6.7,56.0,30.9,38.9,0.7,39.8,0
2023-24,playoffs,-,2,4,241.3,10.7,7.8,73.4,25.2,42.4,0.8,43.8,0
2023-24,playoffs,-,0,4,224.6,7.3,3.3,44.8,18.3,39.7,0.5,40.8,0
2023-24,play-in,-,0,1,215.1,8.0,4.0,50.0,24.0,33.3,0.0,33.3,0
2023-24,play-in,-,1,1,239.1,8.5,4.5,52.9,22.5,37.8,0.5,38.6,0
2023-24,play-in,-,0,1,240.0,8.0,8.0,100,16.0,50.0,2.0,57.1,0
2023-24,play-in,-,1,0,203.5,6.0,6.0,100,16.0,37.5,0.0,37.5,0
2023-24,play-in,-,1,1,237.2,13.5,7.0,51.9,23.5,57.4,1.0,60.0,0
2023-24,play-in,-,1,1,222.5,10.5,7.0,66.7,21.5,48.8,0.5,50.0,0
2023-24,play-in,-,1,0,236.5,15.0,8.0,53.3,27.0,55.6,2.0,60.0,0
2023-24,play-in,-,1,1,221.9,14.5,7.5,51.7,34.0,42.6,2.0,45.3,0
2023-24,ist,-,1,3,234.4,12.5,7.0,56.0,29.0,43.1,0.8,44.2,0
2023-24,ist,-,3,2,235.4,10.6,4.8,45.3,25.4,41.7,0.4,42.4,0
2023-24,ist,-,3,1,240.0,10.8,7.0,65.1,27.3,39.4,0.8,40.6,0
2023-24,ist,-,1,3,232.4,15.8,9.3,58.7,31.3,50.4,1.0,52.1,0
2023-24,ist,-,0,4,232.1,8.0,4.8,59.4,25.3,31.7,0.5,32.3,0
2023-24,ist,-,3,1,234.7,9.5,5.5,57.9,22.5,42.2,0.3,42.7,0
2023-24,ist,-,2,2,226.2,12.5,5.8,46.0,27.3,45.9,1.0,47.6,0
2023-24,ist,-,2,2,227.2,13.0,7.3,55.8,25.3,51.5,1.0,53.6,0
2023-24,ist,-,0,4,227.7,14.3,9.5,66.7,26.8,53.3,1.0,55.3,0
2023-24,ist,-,2,2,233.8,10.5,4.8,45.2,26.5,39.6,0.8,40.8,0
2023-24,ist,-,2,2,227.5,9.3,5.0,54.1,25.3,36.6,1.3,38.5,0
2023-24,ist,-,6,0,224.1,10.2,4.5,44.3,26.2,38.9,1.2,40.7,0
2023-24,ist,-,1,3,225.7,12.3,6.8,55.1,30.5,40.2,1.3,41.9,0
2023-24,ist,-,5,0,225.8,11.8,7.2,61.0,23.4,50.4,0.6,51.8,0
2023-24,ist,-,0,4,234.0,10.0,5.3,52.5,28.8,34.8,1.0,36.0,0
2023-24,ist,-,2,2,229.3,8.8,5.0,57.1,19.5,44.9,0.8,46.7,0
2023-24,ist,-,5,1,232.7,8.8,4.5,50.9,20.8,42.4,0.5,43.4,0
2023-24,ist,-,3,1,233.2,10.5,6.8,64.3,23.0,45.7,0.0,45.7,0
2023-24,ist,-,4,1,232.6,9.8,6.0,61.2,24.8,39.5,1.2,41.5,0
2023-24,ist,-,3,2,231.9,12.6,7.2,57.1,27.0,46.7,0.6,47.7,0
2023-24,ist,-,1,3,218.2,6.3,3.0,48.0,21.3,29.4,1.0,30.9,0
2023-24,ist,-,3,1,228.3,11.8,6.0,51.1,28.5,41.2,1.3,43.1,0
2023-24,ist,-,2,2,235.3,10.8,6.8,62.8,29.0,37.1,0.5,37.7,0
2023-24,ist,-,3,2,237.9,9.6,4.8,50.0,24.2,39.7,1.6,42.5,0
2023-24,ist,-,1,3,237.4,14.8,8.3,55.9,32.0,46.1,2.0,49.2,0
2023-24,ist,-,4,1,226.8,11.4,6.4,56.1,26.0,43.8,1.2,46.0,0
2023-24,ist,-,0,4,210.3,10.3,5.5,53.7,26.0,39.4,1.3,41.4,0
2023-24,ist,-,1,3,219.7,9.5,6.3,65.8,22.8,41.8,0.8,43.2,0
2023-24,ist,-,2,2,231.5,11.8,5.3,44.7,23.5,50.0,1.0,52.2,0
2023-24,ist,-,0,4,230.7,7.5,4.5,60.0,22.0,34.1,0.5,34.9,0
2024-25,regular-season,-,40,42,230.8,11.9,6.9,58.0,25.7,46.2,0.9,47.9,0
2024-25,regular-season,-,61,21,233.1,11.2,6.0,52.9,25.3,44.4,0.9,46.1,0
2024-25,regular-season,-,26,56,233.8,10.9,5.9,54.1,26.5,41.2,1.0,42.8,0
2024-25,regular-season,-,19,63,228.8,12.2,6.9,56.5,29.2,41.9,1.1,43.6,0
2024-25,regular-season,-,39,43,230.2,10.1,5.5,54.5,22.5,44.7,0.7,46.2,0
2024-25,regular-season,-,64,18,228.6,11.2,5.8,51.7,25.9,43.3,1.0,45.1,0
2024-25,regular-season,-,39,43,230.5,10.1,5.6,55.1,23.6,42.9,1.0,44.7,0
2024-25,regular-season,-,50,31,232.7,11.2,7.0,62.7,24.2,46.1,0.8,47.7,0
2024-25,regular-season,-,44,38,227.1,11.4,6.2,54.8,26.7,42.5,0.8,43.8,0
2024-25,regular-season,-,48,34,233.3,12.5,6.6,53.0,29.1,43.1,1.2,44.9,0
2024-25,regular-season,-,52,30,231.3,14.6,8.5,57.9,33.0,44.4,1.3,46.2,0
2024-25,regular-season,-,50,32,232.5,9.2,5.0,54.9,21.5,42.6,0.6,43.9,0
2024-25,regular-season,-,50,32,229.2,10.3,6.0,58.5,23.0,44.6,0.7,46.0,0
2024-25,regular-season,-,50,32,226.2,9.7,5.3,54.8,22.5,42.9,0.9,44.7,0
2024-25,regular-season,-,48,33,230.6,12.8,6.9,53.8,29.9,42.9,1.3,44.9,0
2024-25,regular-season,-,37,45,232.4,9.7,5.3,54.4,22.5,43.3,1.0,45.3,0
2024-25,regular-season,-,48,34,228.9,8.2,4.8,58.3,18.7,44.1,0.5,45.2,0
2024-25,regular-season,-,49,33,229.4,11.1,6.2,56.1,25.5,43.3,0.8,44.7,0
2024-25,regular-season,-,21,61,232.0,12.1,6.7,55.2,27.6,43.9,0.8,45.2,0
2024-25,regular-season,-,50,31,230.1,10.9,6.2,56.8,24.7,44.0,0.7,45.3,0
2024-25,regular-season,-,68,14,230.4,10.6,5.5,52.0,26.8,39.6,1.0,41.1,0
2024-25,regular-season,-,41,41,227.0,11.1,6.2,55.8,26.0,42.8,0.9,44.4,0
2024-25,regular-season,-,24,58,229.2,10.4,5.9,56.6,24.2,42.9,0.7,44.2,0
2024-25,regular-season,-,36,46,231.2,9.5,4.7,48.9,22.1,43.2,0.6,44.5,0
2024-25,regular-season,-,36,46,233.1,13.4,7.9,59.1,30.3,44.1,1.1,45.8,0
2024-25,regular-season,-,40,42,229.3,11.0,6.2,56.6,25.0,44.0,0.8,45.4,0
2024-25,regular-season,-,34,48,228.0,10.9,5.9,54.0,23.5,46.6,0.7,48.1,0
2024-25,regular-season,-,30,52,228.1,12.6,7.1,56.2,28.8,43.8,1.0,45.4,0
2024-25,regular-season,-,17,65,232.2,12.0,6.9,57.6,27.6,43.4,0.7,44.5,0
2024-25,regular-season,-,18,64,232.6,10.6,6.1,57.7,24.5,43.2,0.6,44.3,0
2024-25,playoffs,-,6,5,234.0,10.8,5.5,50.4,24.0,45.1,0.5,46.1,0
2024-25,playoffs,-,5,4,229.7,12.3,5.4,44.1,30.0,41.1,1.1,42.7,0
2024-25,playoffs,-,7,7,235.2,12.3,7.3,59.3,29.2,42.1,1.2,43.9,0
2024-25,playoffs,-,2,4,231.0,11.0,7.3,66.7,29.5,37.3,0.5,37.9,0
2024-25,playoffs,-,5,7,231.3,12.1,6.4,53.1,26.6,45.5,0.8,46.8,0
2024-25,playoffs,-,3,4,234.6,13.4,7.3,54.3,28.7,46.8,1.1,48.7,0
2024-25,playoffs,-,15,8,231.0,8.1,4.0,48.9,22.3,36.3,0.7,37.5,0
2024-25,playoffs,-,3,4,228.5,10.0,5.7,57.1,22.4,44.6,0.4,45.5,0
2024-25,playoffs,-,1,4,227.4,9.6,5.0,52.1,22.4,42.9,1.0,44.9,0
2024-25,playoffs,-,0,4,239.9,10.3,5.0,48.8,27.5,37.3,0.3,37.6,0
2024-25,playoffs,-,0,4,219.1,10.0,6.0,60.0,21.5,46.5,0.8,48.2,0
2024-25,playoffs,-,1,4,224.8,10.4,6.0,57.7,24.8,41.9,0.6,43.0,0
2024-25,playoffs,-,9,6,233.6,11.7,5.9,50.0,27.7,42.4,0.7,43.6,0
2024-25,playoffs,-,10,8,229.9,11.8,7.4,62.7,28.2,41.7,0.8,42.9,0
2024-25,playoffs,-,16,7,230.9,11.4,6.0,52.5,29.4,38.9,1.2,40.5,0
2024-25,playoffs,-,1,4,223.6,11.4,4.6,40.4,28.0,40.7,0.4,41.3,0
2024-25,play-in,-,0,2,236.2,10.0,5.5,55.0,29.0,34.5,0.5,35.1,0
2024-25,play-in,-,0,1,230.1,7.0,5.0,71.4,22.0,31.8,0.0,31.8,0
2024-25,play-in,-,1,1,221.6,8.5,4.0,47.1,20.5,41.5,0.5,42.5,0
2024-25,play-in,-,1,0,227.9,13.0,9.0,69.2,23.0,56.5,1.0,59.1,0
2024-25,play-in,-,1,1,237.3,16.0,9.5,59.4,32.5,49.2,1.0,50.8,0
2024-25,play-in,-,2,0,251.1,11.0,6.0,54.5,23.0,47.8,1.5,51.2,0
2024-25,play-in,-,1,0,204.9,12.0,7.0,58.3,34.0,35.3,2.0,37.5,0
2024-25,play-in,-,0,1,232.0,15.0,9.0,60.0,33.0,45.5,2.0,48.4,0
2024-25,ist,-,4,2,230.2,14.5,8.7,59.8,28.8,50.3,1.0,52.1,0
2024-25,ist,-,3,1,238.9,9.0,4.8,52.8,23.0,39.1,0.0,39.1,0
2024-25,ist,-,1,3,237.2,8.0,4.8,59.4,24.5,32.7,0.3,33.0,0
2024-25,ist,-,0,4,231.0,12.3,7.0,57.1,30.8,39.8,1.8,42.2,0
2024-25,ist,-,2,2,228.1,5.3,3.8,71.4,18.5,28.4,0.5,29.2,0
2024-25,ist,-,2,2,227.7,8.5,5.0,58.8,20.5,41.5,0.5,42.5,0
2024-25,ist,-,3,2,228.0,11.0,6.0,54.5,25.8,42.6,1.0,44.4,0
2024-25,ist,-,2,2,227.7,9.3,7.5,81.1,22.8,40.7,0.8,42.0,0
2024-25,ist,-,3,1,240.1,12.3,7.0,57.1,26.8,45.8,0.8,47.1,0
2024-25,ist,-,3,2,233.4,13.6,7.6,55.9,30.8,44.2,0.8,45.3,0
2024-25,ist,-,4,2,232.9,12.2,6.2,50.7,32.3,37.6,1.0,38.8,0
2024-25,ist,-,0,4,223.5,9.5,6.3,65.8,20.0,47.5,0.5,48.7,0
2024-25,ist,-,2,2,220.4,10.8,6.3,58.1,26.8,40.2,0.5,41.0,0
2024-25,ist,-,2,2,213.3,7.8,5.3,67.7,14.3,54.4,0.5,56.4,0
2024-25,ist,-,1,3,240.0,16.0,9.8,60.9,40.8,39.3,2.3,41.6,0
2024-25,ist,-,2,2,240.7,8.5,4.8,55.9,20.0,42.5,1.3,45.3,0
2024-25,ist,-,6,0,230.1,7.7,4.5,58.7,21.0,36.5,0.8,38.0,0
2024-25,ist,-,2,2,235.2,9.8,5.0,51.3,23.3,41.9,0.5,42.9,0
2024-25,ist,-,1,3,231.2,12.8,6.3,49.0,30.0,42.5,1.0,44.0,0
2024-25,ist,-,4,1,229.6,9.0,4.0,44.4,23.4,38.5,1.4,40.9,0
2024-25,ist,-,5,1,221.1,12.8,7.0,54.5,29.2,44.0,0.5,44.8,0
2024-25,ist,-,3,2,228.3,10.8,6.8,63.0,24.0,45.0,0.6,46.2,0
2024-25,ist,-,2,2,216.5,9.5,4.5,47.4,21.0,45.2,0.5,46.3,0
2024-25,ist,-,3,1,225.0,7.8,3.8,48.4,20.8,37.3,1.0,39.2,0
2024-25,ist,-,2,2,236.0,10.8,5.5,51.2,26.0,41.3,0.5,42.2,0
2024-25,ist,-,1,3,235.5,10.0,5.0,50.0,23.0,43.5,0.8,44.9,0
2024-25,ist,-,2,2,232.3,12.5,7.8,62.0,25.5,49.0,0.5,50.0,0
2024-25,ist,-,1,3,237.6,12.5,8.0,64.0,29.0,43.1,1.0,44.6,0
2024-25,ist,-,0,4,220.5,11.0,5.5,50.0,23.5,46.8,1.3,49.4,0
2024-25,ist,-,0,4,234.5,10.3,6.5,63.4,30.3,33.9,0.3,34.2,0
2025-26,regular-season,-,16,19,227.8,10.0,5.8,58.3,24.9,40.1,1.0,41.8,0
2025-26,regular-season,-,21,12,230.6,12.3,6.5,52.7,29.0,42.4,0.6,43.3,0
2025-26,regular-season,-,10,21,225.3,10.7,5.8,54.1,25.3,42.5,0.9,44.1,0
2025-26,regular-season,-,11,22,232.5,11.9,7.3,60.9,31.8,37.5,1.1,38.9,0
2025-26,regular-season,-,16,17,230.5,10.6,5.9,55.6,24.7,43.1,0.9,44.8,0
2025-26,regular-season,-,19,16,233.6,12.4,6.7,54.3,28.6,43.2,1.2,45.1,0
2025-26,regular-season,-,12,23,233.3,10.0,5.4,53.7,24.8,40.3,0.9,41.9,0
2025-26,regular-season,-,23,10,233.1,10.3,5.6,54.7,23.4,44.0,0.8,45.6,0
2025-26,regular-season,-,24,9,229.9,13.8,7.6,55.1,30.7,45.1,1.1,46.8,0
2025-26,regular-season,-,18,16,229.6,11.5,6.1,52.7,26.5,43.4,0.9,45.0,0
2025-26,regular-season,-,21,10,230.9,16.0,9.6,59.9,33.4,47.9,1.2,49.7,0
2025-26,regular-season,-,6,28,231.9,11.5,6.3,54.6,27.6,41.6,1.1,43.3,0
2025-26,regular-season,-,12,21,227.0,9.7,5.7,58.9,23.5,41.5,0.6,42.6,0
2025-26,regular-season,-,20,11,225.2,10.1,5.5,54.5,22.2,45.6,0.6,46.9,0
2025-26,regular-season,-,15,18,233.5,11.5,6.7,58.2,28.1,40.8,1.0,42.2,0
2025-26,regular-season,-,18,14,230.3,11.2,6.6,59.1,26.3,42.4,0.9,44.0,0
2025-26,regular-season,-,14,19,222.1,8.4,4.2,50.4,20.2,41.6,0.6,42.9,0
2025-26,regular-season,-,21,13,229.2,11.2,6.1,54.6,24.7,45.4,0.6,46.6,0
2025-26,regular-season,-,8,27,233.2,12.6,7.8,61.5,27.7,45.7,0.9,47.3,0
2025-26,regular-season,-,23,10,229.3,13.5,7.5,55.7,28.1,48.3,0.9,49.9,0
2025-26,regular-season,-,29,5,232.8,9.3,4.8,52.1,24.5,37.9,1.2,39.8,0
2025-26,regular-season,-,19,15,230.4,12.0,6.4,53.6,28.5,42.0,0.9,43.4,0
2025-26,regular-season,-,18,14,236.0,12.5,7.5,59.9,27.8,45.0,0.9,46.5,0
2025-26,regular-season,-,19,14,232.2,13.2,7.5,57.2,31.5,41.9,1.4,43.8,0
2025-26,regular-season,-,14,20,229.3,14.2,8.5,59.8,31.9,44.5,1.1,46.1,0
2025-26,regular-season,-,8,26,231.4,10.3,5.5,53.7,25.5,40.3,0.8,41.6,0
2025-26,regular-season,-,24,9,232.3,11.8,6.8,57.3,26.4,44.6,0.8,46.1,0
2025-26,regular-season,-,20,15,227.6,11.4,6.4,56.0,27.3,41.6,0.8,42.9,0
2025-26,regular-season,-,12,21,230.8,12.1,6.9,57.3,27.8,43.7,0.8,44.9,0
2025-26,regular-season,-,8,24,231.0,11.4,5.6,48.6,25.3,45.2,0.5,46.0,0
2025-26,ist,-,2,2,230.8,12.8,8.0,62.7,32.5,39.2,1.3,40.8,0
2025-26,ist,-,2,2,234.6,13.5,5.5,40.7,33.3,40.6,1.0,41.9,0
2025-26,ist,-,1,3,218.4,9.0,4.5,50.0,20.8,43.4,0.5,44.4,0
2025-26,ist,-,1,3,239.3,12.0,9.3,77.1,32.0,37.5,1.0,38.7,0
2025-26,ist,-,1,3,218.2,8.0,4.5,56.3,21.0,38.1,0.0,38.1,0
2025-26,ist,-,2,2,236.8,17.0,9.0,52.9,33.5,50.7,1.8,53.5,0
2025-26,ist,-,1,3,247.5,11.0,5.5,50.0,24.5,44.9,0.8,46.3,0
2025-26,ist,-,2,2,238.0,10.5,7.3,69.0,21.8,48.3,0.8,50.0,0
2025-26,ist,-,2,2,232.1,14.8,8.0,54.2,33.0,44.7,1.3,46.5,0
2025-26,ist,-,1,3,225.2,13.5,8.0,59.3,26.8,50.5,1.8,54.0,0
2025-26,ist,-,2,2,212.2,20.0,10.8,53.8,36.5,54.8,1.0,56.3,0
2025-26,ist,-,1,3,237.2,10.3,6.3,61.0,25.8,39.8,1.0,41.4,0
2025-26,ist,-,2,2,225.4,8.0,5.0,62.5,20.8,38.6,0.3,39.0,0
2025-26,ist,-,4,0,223.5,8.3,4.3,51.5,19.5,42.3,0.5,43.4,0
2025-26,ist,-,3,1,241.5,11.5,6.5,56.5,27.8,41.4,1.3,43.4,0
2025-26,ist,-,2,2,226.6,10.8,7.5,69.8,26.3,41.0,0.8,42.2,0
2025-26,ist,-,2,1,212.9,8.0,4.3,54.2,15.7,51.1,0.3,52.2,0
2025-26,ist,-,2,2,231.2,13.0,5.8,44.2,28.5,45.6,0.3,46.0,0
2025-26,ist,-,0,4,241.7,10.8,7.0,65.1,24.5,43.9,0.8,45.3,0
2025-26,ist,-,4,1,232.5,13.6,6.4,47.1,30.0,45.3,0.4,45.9,0
2025-26,ist,-,4,0,220.6,4.8,3.0,63.2,18.8,25.3,0.8,26.4,0
2025-26,ist,-,5,0,231.3,10.8,6.6,61.1,27.4,39.4,1.0,40.9,0
2025-26,ist,-,1,3,226.2,9.8,5.3,53.8,22.0,44.3,1.3,47.0,0
2025-26,ist,-,3,1,235.5,13.3,8.5,64.2,30.3,43.8,1.5,46.1,0
2025-26,ist,-,2,2,230.5,16.3,9.8,60.0,31.0,52.4,0.8,53.7,0
2025-26,ist,-,0,4,236.5,10.5,6.5,61.9,27.5,38.2,1.0,39.6,0
2025-26,ist,-,3,1,234.2,14.5,9.3,63.8,29.3,49.6,1.3,51.8,0
2025-26,ist,-,4,1,232.3,12.0,7.2,60.0,29.8,40.3,1.2,42.0,0
2025-26,ist,-,1,3,216.8,13.3,6.5,49.1,31.3,42.4,1.0,43.8,0
2025-26,ist,-,1,3,219.5,10.0,4.5,45.0,22.0,45.5,1.0,47.6,0
