SEASON,SEASON_TYPE,TEAM_ABB,GP,G,FGA_FREQUENCY,FGM,FGA,FG_PCT,EFG_PCT,FG2A_FREQUENCY,FG2M,FG2A,FG2_PCT,FG3A_FREQUENCY,FG3M,FG3A,FG3_PCT
2016-17,regular-season,-,82,100,39.9,88.8,44.9,49.2,73.7,32.2,65.4,49.1,26.3,7.7,23.4,33.0,0
2016-17,regular-season,-,80,100,39.8,88.5,45.0,49.2,74.4,32.4,65.9,49.1,25.6,7.5,22.7,32.9,0
2016-17,regular-season,-,82,100,39.6,88.5,44.7,49.6,72.1,31.0,63.8,48.5,27.9,8.6,24.7,34.8,0
2016-17,regular-season,-,81,100,41.0,87.6,46.8,52.8,67.1,30.5,58.8,51.8,32.9,10.6,28.8,36.7,0
2016-17,regular-season,-,82,100,39.3,87.3,45.0,50.1,70.6,30.4,61.6,49.3,29.4,8.9,25.7,34.6,0
2016-17,regular-season,-,82,100,39.4,87.3,45.2,50.0,70.5,31.0,61.5,50.4,29.5,8.4,25.8,32.7,0
2016-17,regular-season,-,82,100,40.3,87.2,46.2,54.5,53.8,25.9,46.9,55.2,46.2,14.4,40.3,35.7,0
2016-17,regular-season,-,82,100,43.1,87.1,49.5,56.3,64.1,31.1,55.8,55.7,35.9,12.0,31.2,38.3,0
2016-17,regular-season,-,82,100,38.6,87.1,44.4,48.7,74.4,31.1,64.7,48.0,25.6,7.6,22.3,34.0,0
2016-17,regular-season,-,82,100,39.1,86.9,45.0,50.4,69.2,29.8,60.2,49.5,30.8,9.4,26.8,35.0,0
2016-17,regular-season,-,82,100,41.2,86.9,47.5,52.8,71.5,32.0,62.2,51.5,28.5,9.2,24.7,37.3,0
2016-17,regular-season,-,82,100,38.2,86.8,44.0,48.9,70.0,29.6,60.8,48.8,30.0,8.5,26.0,32.7,0
2016-17,regular-season,-,82,100,39.5,86.0,45.9,52.0,67.8,29.1,58.3,49.9,32.2,10.4,27.7,37.5,0
2016-17,regular-season,-,82,100,39.0,85.8,45.5,51.2,68.6,29.2,58.8,49.6,31.4,9.8,27.0,36.5,0
2016-17,regular-season,-,82,100,37.7,85.3,44.2,50.1,66.5,27.7,56.7,48.8,33.5,10.1,28.6,35.1,0
2016-17,regular-season,-,82,100,37.6,85.2,44.2,50.1,65.0,27.5,55.4,49.6,35.0,10.1,29.8,34.0,0
2016-17,regular-season,-,81,100,37.9,85.1,44.5,50.8,62.9,27.1,53.6,50.7,37.1,10.7,31.6,33.9,0
2016-17,regular-season,-,82,100,38.6,85.1,45.4,52.5,60.7,26.6,51.6,51.5,39.3,12.0,33.4,35.9,0
2016-17,regular-season,-,82,100,39.9,84.9,47.0,54.7,60.1,26.9,51.0,52.8,39.9,13.0,33.9,38.4,0
2016-17,regular-season,-,82,100,39.5,84.4,46.7,51.1,75.1,32.1,63.4,50.7,24.9,7.3,21.0,34.9,0
2016-17,regular-season,-,81,100,39.2,84.4,46.5,51.6,72.8,30.6,61.5,49.8,27.2,8.6,22.9,37.6,0
2016-17,regular-season,-,82,100,38.0,84.3,45.1,50.4,69.1,29.1,58.2,50.1,30.9,8.9,26.0,34.2,0
2016-17,regular-season,-,81,100,39.1,84.2,46.4,51.6,71.0,30.2,59.8,50.6,29.0,8.8,24.4,36.2,0
2016-17,regular-season,-,81,100,39.3,83.8,46.9,52.4,71.9,30.1,60.3,50.0,28.1,9.2,23.5,39.0,0
2016-17,regular-season,-,82,100,36.4,83.5,43.6,49.2,68.4,27.0,57.1,47.3,31.6,9.3,26.4,35.4,0
2016-17,regular-season,-,82,100,39.5,83.2,47.5,53.7,67.1,29.3,55.8,52.5,32.9,10.3,27.4,37.5,0
2016-17,regular-season,-,81,100,36.1,82.2,43.9,50.4,63.4,25.5,52.1,48.8,36.6,10.7,30.1,35.4,0
2016-17,regular-season,-,82,100,37.8,82.1,46.1,51.6,70.9,28.9,58.2,49.6,29.1,9.0,23.9,37.6,0
2016-17,regular-season,-,82,100,38.7,81.7,47.4,52.8,71.0,30.0,58.0,51.6,29.0,8.8,23.7,37.0,0
2016-17,regular-season,-,82,100,37.0,79.4,46.5,52.6,67.3,27.3,53.5,51.1,32.7,9.7,25.9,37.2,0
2017-18,regular-season,-,81,100,38.6,88.5,43.6,49.8,64.9,27.5,57.4,47.8,35.1,11.1,31.1,35.7,0
2017-18,regular-season,-,81,100,40.6,88.3,46.0,51.7,67.2,30.7,59.3,51.7,32.8,10.0,29.0,34.4,0
2017-18,regular-season,-,80,100,40.0,87.9,45.4,51.6,65.3,29.2,57.4,50.8,34.7,10.8,30.5,35.3,0
2017-18,regular-season,-,82,100,42.4,87.8,48.3,54.1,68.0,32.3,59.8,54.1,32.0,10.1,28.1,36.1,0
2017-18,regular-season,-,81,100,40.5,87.5,46.3,51.0,73.5,32.4,64.3,50.5,26.5,8.1,23.2,34.9,0
2017-18,regular-season,-,82,100,41.1,87.2,47.2,53.9,62.3,29.4,54.3,54.1,37.7,11.7,32.9,35.7,0
2017-18,regular-season,-,82,100,38.4,87.0,44.2,49.5,68.0,29.1,59.2,49.2,32.0,9.3,27.9,33.4,0
2017-18,regular-season,-,80,100,38.4,86.9,44.1,51.5,58.9,25.6,51.1,50.0,41.1,12.8,35.7,35.8,0
2017-18,regular-season,-,82,100,39.0,86.7,45.0,51.3,66.7,28.2,57.8,48.8,33.3,10.8,28.9,37.4,0
2017-18,regular-season,-,81,100,40.9,86.6,47.2,53.5,65.5,29.9,56.8,52.6,34.5,11.0,29.9,36.8,0
2017-18,regular-season,-,82,100,39.0,86.6,45.0,50.8,68.6,28.9,59.4,48.7,31.4,10.1,27.2,36.9,0
2017-18,regular-season,-,81,100,40.7,86.6,47.0,53.5,64.3,29.3,55.7,52.5,35.7,11.4,30.9,36.9,0
2017-18,regular-season,-,82,100,39.0,86.6,45.1,51.0,67.7,28.8,58.6,49.2,32.3,10.2,28.0,36.5,0
2017-18,regular-season,-,82,100,40.7,86.1,47.2,52.5,71.6,31.7,61.7,51.4,28.4,9.0,24.4,36.8,0
2017-18,regular-season,-,82,100,41.0,86.1,47.7,52.3,73.9,33.0,63.6,51.9,26.1,8.0,22.5,35.7,0
2017-18,regular-season,-,82,100,38.2,85.9,44.4,51.3,61.8,26.4,53.1,49.7,38.2,11.8,32.8,36.0,0
2017-18,regular-season,-,82,100,38.6,85.7,45.1,50.3,72.1,29.7,61.8,48.0,27.9,9.0,23.9,37.5,0
2017-18,regular-season,-,81,100,40.3,85.4,47.1,52.7,68.7,30.8,58.7,52.5,31.3,9.5,26.7,35.5,0
2017-18,regular-season,-,81,100,38.1,85.4,44.6,51.2,63.6,26.9,54.4,49.5,36.4,11.2,31.1,36.0,0
2017-18,regular-season,-,82,100,39.0,85.3,45.8,50.7,71.7,30.6,61.2,49.9,28.3,8.5,24.1,35.2,0
2017-18,regular-season,-,81,100,38.8,85.3,45.5,52.0,64.1,27.7,54.6,50.8,35.9,11.1,30.6,36.1,0
2017-18,regular-season,-,82,100,38.6,85.2,45.2,51.3,65.8,28.3,56.1,50.5,34.2,10.3,29.2,35.2,0
2017-18,regular-season,-,79,100,38.3,85.1,45.0,51.7,64.4,26.9,54.8,49.1,35.6,11.4,30.3,37.6,0
2017-18,regular-season,-,82,100,39.7,85.0,46.7,52.5,69.0,29.9,58.7,50.9,31.0,9.9,26.3,37.5,0
2017-18,regular-season,-,82,100,42.7,84.8,50.3,57.0,66.0,31.4,56.0,56.1,34.0,11.2,28.8,39.0,0
2017-18,regular-season,-,82,100,40.4,84.8,47.6,54.7,62.1,28.4,52.7,54.0,37.9,12.0,32.1,37.2,0
2017-18,regular-season,-,82,100,38.7,84.1,46.0,55.1,49.7,23.4,41.8,55.9,50.3,15.3,42.3,36.2,0
2017-18,regular-season,-,81,100,39.6,82.8,47.9,53.1,70.3,30.9,58.2,53.1,29.7,8.7,24.6,35.4,0
2017-18,regular-season,-,82,100,38.2,82.7,46.2,52.7,64.4,27.4,53.2,51.5,35.6,10.8,29.4,36.6,0
2017-18,regular-season,-,82,100,36.6,82.4,44.5,50.0,68.3,27.4,56.3,48.7,31.7,9.2,26.1,35.3,0
2017-18,playoffs,-,4,100,41.3,90.8,45.5,51.4,64.5,30.5,58.5,52.1,35.5,10.8,32.3,33.3,0
2017-18,playoffs,-,9,100,42.9,89.9,47.7,53.2,70.0,33.0,62.9,52.5,30.0,9.9,27.0,36.6,0
2017-18,playoffs,-,10,100,38.7,88.5,43.7,49.3,66.9,28.8,59.2,48.6,33.1,9.9,29.3,33.8,0
2017-18,playoffs,-,6,100,37.2,86.5,43.0,49.0,66.7,26.7,57.7,46.2,33.3,10.5,28.8,36.4,0
2017-18,playoffs,-,21,100,41.2,86.0,48.0,54.5,63.5,30.1,54.6,55.0,36.5,11.2,31.4,35.7,0
2017-18,playoffs,-,17,100,37.2,85.2,43.6,51.5,53.3,23.8,45.5,52.3,46.7,13.4,39.8,33.7,0
2017-18,playoffs,-,6,100,39.7,85.2,46.6,51.3,74.4,31.7,63.3,50.0,25.6,8.0,21.8,36.6,0
2017-18,playoffs,-,5,100,34.6,83.8,41.3,46.3,66.3,26.2,55.6,47.1,33.7,8.4,28.2,29.8,0
2017-18,playoffs,-,19,100,36.4,83.2,43.8,50.1,63.3,25.9,52.6,49.3,36.7,10.5,30.6,34.3,0
2017-18,playoffs,-,11,100,37.7,82.8,45.6,52.0,63.9,27.0,52.9,51.0,36.1,10.7,29.9,35.9,0
2017-18,playoffs,-,5,100,36.4,82.8,44.0,50.5,66.7,25.6,55.2,46.4,33.3,10.8,27.6,39.1,0
2017-18,playoffs,-,5,100,38.0,82.6,46.0,51.5,73.6,29.0,60.8,47.7,26.4,9.0,21.8,41.3,0
2017-18,playoffs,-,10,100,38.9,82.3,47.3,53.6,67.6,28.5,55.6,51.3,32.4,10.4,26.7,39.0,0
2017-18,playoffs,-,22,100,36.8,81.8,45.0,51.2,62.9,26.8,51.5,52.0,37.1,10.1,30.3,33.1,0
2017-18,playoffs,-,7,100,38.6,80.1,48.1,54.2,66.1,28.9,53.0,54.4,33.9,9.7,27.1,35.8,0
2017-18,playoffs,-,7,100,39.1,78.3,50.0,56.1,67.2,29.6,52.6,56.3,32.8,9.6,25.7,37.2,0
2018-19,regular-season,-,81,100,42.6,93.9,45.4,51.5,65.2,31.3,61.2,51.1,34.8,11.4,32.6,34.8,0
2018-19,regular-season,-,82,100,43.2,93.1,46.4,52.5,67.8,31.9,63.1,50.5,32.2,11.3,29.9,37.8,0
2018-19,regular-season,-,82,100,43.7,92.2,47.4,52.9,67.6,33.4,62.3,53.6,32.4,10.3,29.9,34.4,0
2018-19,regular-season,-,82,100,41.4,91.8,45.1,52.2,59.7,28.4,54.8,51.8,40.3,13.0,37.0,35.2,0
2018-19,regular-season,-,82,100,41.6,91.3,45.6,51.1,68.5,31.5,62.5,50.4,31.5,10.1,28.7,35.1,0
2018-19,regular-season,-,82,100,43.3,91.1,47.6,55.0,58.1,29.9,52.9,56.5,41.9,13.5,38.2,35.2,0
2018-19,regular-season,-,82,100,42.6,90.5,47.0,52.7,65.8,32.2,59.5,54.2,34.2,10.3,31.0,33.3,0
2018-19,regular-season,-,82,100,42.1,90.5,46.5,53.4,61.9,29.5,56.0,52.7,38.1,12.6,34.5,36.5,0
2018-19,regular-season,-,82,100,42.2,90.3,46.7,52.8,66.1,31.2,59.6,52.3,33.9,11.0,30.6,35.9,0
2018-19,regular-season,-,82,100,41.8,89.8,46.6,52.7,65.2,30.9,58.5,52.8,34.8,11.0,31.3,35.1,0
2018-19,regular-season,-,82,100,40.2,89.7,44.8,51.4,62.2,28.3,55.8,50.6,37.8,11.9,33.9,35.1,0
2018-19,regular-season,-,82,100,40.2,89.7,44.8,52.0,59.7,27.5,53.5,51.3,40.3,12.8,36.2,35.3,0
2018-19,regular-season,-,80,100,40.5,89.3,45.4,51.8,64.0,29.1,57.1,50.9,36.0,11.4,32.2,35.5,0
2018-19,regular-season,-,81,100,41.8,89.2,46.8,53.2,62.9,30.5,56.1,54.3,37.1,11.3,33.1,34.1,0
2018-19,regular-season,-,82,100,42.2,89.0,47.4,54.3,62.1,29.8,55.3,53.9,37.9,12.4,33.8,36.6,0
2018-19,regular-season,-,82,100,43.6,88.8,49.0,56.4,61.7,30.5,54.8,55.7,38.3,13.0,34.0,38.3,0
2018-19,regular-season,-,82,100,42.3,88.4,47.8,53.4,71.4,32.4,63.1,51.3,28.6,9.9,25.3,39.2,0
2018-19,regular-season,-,82,100,38.8,88.3,44.0,50.8,60.6,26.7,53.5,50.0,39.4,12.1,34.8,34.8,0
2018-19,regular-season,-,81,100,41.6,88.3,47.1,53.2,65.9,30.7,58.2,52.8,34.1,10.8,30.1,35.9,0
2018-19,regular-season,-,81,100,38.2,88.3,43.3,48.9,66.6,28.2,58.8,48.0,33.4,10.0,29.5,33.9,0
2018-19,regular-season,-,82,100,39.6,88.0,45.0,51.5,63.2,28.3,55.6,50.9,36.8,11.3,32.4,34.9,0
2018-19,regular-season,-,81,100,39.9,88.0,45.3,50.5,70.5,30.8,62.0,49.7,29.5,9.1,26.0,34.9,0
2018-19,regular-season,-,82,100,41.3,87.5,47.2,52.9,70.5,31.3,61.7,50.7,29.5,10.0,25.8,38.8,0
2018-19,regular-season,-,82,100,40.1,87.3,45.9,51.4,66.5,30.5,58.1,52.5,33.5,9.6,29.3,32.9,0
2018-19,regular-season,-,82,100,39.2,87.3,44.9,54.2,48.0,23.1,41.9,55.1,52.0,16.1,45.3,35.6,0
2018-19,regular-season,-,82,100,41.3,87.0,47.5,52.9,70.8,31.8,61.6,51.6,29.2,9.5,25.4,37.4,0
2018-19,regular-season,-,82,100,38.8,86.9,44.7,51.8,57.8,26.3,50.2,52.4,42.2,12.5,36.6,34.0,0
2018-19,regular-season,-,82,100,38.5,86.8,44.4,50.3,66.7,28.2,57.9,48.8,33.3,10.3,28.9,35.6,0
2018-19,regular-season,-,81,100,40.1,85.5,46.9,53.9,60.5,28.1,51.7,54.2,39.5,12.0,33.8,35.6,0
2018-19,regular-season,-,82,100,38.0,84.4,45.0,50.8,65.8,28.1,55.6,50.5,34.2,9.9,28.9,34.2,0
2018-19,playoffs,-,4,100,37.5,96.8,38.8,44.4,65.6,26.5,63.5,41.7,34.4,11.0,33.3,33.1,0
2018-19,playoffs,-,5,100,38.4,91.2,42.1,48.1,62.7,27.4,57.2,47.9,37.3,11.0,34.0,32.4,0
2018-19,playoffs,-,16,100,39.4,90.4,43.6,50.1,63.7,27.6,57.6,47.9,36.3,11.8,32.8,36.0,0
2018-19,playoffs,-,14,100,39.9,90.3,44.2,49.5,69.2,30.4,62.5,48.6,30.8,9.6,27.8,34.4,0
2018-19,playoffs,-,6,100,39.8,89.0,44.8,51.2,64.4,28.3,57.3,49.4,35.6,11.5,31.7,36.3,0
2018-19,playoffs,-,15,100,39.8,88.4,45.0,52.3,56.9,27.0,50.3,53.6,43.1,12.8,38.1,33.6,0
2018-19,playoffs,-,5,100,34.6,86.4,40.0,45.5,58.6,25.2,50.6,49.8,41.4,9.4,35.8,26.3,0
2018-19,playoffs,-,22,100,41.1,86.1,47.7,54.8,62.0,28.9,53.4,54.2,38.0,12.2,32.7,37.2,0
2018-19,playoffs,-,5,100,37.8,86.0,44.0,50.0,63.5,27.4,54.6,50.2,36.5,10.4,31.4,33.1,0
2018-19,playoffs,-,12,100,39.4,85.8,46.0,51.5,66.9,30.0,57.3,52.3,33.1,9.4,28.4,33.1,0
2018-19,playoffs,-,7,100,39.4,85.1,46.3,50.3,76.7,32.7,65.3,50.1,23.3,6.7,19.9,33.8,0
2018-19,playoffs,-,24,100,37.6,84.7,44.4,51.5,59.4,25.7,50.3,51.2,40.6,11.9,34.4,34.6,0
2018-19,playoffs,-,9,100,35.7,84.1,42.4,49.1,60.8,24.3,51.1,47.6,39.2,11.3,33.0,34.3,0
2018-19,playoffs,-,11,100,37.2,83.8,44.4,53.7,49.0,21.6,41.1,52.4,51.0,15.6,42.7,36.6,0
2018-19,playoffs,-,4,100,33.5,83.5,40.1,46.1,64.4,23.5,53.8,43.7,35.6,10.0,29.8,33.6,0
2018-19,playoffs,-,5,100,32.2,83.0,38.8,45.1,58.1,21.8,48.2,45.2,41.9,10.4,34.8,29.9,0
2019-20,playoffs,-,4,100,36.3,91.3,39.7,48.2,49.6,20.8,45.3,45.9,50.4,15.5,46.0,33.7,0
2019-20,playoffs,-,6,100,42.2,89.2,47.3,54.9,57.9,28.7,51.7,55.5,42.1,13.5,37.5,36.0,0
2019-20,playoffs,-,5,100,37.2,88.6,42.0,50.5,55.1,22.2,48.8,45.5,44.9,15.0,39.8,37.7,0
2019-20,playoffs,-,11,100,39.1,88.5,44.2,52.5,54.5,24.4,48.2,50.8,45.5,14.6,40.3,36.3,0
2019-20,playoffs,-,5,100,37.6,88.2,42.6,49.2,65.3,26.0,57.6,45.1,34.7,11.6,30.6,37.9,0
2019-20,playoffs,-,10,100,39.9,86.8,46.0,53.5,57.6,26.8,50.0,53.6,42.4,13.1,36.8,35.6,0
2019-20,playoffs,-,13,100,40.9,86.4,47.4,54.4,62.0,28.9,53.5,53.9,38.0,12.1,32.9,36.8,0
2019-20,playoffs,-,12,100,37.4,85.7,43.7,53.6,45.5,20.5,39.0,52.6,54.5,16.9,46.7,36.3,0
2019-20,playoffs,-,7,100,36.7,85.4,43.0,50.0,57.2,24.7,48.9,50.6,42.8,12.0,36.6,32.8,0
2019-20,playoffs,-,17,100,38.6,84.9,45.4,52.7,57.1,26.2,48.5,53.9,42.9,12.4,36.4,34.1,0
2019-20,playoffs,-,4,100,33.3,84.3,39.5,44.2,64.1,25.3,54.0,46.8,35.9,8.0,30.3,26.4,0
2019-20,playoffs,-,21,100,40.5,83.0,48.8,56.0,59.2,28.4,49.1,57.8,40.8,12.1,33.9,35.6,0
2019-20,playoffs,-,19,100,38.8,82.5,47.1,54.5,60.8,26.6,50.1,53.0,39.2,12.3,32.4,37.9,0
2019-20,playoffs,-,7,100,39.9,81.9,48.7,58.3,54.5,24.1,44.6,54.2,45.5,15.7,37.3,42.1,0
2019-20,playoffs,-,21,100,37.4,81.4,46.0,53.7,56.8,24.9,46.2,53.8,43.2,12.6,35.2,35.7,0
2019-20,playoffs,-,4,100,36.5,80.3,45.5,53.0,60.1,24.5,48.3,50.8,39.9,12.0,32.0,37.5,0
2019-20,play-in,-,1,100,45.0,92.0,48.9,56.5,72.8,31.0,67.0,46.3,27.2,14.0,25.0,56.0,0
2019-20,play-in,-,1,100,38.0,84.0,45.2,54.2,52.4,23.0,44.0,52.3,47.6,15.0,40.0,37.5,0
2019-20,ist,-,1,100,42.0,103.0,40.8,47.6,61.2,28.0,63.0,44.4,38.8,14.0,40.0,35.0,0
2019-20,ist,-,1,100,43.0,102.0,42.2,51.5,55.9,24.0,57.0,42.1,44.1,19.0,45.0,42.2,0
2020-21,regular-season,-,72,100,44.7,91.8,48.7,56.6,59.6,30.3,54.8,55.4,40.4,14.4,37.1,38.9,0
2020-21,regular-season,-,72,100,42.9,91.7,46.7,52.8,65.8,31.7,60.4,52.5,34.2,11.2,31.4,35.6,0
2020-21,regular-season,-,72,100,43.3,91.2,47.4,54.2,62.8,30.9,57.3,54.0,37.2,12.3,34.0,36.4,0
2020-21,regular-season,-,72,100,41.3,91.1,45.3,54.0,55.2,25.6,50.3,50.9,44.8,15.7,40.8,38.5,0
2020-21,regular-season,-,72,100,43.2,90.9,47.5,53.1,68.1,33.0,61.9,53.3,31.9,10.2,29.0,35.1,0
2020-21,regular-season,-,72,100,40.7,90.9,44.8,52.0,58.7,27.6,53.3,51.8,41.3,13.1,37.6,34.9,0
2020-21,regular-season,-,72,100,41.8,90.5,46.2,51.7,68.6,31.9,62.1,51.4,31.4,9.9,28.4,35.0,0
2020-21,regular-season,-,72,100,38.3,89.2,42.9,49.0,64.4,27.4,57.4,47.7,35.6,10.9,31.8,34.3,0
2020-21,regular-season,-,72,100,42.4,88.9,47.7,53.7,65.8,31.9,58.6,54.4,34.2,10.6,30.4,34.8,0
2020-21,regular-season,-,72,100,41.5,88.9,46.6,54.3,59.1,27.9,52.6,53.0,40.9,13.6,36.4,37.4,0
2020-21,regular-season,-,72,100,39.7,88.6,44.8,53.0,55.6,25.3,49.3,51.2,44.4,14.5,39.3,36.8,0
2020-21,regular-season,-,72,100,42.6,88.6,48.1,54.9,62.4,30.5,55.3,55.1,37.6,12.1,33.3,36.4,0
2020-21,regular-season,-,72,100,42.1,88.6,47.6,54.7,61.7,29.6,54.6,54.2,38.3,12.6,34.0,37.0,0
2020-21,regular-season,-,72,100,42.9,88.4,48.5,55.8,61.5,30.0,54.4,55.2,38.5,12.8,34.0,37.8,0
2020-21,regular-season,-,72,100,41.2,87.9,46.9,56.4,51.1,24.5,45.0,54.5,48.9,16.7,43.0,38.9,0
2020-21,regular-season,-,72,100,39.9,87.8,45.5,53.3,57.9,26.3,50.8,51.7,42.1,13.7,37.0,36.9,0
2020-21,regular-season,-,72,100,38.9,87.5,44.5,52.2,54.1,25.3,47.3,53.4,45.9,13.6,40.2,33.9,0
2020-21,regular-season,-,72,100,41.1,87.5,46.9,55.2,56.0,26.6,49.0,54.2,44.0,14.5,38.5,37.7,0
2020-21,regular-season,-,72,100,42.9,87.5,49.0,56.4,60.9,30.0,53.3,56.2,39.1,12.9,34.2,37.7,0
2020-21,regular-season,-,72,100,38.5,87.4,44.0,50.8,60.0,26.6,52.4,50.8,40.0,11.8,35.0,33.8,0
2020-21,regular-season,-,72,100,43.1,87.3,49.4,57.5,58.6,29.0,51.2,56.6,41.4,14.2,36.1,39.2,0
2020-21,regular-season,-,72,100,41.1,87.2,47.1,55.0,56.3,27.3,49.1,55.5,43.7,13.8,38.1,36.2,0
2020-21,regular-season,-,72,100,40.8,87.2,46.8,53.9,61.7,28.4,53.8,52.7,38.3,12.4,33.4,37.2,0
2020-21,regular-season,-,72,100,41.4,86.9,47.6,54.1,65.3,30.1,56.8,53.1,34.7,11.3,30.1,37.4,0
2020-21,regular-season,-,72,100,41.5,85.9,48.3,56.6,60.1,27.3,51.6,52.8,39.9,14.2,34.3,41.4,0
2020-21,regular-season,-,72,100,39.1,85.8,45.6,52.4,65.2,27.4,55.9,49.0,34.8,11.7,29.9,39.2,0
2020-21,regular-season,-,71,100,40.0,84.8,47.2,53.7,63.7,29.1,54.0,53.9,36.3,10.9,30.8,35.5,0
2020-21,regular-season,-,72,100,38.3,84.7,45.3,52.0,61.6,26.9,52.1,51.6,38.4,11.4,32.5,35.1,0
2020-21,regular-season,-,71,100,38.0,84.6,45.0,50.8,65.2,28.1,55.1,51.1,34.8,9.9,29.5,33.5,0
2020-21,regular-season,-,72,100,39.2,83.7,46.8,54.6,56.8,26.3,47.5,55.3,43.2,12.9,36.2,35.8,0
2020-21,playoffs,-,5,100,44.2,94.4,46.8,52.3,66.5,33.8,62.8,53.8,33.5,10.4,31.6,32.9,0
2020-21,playoffs,-,10,100,42.1,92.2,45.7,53.6,58.2,27.4,53.7,51.0,41.8,14.7,38.5,38.2,0
2020-21,playoffs,-,23,100,42.1,91.1,46.2,52.4,61.6,30.9,56.1,55.0,38.4,11.2,35.0,32.1,0
2020-21,playoffs,-,4,100,35.3,89.3,39.5,46.2,59.9,23.3,53.5,43.5,40.1,12.0,35.8,33.6,0
2020-21,playoffs,-,5,100,40.6,88.6,45.8,49.8,72.7,33.6,64.4,52.2,27.3,7.0,24.2,28.9,0
2020-21,playoffs,-,5,100,38.4,88.4,43.4,50.7,58.4,25.6,51.6,49.6,41.6,12.8,36.8,34.8,0
2020-21,playoffs,-,6,100,42.0,88.3,47.5,56.7,55.7,25.8,49.2,52.5,44.3,16.2,39.2,41.3,0
2020-21,playoffs,-,18,100,38.9,86.8,44.9,51.6,60.6,27.2,52.6,51.7,39.4,11.7,34.2,34.3,0
2020-21,playoffs,-,5,100,34.4,86.4,39.8,45.8,64.8,24.0,56.0,42.9,35.2,10.4,30.4,34.2,0
2020-21,playoffs,-,12,100,40.7,86.2,47.2,55.1,58.6,27.1,50.5,53.6,41.4,13.6,35.7,38.1,0
2020-21,playoffs,-,12,100,42.5,85.8,49.6,56.1,66.9,31.3,57.3,54.7,33.1,11.2,28.4,39.3,0
2020-21,playoffs,-,7,100,39.0,85.7,45.5,53.4,59.2,25.4,50.7,50.1,40.8,13.6,35.0,38.8,0
2020-21,playoffs,-,22,100,40.9,85.0,48.1,54.7,65.0,29.7,55.3,53.7,35.0,11.2,29.7,37.6,0
2020-21,playoffs,-,11,100,39.7,84.1,47.2,57.9,48.1,21.7,40.5,53.7,51.9,18.0,43.6,41.3,0
2020-21,playoffs,-,6,100,34.3,83.0,41.4,47.3,60.4,24.5,50.2,48.8,39.6,9.8,32.8,29.9,0
2020-21,playoffs,-,19,100,39.1,82.0,47.7,56.2,55.6,25.3,45.6,55.4,44.4,13.8,36.4,38.1,0
2020-21,play-in,-,2,100,49.5,102.5,48.3,55.9,62.9,34.0,64.5,52.7,37.1,15.5,38.0,40.8,0
2020-21,play-in,-,1,100,34.0,97.0,35.1,39.2,77.3,26.0,75.0,34.7,22.7,8.0,22.0,36.4,0
2020-21,play-in,-,1,100,38.0,96.0,39.6,47.4,53.1,23.0,51.0,45.1,46.9,15.0,45.0,33.3,0
2020-21,play-in,-,1,100,43.0,94.0,45.7,52.1,57.4,31.0,54.0,57.4,42.6,12.0,40.0,30.0,0
2020-21,play-in,-,2,100,40.0,94.0,42.6,48.4,69.7,29.0,65.5,44.3,30.3,11.0,28.5,38.6,0
2020-21,play-in,-,2,100,47.0,92.5,50.8,55.4,73.5,38.5,68.0,56.6,26.5,8.5,24.5,34.7,0
2020-21,play-in,-,1,100,37.0,91.0,40.7,46.2,65.9,27.0,60.0,45.0,34.1,10.0,31.0,32.3,0
2020-21,play-in,-,2,100,39.5,88.5,44.6,52.3,61.6,26.0,54.5,47.7,38.4,13.5,34.0,39.7,0
2021-22,regular-season,-,81,100,43.5,94.3,46.1,52.2,65.4,31.9,61.6,51.8,34.6,11.5,32.7,35.3,0
2021-22,regular-season,-,82,100,43.2,92.7,46.7,52.8,65.5,32.0,60.7,52.7,34.5,11.3,32.0,35.3,0
2021-22,regular-season,-,81,100,42.8,91.4,46.8,54.4,58.2,28.8,53.2,54.1,41.8,14.0,38.2,36.6,0
2021-22,regular-season,-,82,100,40.6,91.3,44.5,51.0,62.5,28.7,57.1,50.3,37.5,11.9,34.2,34.9,0
2021-22,regular-season,-,82,100,41.6,91.0,45.7,53.8,54.6,26.8,49.6,54.0,45.4,14.8,41.3,35.8,0
2021-22,regular-season,-,81,100,43.6,89.8,48.6,55.0,64.5,32.0,57.9,55.3,35.5,11.6,31.9,36.4,0
2021-22,regular-season,-,82,100,41.4,89.5,46.3,53.1,60.5,29.3,54.1,54.1,39.5,12.2,35.4,34.4,0
2021-22,regular-season,-,82,100,41.8,89.4,46.8,54.6,57.0,27.8,51.0,54.5,43.0,14.1,38.4,36.6,0
2021-22,regular-season,-,82,100,38.3,89.1,43.0,49.8,58.0,26.2,51.7,50.7,42.0,12.1,37.4,32.3,0
2021-22,regular-season,-,82,100,41.6,88.7,46.9,53.7,61.2,29.7,54.3,54.7,38.8,12.0,34.5,34.7,0
2021-22,regular-season,-,81,100,38.2,88.5,43.2,49.6,61.0,26.9,54.0,49.8,39.0,11.3,34.5,32.8,0
2021-22,regular-season,-,82,100,42.0,88.4,47.5,54.0,64.1,30.5,56.7,53.8,35.9,11.5,31.7,36.1,0
2021-22,regular-season,-,82,100,41.5,88.3,47.0,54.3,61.0,28.6,53.9,53.1,39.0,12.9,34.4,37.4,0
2021-22,regular-season,-,82,100,38.2,88.3,43.3,50.2,58.3,26.1,51.5,50.7,41.7,12.2,36.8,33.0,0
2021-22,regular-season,-,81,100,40.4,88.0,45.9,52.3,62.5,29.1,55.0,52.9,37.5,11.3,33.0,34.2,0
2021-22,regular-season,-,81,100,40.2,88.0,45.7,51.8,63.6,29.5,56.0,52.8,36.4,10.7,32.0,33.3,0
2021-22,regular-season,-,81,100,40.8,87.5,46.6,54.2,57.7,27.6,50.4,54.7,42.3,13.2,37.0,35.6,0
2021-22,regular-season,-,81,100,40.2,87.4,46.0,53.3,60.8,27.3,53.1,51.4,39.2,12.8,34.2,37.6,0
2021-22,regular-season,-,82,100,38.5,87.1,44.2,51.5,57.8,25.8,50.3,51.3,42.2,12.7,36.8,34.6,0
2021-22,regular-season,-,82,100,41.7,86.9,48.0,54.1,66.8,31.1,58.1,53.5,33.2,10.6,28.8,36.9,0
2021-22,regular-season,-,82,100,39.4,86.4,45.6,53.4,55.3,25.9,47.7,54.3,44.7,13.5,38.6,34.9,0
2021-22,regular-season,-,81,100,40.6,86.3,47.0,55.3,54.3,26.1,46.9,55.7,45.7,14.4,39.4,36.6,0
2021-22,regular-season,-,82,100,41.7,86.3,48.3,55.6,58.4,29.0,50.4,57.5,41.6,12.7,35.9,35.3,0
2021-22,regular-season,-,82,100,40.6,86.2,47.1,55.5,53.2,26.0,45.9,56.8,46.8,14.5,40.3,36.0,0
2021-22,regular-season,-,81,100,37.6,86.1,43.7,51.3,57.1,24.5,49.2,49.8,42.9,13.1,36.9,35.6,0
2021-22,regular-season,-,82,100,40.5,85.9,47.2,53.3,64.4,30.0,55.3,54.3,35.6,10.5,30.6,34.3,0
2021-22,regular-season,-,82,100,39.3,85.2,46.1,53.8,56.2,26.2,47.8,54.8,43.8,13.1,37.3,35.0,0
2021-22,regular-season,-,82,100,39.5,84.8,46.6,54.7,57.8,25.9,49.0,53.0,42.2,13.6,35.8,37.9,0
2021-22,regular-season,-,82,100,39.7,84.6,46.9,53.8,61.3,28.1,51.9,54.1,38.7,11.6,32.7,35.5,0
2021-22,regular-season,-,82,100,39.4,84.5,46.6,53.4,62.4,27.8,52.7,52.7,37.6,11.6,31.8,36.4,0
2021-22,play-in,-,1,100,37.0,91.0,40.7,47.8,62.6,24.0,57.0,42.1,37.4,13.0,34.0,38.2,0
2021-22,play-in,-,1,100,34.0,90.0,37.8,45.0,54.4,21.0,49.0,42.9,45.6,13.0,41.0,31.7,0
2021-22,play-in,-,2,100,44.0,87.0,50.6,57.8,63.8,31.5,55.5,56.8,36.2,12.5,31.5,39.7,0
2021-22,play-in,-,2,100,39.0,86.5,45.1,51.4,64.2,28.0,55.5,50.5,35.8,11.0,31.0,35.5,0
2021-22,play-in,-,2,100,43.5,84.5,51.5,55.6,75.1,36.5,63.5,57.5,24.9,7.0,21.0,33.3,0
2021-22,play-in,-,1,100,45.0,84.0,53.6,58.9,66.7,36.0,56.0,64.3,33.3,9.0,28.0,32.1,0
2021-22,play-in,-,1,100,36.0,83.0,43.4,51.8,57.8,22.0,48.0,45.8,42.2,14.0,35.0,40.0,0
2021-22,play-in,-,2,100,34.5,81.5,42.3,50.0,56.4,22.0,46.0,47.8,43.6,12.5,35.5,35.2,0
2022-23,play-in,-,1,100,45.0,96.0,46.9,52.1,57.3,35.0,55.0,63.6,42.7,10.0,41.0,24.4,0
2022-23,play-in,-,1,100,38.0,92.0,41.3,46.7,66.3,28.0,61.0,45.9,33.7,10.0,31.0,32.3,0
2022-23,play-in,-,2,100,37.0,90.5,40.9,47.5,57.5,25.0,52.0,48.1,42.5,12.0,38.5,31.2,0
2022-23,play-in,-,1,100,42.0,87.0,48.3,53.4,67.8,33.0,59.0,55.9,32.2,9.0,28.0,32.1,0
2022-23,play-in,-,1,100,38.0,87.0,43.7,50.0,64.4,27.0,56.0,48.2,35.6,11.0,31.0,35.5,0
2022-23,play-in,-,2,100,35.5,84.5,42.0,48.2,62.1,25.0,52.5,47.6,37.9,10.5,32.0,32.8,0
2022-23,play-in,-,2,100,39.0,84.0,46.4,50.9,67.9,31.5,57.0,55.3,32.1,7.5,27.0,27.8,0
2022-23,play-in,-,2,100,39.5,83.0,47.6,56.3,56.0,25.0,46.5,53.8,44.0,14.5,36.5,39.7,0
2023-24,regular-season,-,82,100,46.8,92.4,50.7,57.8,61.9,33.7,57.3,58.8,38.1,13.2,35.2,37.4,0
2023-24,regular-season,-,82,100,42.9,91.9,46.6,54.0,59.3,29.2,54.5,53.6,40.7,13.7,37.5,36.4,0
2023-24,regular-season,-,82,100,42.8,91.0,47.0,53.8,61.1,30.5,55.6,54.8,38.9,12.3,35.5,34.7,0
2023-24,regular-season,-,81,100,41.9,90.7,46.2,53.1,59.9,29.3,54.3,53.9,40.1,12.6,36.4,34.6,0
2023-24,regular-season,-,82,100,41.6,90.6,46.0,53.0,60.2,28.9,54.6,53.0,39.8,12.7,36.0,35.2,0
2023-24,regular-season,-,82,100,43.1,90.5,47.6,55.6,56.8,28.8,51.4,56.0,43.2,14.3,39.1,36.6,0
2023-24,regular-season,-,81,100,43.1,90.3,47.7,55.8,57.5,28.5,51.9,54.9,42.5,14.6,38.3,38.0,0
2023-24,regular-season,-,81,100,43.9,90.2,48.7,57.8,52.8,27.4,47.6,57.5,47.2,16.5,42.5,38.8,0
2023-24,regular-season,-,81,100,41.9,89.8,46.7,53.9,59.2,28.9,53.2,54.4,40.8,13.0,36.6,35.5,0
2023-24,regular-season,-,81,100,42.2,89.6,47.1,53.5,63.2,30.8,56.6,54.3,36.8,11.4,33.0,34.7,0
2023-24,regular-season,-,81,100,39.2,89.5,43.8,50.2,63.0,27.8,56.4,49.3,37.0,11.4,33.1,34.4,0
2023-24,regular-season,-,81,100,42.9,89.3,48.0,56.1,55.9,28.3,49.9,56.7,44.1,14.5,39.4,36.9,0
2023-24,regular-season,-,82,100,44.5,89.3,49.9,57.3,61.7,31.3,55.1,56.7,38.3,13.3,34.2,38.9,0
2023-24,regular-season,-,81,100,41.5,89.3,46.5,53.3,62.8,29.4,56.1,52.5,37.2,12.1,33.2,36.4,0
2023-24,regular-season,-,79,100,40.7,89.0,45.8,53.2,58.8,27.4,52.4,52.4,41.2,13.3,36.7,36.3,0
2023-24,regular-season,-,81,100,41.8,89.0,47.0,53.4,64.2,30.4,57.1,53.2,35.8,11.4,31.8,35.7,0
2023-24,regular-season,-,80,100,43.8,88.7,49.4,55.9,64.8,32.2,57.5,56.0,35.2,11.6,31.2,37.1,0
2023-24,regular-season,-,82,100,43.1,88.5,48.7,56.7,57.0,28.9,50.4,57.4,43.0,14.2,38.1,37.3,0
2023-24,regular-season,-,82,100,38.3,88.0,43.5,51.0,57.1,25.2,50.3,50.2,42.9,13.1,37.7,34.6,0
2023-24,regular-season,-,82,100,41.0,88.0,46.6,54.0,59.6,27.8,52.4,53.0,40.4,13.2,35.5,37.0,0
2023-24,regular-season,-,81,100,40.8,87.9,46.4,52.6,64.1,29.8,56.4,52.8,35.9,11.0,31.6,34.9,0
2023-24,regular-season,-,81,100,42.6,87.3,48.8,56.0,62.6,30.1,54.7,55.0,37.4,12.5,32.6,38.5,0
2023-24,regular-season,-,82,100,41.7,87.1,47.9,55.7,57.8,28.2,50.3,56.1,42.2,13.5,36.7,36.7,0
2023-24,regular-season,-,81,100,40.0,87.1,45.9,52.8,60.9,27.9,53.0,52.6,39.1,12.1,34.0,35.5,0
2023-24,regular-season,-,81,100,43.1,86.4,49.9,56.6,64.1,31.4,55.4,56.7,35.9,11.7,31.0,37.6,0
2023-24,regular-season,-,81,100,42.0,86.1,48.8,56.0,61.9,29.5,53.3,55.4,38.1,12.5,32.8,38.1,0
2023-24,regular-season,-,81,100,42.3,86.0,49.2,56.5,62.1,29.9,53.4,55.9,37.9,12.5,32.6,38.3,0
2023-24,regular-season,-,82,100,39.9,85.6,46.6,53.9,60.7,27.4,52.0,52.7,39.3,12.5,33.6,37.2,0
2023-24,regular-season,-,82,100,41.2,85.0,48.5,56.0,61.6,28.6,52.3,54.7,38.4,12.6,32.7,38.7,0
2023-24,regular-season,-,82,100,40.5,84.9,47.7,54.2,63.1,29.4,53.6,55.0,36.9,11.0,31.3,35.2,0
2023-24,playoffs,-,17,100,44.7,88.2,50.7,57.6,62.9,32.5,55.5,58.6,37.1,12.2,32.8,37.2,0
2023-24,playoffs,-,13,100,39.8,87.8,45.3,52.1,63.8,27.9,56.1,49.7,36.2,11.9,31.8,37.5,0
2023-24,playoffs,-,6,100,40.8,86.3,47.3,53.8,63.5,29.7,54.8,54.1,36.5,11.2,31.5,35.4,0
2023-24,playoffs,-,10,100,39.4,85.8,45.9,53.0,60.4,27.3,51.8,52.7,39.6,12.1,34.0,35.6,0
2023-24,playoffs,-,12,100,38.9,85.2,45.7,51.9,62.9,28.4,53.6,53.0,37.1,10.5,31.6,33.2,0
2023-24,playoffs,-,5,100,41.6,84.6,49.2,54.4,65.2,32.8,55.2,59.4,34.8,8.8,29.4,29.9,0
2023-24,playoffs,-,4,100,33.5,84.5,39.6,44.8,61.2,24.8,51.8,47.8,38.8,8.8,32.8,26.7,0
2023-24,playoffs,-,7,100,35.3,84.0,42.0,48.1,60.4,25.0,50.7,49.3,39.6,10.3,33.3,30.9,0
2023-24,playoffs,-,19,100,39.3,83.8,46.9,55.5,52.0,24.8,43.6,56.9,48.0,14.5,40.2,36.0,0
2023-24,playoffs,-,12,100,37.4,83.4,44.9,51.0,60.6,27.1,50.6,53.5,39.4,10.3,32.8,31.5,0
2023-24,playoffs,-,6,100,37.0,83.3,44.4,52.5,57.2,23.5,47.7,49.3,42.8,13.5,35.7,37.9,0
2023-24,playoffs,-,22,100,38.9,83.0,46.8,54.0,60.2,26.9,50.0,54.0,39.8,11.9,33.1,36.0,0
2023-24,playoffs,-,16,100,38.8,82.9,46.8,53.8,60.7,27.1,50.3,53.8,39.3,11.7,32.6,35.9,0
2023-24,playoffs,-,6,100,35.7,82.2,43.4,50.6,61.5,23.8,50.5,47.2,38.5,11.8,31.7,37.4,0
2023-24,playoffs,-,5,100,35.6,81.2,43.8,50.7,58.1,24.4,47.2,51.7,41.9,11.2,34.0,32.9,0
2023-24,playoffs,-,4,100,35.3,75.8,46.5,52.8,65.7,25.8,49.8,51.8,34.3,9.5,26.0,36.5,0
2023-24,play-in,-,2,100,44.5,93.5,47.6,54.0,63.1,32.5,59.0,55.1,36.9,12.0,34.5,34.8,0
2023-24,play-in,-,2,100,39.5,93.0,42.5,50.3,57.0,25.0,53.0,47.2,43.0,14.5,40.0,36.3,0
2023-24,play-in,-,1,100,41.0,91.0,45.1,51.1,59.3,30.0,54.0,55.6,40.7,11.0,37.0,29.7,0
2023-24,play-in,-,2,100,43.5,89.0,48.9,53.4,72.5,35.5,64.5,55.0,27.5,8.0,24.5,32.7,0
2023-24,play-in,-,2,100,38.0,86.0,44.2,52.3,58.1,24.0,50.0,48.0,41.9,14.0,36.0,38.9,0
2023-24,play-in,-,1,100,36.0,86.0,41.9,48.8,59.3,24.0,51.0,47.1,40.7,12.0,35.0,34.3,0
2023-24,play-in,-,1,100,35.0,84.0,41.7,50.0,58.3,21.0,49.0,42.9,41.7,14.0,35.0,40.0,0
2023-24,play-in,-,1,100,33.0,80.0,41.3,47.5,60.0,23.0,48.0,47.9,40.0,10.0,32.0,31.3,0
2023-24,ist,-,4,100,42.3,95.8,44.1,51.7,55.9,27.8,53.5,51.9,44.1,14.5,42.3,34.3,0
2023-24,ist,-,6,100,48.3,94.8,51.0,59.0,60.8,33.2,57.7,57.5,39.2,15.2,37.2,40.8,0
2023-24,ist,-,4,100,41.8,94.3,44.3,50.7,61.0,29.8,57.5,51.7,39.0,12.0,36.8,32.7,0
2023-24,ist,-,4,100,44.3,93.0,47.6,54.6,62.1,31.3,57.8,54.1,37.9,13.0,35.3,36.9,0
2023-24,ist,-,4,100,40.0,92.8,43.1,48.5,68.5,30.0,63.5,47.2,31.5,10.0,29.3,34.2,0
2023-24,ist,-,5,100,42.4,90.4,46.9,55.4,53.8,27.0,48.6,55.6,46.2,15.4,41.8,36.8,0
2023-24,ist,-,4,100,42.8,90.3,47.4,55.8,56.2,27.5,50.8,54.2,43.8,15.3,39.5,38.6,0
2023-24,ist,-,5,100,41.4,89.8,46.1,54.5,51.7,26.4,46.4,56.9,48.3,15.0,43.4,34.6,0
2023-24,ist,-,6,100,46.0,89.5,51.4,60.6,58.8,29.5,52.7,56.0,41.2,16.5,36.8,44.8,0
2023-24,ist,-,4,100,37.3,89.5,41.6,47.8,62.3,26.3,55.8,47.1,37.7,11.0,33.8,32.6,0
2023-24,ist,-,4,100,42.3,89.3,47.3,52.1,69.2,33.8,61.8,54.7,30.8,8.5,27.5,30.9,0
2023-24,ist,-,4,100,41.8,89.0,46.9,52.2,65.4,32.3,58.3,55.4,34.6,9.5,30.8,30.9,0
2023-24,ist,-,4,100,42.0,88.8,47.3,56.5,55.2,25.8,49.0,52.6,44.8,16.3,39.8,40.9,0
2023-24,ist,-,5,100,41.2,88.6,46.5,53.0,62.3,29.6,55.2,53.6,37.7,11.6,33.4,34.7,0
2023-24,ist,-,4,100,41.5,88.5,46.9,55.1,54.8,27.0,48.5,55.7,45.2,14.5,40.0,36.3,0
2023-24,ist,-,4,100,45.5,88.3,51.6,57.1,68.8,35.8,60.8,58.8,31.2,9.8,27.5,35.5,0
2023-24,ist,-,4,100,40.3,88.3,45.6,51.1,67.4,30.5,59.5,51.3,32.6,9.8,28.8,33.9,0
2023-24,ist,-,4,100,43.5,87.8,49.6,57.0,61.5,30.5,54.0,56.5,38.5,13.0,33.8,38.5,0
2023-24,ist,-,4,100,43.0,87.3,49.3,56.2,63.3,31.0,55.3,56.1,36.7,12.0,32.0,37.5,0
2023-24,ist,-,5,100,43.2,86.8,49.8,57.4,65.4,30.0,56.8,52.8,34.6,13.2,30.0,44.0,0
2023-24,ist,-,4,100,41.8,86.5,48.3,55.5,59.8,29.3,51.8,56.5,40.2,12.5,34.8,36.0,0
2023-24,ist,-,4,100,40.8,86.5,47.1,54.6,60.7,27.8,52.5,52.9,39.3,13.0,34.0,38.2,0
2023-24,ist,-,5,100,43.8,86.4,50.7,57.4,67.4,32.2,58.2,55.3,32.6,11.6,28.2,41.1,0
2023-24,ist,-,4,100,42.5,86.0,49.4,56.0,63.7,31.3,54.8,57.1,36.3,11.3,31.3,36.0,0
2023-24,ist,-,4,100,41.3,85.8,48.1,57.9,53.4,24.5,45.8,53.6,46.6,16.8,40.0,41.9,0
2023-24,ist,-,4,100,39.0,85.8,45.5,51.3,63.8,29.0,54.8,53.0,36.2,10.0,31.0,32.3,0
2023-24,ist,-,4,100,39.0,85.8,45.5,51.9,63.8,28.0,54.8,51.1,36.2,11.0,31.0,35.5,0
2023-24,ist,-,4,100,39.5,84.8,46.6,52.7,67.3,29.3,57.0,51.3,32.7,10.3,27.8,36.9,0
2023-24,ist,-,4,100,37.0,82.0,45.1,52.7,61.3,24.5,50.3,48.8,38.7,12.5,31.8,39.4,0
2023-24,ist,-,5,100,41.2,81.4,50.6,58.4,64.9,28.6,52.8,54.2,35.1,12.6,28.6,44.1,0
2024-25,regular-season,-,82,100,42.5,93.4,45.5,52.3,61.6,29.8,57.6,51.8,38.4,12.7,35.8,35.3,0
2024-25,regular-season,-,82,100,44.8,93.3,48.0,55.5,59.3,30.7,55.4,55.5,40.7,14.0,38.0,37.0,0
2024-25,regular-season,-,82,100,44.6,92.7,48.2,56.0,58.1,30.1,53.9,55.9,41.9,14.5,38.8,37.4,0
2024-25,regular-season,-,82,100,43.1,91.9,46.9,55.3,54.3,27.7,49.9,55.5,45.7,15.4,42.0,36.7,0
2024-25,regular-season,-,82,100,43.3,91.7,47.2,54.6,59.0,29.8,54.1,55.2,41.0,13.5,37.6,35.8,0
2024-25,regular-season,-,82,100,41.6,90.9,45.7,52.2,62.7,29.8,57.0,52.3,37.3,11.8,34.0,34.8,0
2024-25,regular-season,-,82,100,44.5,90.8,49.1,57.8,54.3,28.6,49.3,58.1,45.7,15.9,41.5,38.3,0
2024-25,regular-season,-,82,100,40.7,90.3,45.1,53.6,53.1,25.3,47.9,52.8,46.9,15.4,42.3,36.4,0
2024-25,regular-season,-,82,100,40.5,90.2,45.0,52.1,58.2,27.7,52.5,52.7,41.8,12.9,37.7,34.2,0
2024-25,regular-season,-,82,100,43.0,90.1,47.8,54.8,60.9,30.4,54.8,55.5,39.1,12.6,35.2,35.7,0
2024-25,regular-season,-,82,100,39.4,89.9,43.9,51.2,56.4,26.3,50.7,51.9,43.6,13.1,39.1,33.5,0
2024-25,regular-season,-,82,100,40.6,89.8,45.2,51.9,61.5,28.6,55.2,51.8,38.5,12.0,34.6,34.7,0
2024-25,regular-season,-,82,100,41.8,89.8,46.5,54.4,55.9,27.7,50.2,55.1,44.1,14.1,39.6,35.7,0
2024-25,regular-season,-,82,100,42.7,89.7,47.6,54.7,60.6,29.9,54.4,55.0,39.4,12.8,35.3,36.2,0
2024-25,regular-season,-,82,100,43.6,89.3,48.8,56.2,60.0,30.4,53.6,56.8,40.0,13.2,35.8,36.8,0
2024-25,regular-season,-,82,100,38.3,89.1,43.0,50.3,57.0,25.3,50.8,49.9,43.0,13.0,38.3,33.9,0
2024-25,regular-season,-,82,100,43.3,89.1,48.6,55.6,61.8,30.7,55.1,55.8,38.2,12.6,34.0,36.9,0
2024-25,regular-season,-,82,100,41.1,89.0,46.2,56.1,46.3,23.5,41.2,57.0,53.7,17.6,47.8,36.9,0
2024-25,regular-season,-,82,100,45.0,88.7,50.7,57.3,64.5,33.1,57.2,57.9,35.5,11.8,31.5,37.5,0
2024-25,regular-season,-,82,100,40.3,88.7,45.5,53.3,55.1,26.4,48.8,54.0,44.9,13.9,39.8,35.0,0
2024-25,regular-season,-,82,100,42.0,87.7,47.9,55.0,61.1,29.6,53.6,55.2,38.9,12.4,34.2,36.4,0
2024-25,regular-season,-,82,100,41.0,87.6,46.8,55.4,54.5,26.0,47.7,54.4,45.5,15.0,39.9,37.7,0
2024-25,regular-season,-,82,100,39.7,87.4,45.4,52.6,57.5,27.0,50.2,53.7,42.5,12.7,37.2,34.1,0
2024-25,regular-season,-,82,100,40.5,87.0,46.5,54.4,57.1,26.8,49.7,53.8,42.9,13.7,37.3,36.7,0
2024-25,regular-season,-,82,100,42.0,86.4,48.6,56.8,57.6,27.9,49.7,56.0,42.4,14.2,36.6,38.7,0
2024-25,regular-season,-,82,100,41.2,86.3,47.8,56.1,56.0,26.9,48.3,55.6,44.0,14.3,37.9,37.8,0
2024-25,regular-season,-,82,100,41.6,86.3,48.2,55.4,61.3,29.1,52.9,55.1,38.7,12.5,33.4,37.3,0
2024-25,regular-season,-,82,100,37.6,86.1,43.7,51.6,54.2,24.1,46.7,51.5,45.8,13.6,39.4,34.4,0
2024-25,regular-season,-,82,100,38.2,85.8,44.5,51.0,58.9,26.9,50.5,53.3,41.1,11.2,35.3,31.8,0
2024-25,regular-season,-,82,100,40.9,85.4,47.9,55.7,57.4,27.6,49.1,56.3,42.6,13.3,36.4,36.6,0
2024-25,playoffs,-,23,100,41.0,89.8,45.6,52.2,61.0,29.2,54.8,53.2,39.0,11.8,35.0,33.8,0
2024-25,playoffs,-,5,100,39.8,87.8,45.3,53.5,56.7,25.4,49.8,51.0,43.3,14.4,38.0,37.9,0
2024-25,playoffs,-,9,100,40.9,87.8,46.6,55.1,53.3,26.0,46.8,55.6,46.7,14.9,41.0,36.3,0
2024-25,playoffs,-,4,100,36.0,86.8,41.5,47.6,60.2,25.5,52.3,48.8,39.8,10.5,34.5,30.4,0
2024-25,playoffs,-,18,100,39.4,86.5,45.5,51.9,63.4,28.3,54.8,51.7,36.6,11.1,31.7,34.9,0
2024-25,playoffs,-,14,100,38.6,86.5,44.6,51.4,60.4,26.7,52.2,51.2,39.6,11.9,34.3,34.6,0
2024-25,playoffs,-,12,100,36.8,85.5,43.1,51.1,54.7,23.2,46.8,49.6,45.3,13.7,38.8,35.3,0
2024-25,playoffs,-,15,100,39.5,85.5,46.2,53.9,56.6,26.2,48.4,54.1,43.4,13.3,37.1,35.8,0
2024-25,playoffs,-,7,100,41.1,84.6,48.6,55.7,61.0,29.1,51.6,56.5,39.0,12.0,33.0,36.4,0
2024-25,playoffs,-,5,100,35.6,84.4,42.2,47.0,63.0,27.4,53.2,51.5,37.0,8.2,31.2,26.3,0
2024-25,playoffs,-,23,100,40.8,84.3,48.4,56.2,60.0,27.6,50.6,54.6,40.0,13.2,33.7,39.0,0
2024-25,playoffs,-,11,100,36.7,83.0,44.2,52.8,52.5,22.6,43.5,51.8,47.5,14.2,39.5,35.9,0
2024-25,playoffs,-,6,100,37.2,82.7,45.0,51.1,62.1,27.0,51.3,52.6,37.9,10.2,31.3,32.4,0
2024-25,playoffs,-,7,100,36.7,82.3,44.6,51.0,65.6,26.1,54.0,48.4,34.4,10.6,28.3,37.4,0
2024-25,playoffs,-,4,100,36.3,81.5,44.5,52.9,51.2,22.5,41.8,53.9,48.8,13.8,39.8,34.6,0
2024-25,playoffs,-,5,100,34.6,78.8,43.9,52.5,50.8,21.0,40.0,52.5,49.2,13.6,38.8,35.1,0
2024-25,play-in,-,2,100,44.5,93.0,47.8,54.6,69.4,32.0,64.5,49.6,30.6,12.5,28.5,43.9,0
2024-25,play-in,-,2,100,38.0,93.0,40.9,46.2,63.4,28.0,59.0,47.5,36.6,10.0,34.0,29.4,0
2024-25,play-in,-,1,100,44.0,91.0,48.4,54.4,57.1,33.0,52.0,63.5,42.9,11.0,39.0,28.2,0
2024-25,play-in,-,2,100,44.5,89.5,49.7,57.8,57.0,30.0,51.0,58.8,43.0,14.5,38.5,37.7,0
2024-25,play-in,-,1,100,41.0,89.0,46.1,53.4,62.9,28.0,56.0,50.0,37.1,13.0,33.0,39.4,0
2024-25,play-in,-,2,100,41.0,85.0,48.2,55.9,61.2,28.0,52.0,53.8,38.8,13.0,33.0,39.4,0
2024-25,play-in,-,1,100,39.0,85.0,45.9,54.7,49.4,24.0,42.0,57.1,50.6,15.0,43.0,34.9,0
2024-25,play-in,-,1,100,33.0,83.0,39.8,45.8,55.4,23.0,46.0,50.0,44.6,10.0,37.0,27.0,0
2024-25,ist,-,4,100,43.8,99.8,43.9,49.0,59.6,33.5,59.5,56.3,40.4,10.3,40.3,25.5,0
2024-25,ist,-,6,100,44.0,94.5,46.6,52.2,66.7,33.3,63.0,52.9,33.3,10.7,31.5,33.9,0
2024-25,ist,-,6,100,41.7,94.5,44.1,51.8,54.1,27.2,51.2,53.1,45.9,14.5,43.3,33.5,0
2024-25,ist,-,6,100,41.2,93.2,44.2,51.3,58.5,27.8,54.5,51.1,41.5,13.3,38.7,34.5,0
2024-25,ist,-,4,100,38.3,92.5,41.4,46.2,63.8,29.3,59.0,49.6,36.2,9.0,33.5,26.9,0
2024-25,ist,-,4,100,44.5,92.0,48.4,56.3,57.6,30.0,53.0,56.6,42.4,14.5,39.0,37.2,0
2024-25,ist,-,5,100,41.6,91.6,45.4,52.9,56.3,27.8,51.6,53.9,43.7,13.8,40.0,34.5,0
2024-25,ist,-,4,100,40.5,91.0,44.5,53.0,49.7,25.0,45.3,55.2,50.3,15.5,45.8,33.9,0
2024-25,ist,-,4,100,47.3,90.3,52.4,62.5,51.2,29.0,46.3,62.7,48.8,18.3,44.0,41.5,0
2024-25,ist,-,4,100,42.5,89.8,47.4,56.1,52.6,26.8,47.3,56.6,47.4,15.8,42.5,37.1,0
2024-25,ist,-,4,100,42.5,89.3,47.6,54.6,59.4,30.0,53.0,56.6,40.6,12.5,36.3,34.5,0
2024-25,ist,-,4,100,42.0,89.0,47.2,53.9,64.6,30.0,57.5,52.2,35.4,12.0,31.5,38.1,0
2024-25,ist,-,4,100,39.0,88.3,44.2,51.1,57.5,26.8,50.8,52.7,42.5,12.3,37.5,32.7,0
2024-25,ist,-,4,100,40.5,87.0,46.6,53.4,58.6,28.5,51.0,55.9,41.4,12.0,36.0,33.3,0
2024-25,ist,-,4,100,36.8,87.0,42.2,48.4,61.2,26.0,53.3,48.8,38.8,10.8,33.8,31.9,0
2024-25,ist,-,5,100,40.0,86.8,46.1,52.6,58.1,28.6,50.4,56.7,41.9,11.4,36.4,31.3,0
2024-25,ist,-,4,100,39.5,86.8,45.5,53.7,53.6,25.3,46.5,54.3,46.4,14.3,40.3,35.4,0
2024-25,ist,-,4,100,41.5,86.5,48.0,55.1,61.8,29.3,53.5,54.7,38.2,12.3,33.0,37.1,0
2024-25,ist,-,4,100,40.0,86.3,46.4,53.6,59.1,27.5,51.0,53.9,40.9,12.5,35.3,35.5,0
2024-25,ist,-,4,100,41.8,86.0,48.5,59.3,45.9,23.3,39.5,58.9,54.1,18.5,46.5,39.8,0
2024-25,ist,-,4,100,38.0,86.0,44.2,50.1,65.7,27.8,56.5,49.1,34.3,10.3,29.5,34.7,0
2024-25,ist,-,5,100,43.2,85.8,50.3,57.7,62.7,30.6,53.8,56.9,37.3,12.6,32.0,39.4,0
2024-25,ist,-,5,100,41.0,85.4,48.0,54.9,58.8,29.2,50.2,58.2,41.2,11.8,35.2,33.5,0
2024-25,ist,-,4,100,38.5,84.5,45.6,53.7,55.6,24.8,47.0,52.7,44.4,13.8,37.5,36.7,0
2024-25,ist,-,4,100,42.8,84.0,50.9,58.8,57.1,29.5,48.0,61.5,42.9,13.3,36.0,36.8,0
2024-25,ist,-,6,100,41.3,84.0,49.2,59.2,50.4,24.5,42.3,57.9,49.6,16.8,41.7,40.4,0
2024-25,ist,-,4,100,35.5,83.0,42.8,52.0,53.0,20.3,44.0,46.0,47.0,15.3,39.0,39.1,0
2024-25,ist,-,4,100,39.5,82.5,47.9,57.6,53.6,23.5,44.3,53.1,46.4,16.0,38.3,41.8,0
2024-25,ist,-,4,100,34.8,82.3,42.2,50.8,52.6,20.8,43.3,48.0,47.4,14.0,39.0,35.9,0
2024-25,ist,-,4,100,39.0,80.5,48.4,55.7,58.4,27.3,47.0,58.0,41.6,11.8,33.5,35.1,0
2025-26,regular-season,-,32,100,44.3,93.7,47.2,54.2,62.2,31.2,58.3,53.5,37.8,13.1,35.4,37.0,0
2025-26,regular-season,-,35,100,43.0,92.7,46.4,54.5,53.5,27.9,49.6,56.3,46.5,15.1,43.1,35.0,0
2025-26,regular-season,-,32,100,41.1,91.4,45.0,52.3,58.9,27.6,53.8,51.3,41.1,13.5,37.6,35.9,0
2025-26,regular-season,-,35,100,42.1,91.2,46.1,52.0,65.5,31.4,59.7,52.5,34.5,10.7,31.5,34.1,0
2025-26,regular-season,-,33,100,43.5,91.2,47.8,56.3,56.0,28.1,51.0,55.0,44.0,15.5,40.1,38.6,0
2025-26,regular-season,-,33,100,43.1,91.0,47.4,55.1,57.4,29.1,52.2,55.6,42.6,14.1,38.7,36.3,0
2025-26,regular-season,-,33,100,41.5,90.8,45.7,53.0,58.3,28.2,53.0,53.3,41.7,13.3,37.9,35.0,0
2025-26,regular-season,-,35,100,43.7,90.7,48.2,56.1,57.4,29.3,52.1,56.4,42.6,14.4,38.7,37.2,0
2025-26,regular-season,-,33,100,42.9,90.6,47.4,56.0,52.7,27.4,47.8,57.3,47.3,15.6,42.8,36.4,0
2025-26,regular-season,-,33,100,42.0,90.5,46.4,54.2,57.0,27.8,51.6,53.8,43.0,14.2,38.9,36.5,0
2025-26,regular-season,-,32,100,41.7,90.4,46.1,53.4,60.0,28.6,54.2,52.7,40.0,13.1,36.2,36.3,0
2025-26,regular-season,-,34,100,40.4,90.3,44.7,52.3,54.8,26.5,49.4,53.7,45.2,13.8,40.9,33.8,0
2025-26,regular-season,-,33,100,41.6,90.3,46.1,53.8,56.6,27.7,51.1,54.2,43.4,13.9,39.2,35.5,0
2025-26,regular-season,-,31,100,44.5,90.1,49.4,56.1,66.7,32.5,60.1,54.1,33.3,12.0,30.0,40.0,0
2025-26,regular-season,-,33,100,43.1,89.9,47.9,54.0,65.0,32.1,58.5,54.9,35.0,10.9,31.4,34.8,0
2025-26,regular-season,-,34,100,39.1,89.7,43.5,50.3,59.0,26.9,53.0,50.8,41.0,12.2,36.7,33.1,0
2025-26,regular-season,-,35,100,42.4,89.7,47.2,53.8,62.3,30.5,55.9,54.7,37.7,11.8,33.8,35.0,0
2025-26,regular-season,-,33,100,40.9,89.6,45.6,54.0,54.2,25.9,48.5,53.4,45.8,15.0,41.1,36.5,0
2025-26,regular-season,-,34,100,44.2,89.6,49.4,57.0,58.6,30.6,52.5,58.4,41.4,13.6,37.1,36.7,0
2025-26,regular-season,-,34,100,41.3,89.5,46.1,52.1,65.7,30.6,58.8,52.1,34.3,10.7,30.7,34.8,0
2025-26,regular-season,-,35,100,41.9,89.3,46.9,52.8,64.1,31.1,57.3,54.4,35.9,10.7,32.1,33.4,0
2025-26,regular-season,-,34,100,41.5,89.0,46.6,52.8,63.3,30.5,56.3,54.1,36.7,11.0,32.7,33.6,0
2025-26,regular-season,-,33,100,42.9,88.8,48.3,55.8,58.3,29.6,51.7,57.2,41.7,13.3,37.0,35.8,0
2025-26,regular-season,-,34,100,42.2,88.5,47.6,55.5,57.1,28.2,50.5,55.8,42.9,14.0,38.0,36.8,0
2025-26,regular-season,-,34,100,40.3,88.2,45.6,54.7,50.3,24.4,44.4,54.9,49.7,15.9,43.9,36.3,0
2025-26,regular-season,-,33,100,45.1,88.2,51.1,59.0,60.8,31.1,53.6,58.1,39.2,13.9,34.5,40.3,0
2025-26,regular-season,-,33,100,41.5,85.2,48.7,57.5,56.3,26.7,48.0,55.5,43.7,14.9,37.2,40.0,0
2025-26,regular-season,-,31,100,38.0,84.5,45.0,53.4,51.6,23.8,43.6,54.6,48.4,14.2,40.9,34.7,0
2025-26,regular-season,-,33,100,39.2,83.1,47.2,55.2,56.1,26.0,46.6,55.8,43.9,13.2,36.4,36.4,0
2025-26,regular-season,-,31,100,41.3,83.0,49.8,56.8,59.2,29.7,49.1,60.4,40.8,11.7,33.8,34.4,0
