SEASON,SEASON_TYPE,TEAM_ABB,GP,WIN,LOSE,MIN,PTS_OFF_TOV,PTS_2ND_CHANCE,PTS_FB,PTS_PAINT,OPP_PTS_OFF_TOV,OPP_PTS_2ND_CHANCE,OPP_PTS_FB,OPP_PTS_PAINT
2015-16,pre-season,CHA,8,7,1,48.0,15.9,8.8,9.9,30.3,15.8,8.3,15.5,37.0
2015-16,pre-season,BOS,7,6,1,48.0,18.7,17.3,15.4,48.9,14.9,10.7,10.6,36.3
2015-16,pre-season,MEM,7,6,1,48.0,16.1,11.6,7.7,32.6,21.0,7.1,16.3,30.6
2015-16,pre-season,ORL,8,6,2,49.3,20.3,15.1,14.0,40.8,16.4,10.8,9.8,30.5
2015-16,pre-season,IND,7,5,2,48.0,19.3,12.6,14.1,37.4,13.0,13.0,11.7,36.9
2015-16,pre-season,OKC,6,5,1,48.0,18.3,17.2,16.0,46.3,20.3,12.5,12.0,40.3
2015-16,pre-season,SAC,6,5,1,48.8,20.5,12.2,14.7,42.0,19.0,8.5,14.7,34.7
2015-16,pre-season,TOR,7,5,2,48.0,20.1,12.9,10.7,40.0,14.9,9.7,10.6,35.4
2015-16,pre-season,ATL,7,4,3,48.0,16.6,6.4,17.9,34.6,19.4,9.7,14.3,32.9
2015-16,pre-season,CHI,8,4,4,48.0,12.4,16.0,12.5,35.5,19.3,9.9,15.6,36.5
2015-16,pre-season,DEN,7,4,3,48.0,20.7,15.3,15.3,42.6,18.4,12.9,15.7,38.3
2015-16,pre-season,MIA,8,4,4,48.6,17.6,10.1,12.3,38.0,16.9,13.6,13.3,34.3
2015-16,pre-season,NYK,6,4,2,48.0,18.8,10.0,15.3,34.3,12.8,15.3,12.0,41.0
2015-16,pre-season,PHX,6,4,2,48.8,22.8,11.8,16.2,41.7,19.5,17.8,13.2,44.7
2015-16,pre-season,WAS,7,4,3,48.0,20.6,13.4,21.7,47.4,18.0,9.4,14.1,38.9
2015-16,pre-season,DET,8,3,5,48.0,20.8,11.6,15.6,40.5,16.8,12.4,8.9,32.5
2015-16,pre-season,GSW,7,3,4,46.0,18.0,11.4,17.9,39.4,20.6,18.0,12.3,38.0
2015-16,pre-season,HOU,8,3,5,48.6,18.8,16.8,19.0,46.3,18.9,12.9,17.5,45.0
2015-16,pre-season,LAC,6,3,3,48.0,17.7,8.7,14.8,32.3,18.3,10.3,15.0,39.3
2015-16,pre-season,LAL,8,3,5,46.8,21.1,13.8,12.3,39.8,17.9,11.5,12.4,42.0
2015-16,pre-season,NOP,7,3,4,48.7,16.6,11.4,14.6,33.7,14.4,14.6,13.1,42.3
2015-16,pre-season,POR,7,3,4,49.4,17.9,13.0,14.4,37.7,19.7,9.9,17.6,37.1
2015-16,pre-season,UTA,7,3,4,49.4,18.7,9.6,14.3,43.1,19.4,16.4,12.0,38.9
2015-16,pre-season,BKN,6,2,4,48.0,19.7,12.7,9.5,35.3,19.3,13.5,11.3,40.3
2015-16,pre-season,MIL,6,2,4,48.0,15.0,13.5,13.3,42.7,20.2,13.8,14.5,31.0
2015-16,pre-season,MIN,7,2,5,48.0,18.6,9.7,12.0,32.6,15.3,13.4,15.7,42.0
2015-16,pre-season,PHI,7,2,5,48.0,23.4,9.6,15.1,39.1,20.7,9.9,16.1,43.1
2015-16,pre-season,SAS,6,2,4,48.0,16.0,10.8,13.7,34.7,19.5,7.5,21.5,36.3
2015-16,pre-season,CLE,7,1,6,48.0,15.1,9.9,9.6,31.7,24.4,11.4,12.1,39.7
2015-16,pre-season,-,2,1,1,48.0,12.0,16.5,4.0,32.0,28.0,15.0,18.0,40.0
2015-16,pre-season,-,2,0,2,48.0,14.0,11.0,6.5,31.0,28.0,12.0,22.0,43.0
2015-16,pre-season,DAL,7,0,7,48.0,19.4,9.6,16.3,36.0,16.3,15.4,15.7,40.0
2015-16,pre-season,-,1,0,1,48.0,12.0,14.0,2.0,24.0,25.0,13.0,13.0,50.0
2015-16,pre-season,-,2,0,2,48.0,25.5,11.0,13.5,30.0,23.5,18.5,10.0,48.0
2015-16,pre-season,-,1,0,1,48.0,8.0,7.0,9.0,26.0,26.0,17.0,17.0,56.0
2015-16,pre-season,-,1,0,1,48.0,11.0,13.0,13.0,40.0,29.0,22.0,22.0,70.0
2015-16,regular-season,GSW,82,73,9,48.5,17.1,12.2,20.9,44.6,16.6,13.8,14.5,45.1
2015-16,regular-season,SAS,82,67,15,48.1,16.1,11.8,10.4,43.6,13.5,10.6,12.1,40.1
2015-16,regular-season,CLE,82,57,25,48.4,16.3,13.2,11.8,41.0,15.5,11.2,11.2,40.8
2015-16,regular-season,TOR,82,56,26,48.2,16.7,12.3,11.0,42.1,14.2,11.6,11.0,40.1
2015-16,regular-season,OKC,82,55,27,48.4,15.1,15.8,17.3,47.7,17.6,13.9,13.2,45.2
2015-16,regular-season,LAC,82,53,29,48.4,16.9,10.6,12.9,37.7,14.5,13.8,12.4,41.3
2015-16,regular-season,ATL,82,48,34,48.4,18.5,10.7,14.8,43.4,16.0,13.1,11.9,40.9
2015-16,regular-season,BOS,82,48,34,48.2,18.8,14.3,16.3,45.9,14.8,14.2,10.8,43.0
2015-16,regular-season,CHA,82,48,34,48.4,15.9,11.4,11.1,37.6,14.1,11.4,12.4,40.0
2015-16,regular-season,MIA,82,48,34,48.4,14.8,12.7,11.1,46.4,15.6,13.0,10.7,42.0
2015-16,regular-season,IND,82,45,37,48.5,18.9,12.9,13.4,40.9,16.3,13.0,12.2,41.6
2015-16,regular-season,DET,82,44,38,48.5,15.4,14.9,11.1,43.5,14.6,10.7,10.4,44.4
2015-16,regular-season,POR,82,44,38,48.3,14.8,14.1,10.7,39.1,16.3,12.4,11.1,40.9
2015-16,regular-season,CHI,82,42,40,48.5,13.3,13.6,10.2,41.0,16.0,14.3,13.8,44.4
2015-16,regular-season,DAL,82,42,40,48.8,16.0,10.6,11.2,38.0,14.8,13.4,16.0,40.9
2015-16,regular-season,MEM,82,42,40,48.4,17.9,12.9,12.6,44.0,15.1,11.8,14.6,38.5
2015-16,regular-season,HOU,82,41,41,48.4,18.9,13.9,18.1,45.7,19.5,14.7,14.4,44.6
2015-16,regular-season,WAS,82,41,41,48.2,17.5,10.6,18.6,42.4,15.7,11.7,12.7,41.2
2015-16,regular-season,UTA,82,40,42,48.7,15.6,13.5,9.3,41.8,16.0,11.5,11.7,39.6
2015-16,regular-season,ORL,82,35,47,48.5,17.8,12.6,12.3,43.6,16.0,11.4,13.2,43.5
2015-16,regular-season,DEN,82,33,49,48.4,15.7,13.3,14.2,45.9,16.8,12.1,13.0,43.1
2015-16,regular-season,MIL,82,33,49,48.4,18.5,12.1,13.8,50.6,17.7,14.1,13.0,44.0
2015-16,regular-season,SAC,82,33,49,48.3,17.5,13.0,17.3,49.5,18.6,13.6,15.0,43.6
2015-16,regular-season,NYK,82,32,50,48.3,11.8,13.1,8.4,35.8,15.4,12.7,12.8,43.1
2015-16,regular-season,NOP,82,30,52,48.2,15.0,11.5,12.4,41.4,14.9,11.3,11.7,43.2
2015-16,regular-season,MIN,82,29,53,48.5,16.4,13.0,13.6,44.1,17.8,13.2,13.4,46.1
2015-16,regular-season,PHX,82,23,59,48.1,16.5,14.0,14.4,41.4,20.2,12.6,17.3,43.8
2015-16,regular-season,BKN,82,21,61,48.2,15.0,12.6,11.5,46.2,18.3,12.1,14.5,47.9
2015-16,regular-season,LAL,82,17,65,48.1,13.6,13.0,12.2,38.1,16.5,14.3,17.0,47.8
2015-16,regular-season,PHI,82,10,72,48.3,16.5,11.7,12.2,43.2,20.0,14.7,16.7,45.6
2015-16,playoffs,CLE,21,16,5,48.0,17.5,14.3,13.6,38.7,13.5,10.6,8.4,36.9
2015-16,playoffs,GSW,24,15,9,48.2,17.9,12.0,14.7,40.2,16.0,15.5,15.2,42.3
2015-16,playoffs,OKC,18,11,7,48.0,15.1,15.3,16.7,42.3,14.8,11.2,13.7,40.8
2015-16,playoffs,TOR,20,10,10,48.8,15.7,13.1,9.2,37.7,15.0,12.0,11.4,39.1
2015-16,playoffs,MIA,14,7,7,49.1,11.0,12.6,8.5,43.1,14.6,11.1,7.6,40.9
2015-16,playoffs,SAS,10,6,4,48.0,16.6,10.8,14.4,40.2,12.4,12.7,13.1,39.0
2015-16,playoffs,POR,11,5,6,48.5,12.3,14.5,14.3,36.2,14.1,13.7,11.8,43.1
2015-16,playoffs,ATL,10,4,6,48.5,14.0,11.6,12.1,43.2,16.5,13.6,11.6,36.0
2015-16,playoffs,CHA,7,3,4,48.0,12.9,9.0,5.9,41.1,9.7,13.6,9.4,43.4
2015-16,playoffs,IND,7,3,4,48.0,16.3,11.6,13.6,34.0,16.9,16.0,9.6,37.1
2015-16,playoffs,BOS,6,2,4,48.8,14.7,13.2,11.2,41.3,14.3,11.5,15.2,44.7
2015-16,playoffs,LAC,6,2,4,48.0,13.0,14.3,9.2,42.3,10.3,13.7,13.7,36.7
2015-16,playoffs,DAL,5,1,4,48.0,11.2,10.2,9.0,39.6,16.6,16.6,17.4,42.0
2015-16,playoffs,HOU,5,1,4,48.0,15.0,13.8,11.6,42.4,23.6,11.4,19.0,43.2
2015-16,playoffs,DET,4,0,4,48.0,8.8,9.0,7.5,39.0,16.8,13.0,10.5,33.5
2015-16,playoffs,MEM,4,0,4,48.0,11.8,11.8,8.3,35.5,19.3,9.5,14.5,37.5
2015-16,all-star,-,1,1,0,48.0,25.0,31.0,44.0,88.0,19.0,31.0,30.0,96.0
2015-16,all-star,-,1,0,1,48.0,19.0,31.0,30.0,96.0,25.0,31.0,44.0,88.0
2016-17,pre-season,GSW,7,6,1,48.7,20.1,12.6,21.0,38.3,20.7,15.9,16.1,39.4
2016-17,pre-season,ATL,7,5,2,48.0,16.1,10.3,10.6,42.3,18.9,9.7,14.1,34.9
2016-17,pre-season,BOS,7,5,2,48.0,23.1,13.0,13.6,38.0,19.6,13.7,13.7,42.0
2016-17,pre-season,HOU,7,5,2,49.4,22.0,13.7,18.3,47.7,18.4,11.7,13.9,43.4
2016-17,pre-season,MIN,7,5,2,48.0,21.1,15.9,15.3,40.3,20.4,11.4,12.4,40.0
2016-17,pre-season,DEN,8,4,4,48.6,18.5,16.9,13.5,46.8,17.1,11.4,12.5,39.8
2016-17,pre-season,MEM,6,4,2,49.7,27.0,14.8,18.2,39.3,16.3,12.8,14.2,41.7
2016-17,pre-season,MIA,8,4,4,48.0,18.4,10.9,11.8,46.5,16.9,14.9,11.3,39.5
2016-17,pre-season,NYK,6,4,2,48.0,23.3,16.0,14.5,43.3,22.5,12.3,13.8,41.7
2016-17,pre-season,PHX,6,4,2,48.0,24.3,17.3,20.3,46.3,19.0,14.2,14.8,38.7
2016-17,pre-season,POR,7,4,3,48.7,15.7,8.9,10.1,39.4,20.4,11.6,13.3,40.6
2016-17,pre-season,SAS,6,4,2,48.0,20.3,9.8,16.0,36.7,18.5,11.5,17.0,42.3
2016-17,pre-season,TOR,7,4,3,48.0,24.1,14.3,18.1,43.4,14.4,11.7,10.1,35.4
2016-17,pre-season,WAS,7,4,3,49.4,21.3,14.3,11.9,47.1,15.3,9.9,15.0,41.4
2016-17,pre-season,CHA,7,3,4,48.7,15.0,11.0,10.1,36.9,20.0,14.0,12.3,36.0
2016-17,pre-season,CHI,7,3,4,48.7,17.1,15.3,12.9,42.9,18.6,11.4,16.1,38.6
2016-17,pre-season,DET,6,3,3,48.0,19.2,9.8,14.5,41.0,18.2,9.7,7.7,36.0
2016-17,pre-season,IND,6,3,3,48.0,22.0,11.8,20.5,47.3,14.8,8.2,14.8,42.0
2016-17,pre-season,LAC,6,3,3,48.0,16.5,7.7,9.2,33.7,22.0,9.3,16.7,41.3
2016-17,pre-season,MIL,6,3,3,48.0,15.2,8.5,11.5,42.0,20.3,11.0,16.0,39.3
2016-17,pre-season,OKC,6,3,3,48.8,22.5,14.2,14.0,45.3,21.8,15.8,12.0,36.7
2016-17,pre-season,SAC,6,3,3,48.0,22.2,10.8,17.5,45.3,23.0,11.0,17.5,36.0
2016-17,pre-season,UTA,6,3,3,48.0,20.0,9.2,12.0,42.0,18.8,9.8,12.7,40.0
2016-17,pre-season,CLE,6,2,4,48.0,18.7,7.3,13.7,34.3,16.3,14.0,15.3,45.7
2016-17,pre-season,DAL,7,2,5,48.0,15.6,10.3,12.1,32.0,17.6,12.4,17.4,38.9
2016-17,pre-season,LAL,8,2,6,48.6,21.4,12.0,19.0,39.0,20.5,13.5,16.0,45.3
2016-17,pre-season,ORL,7,2,5,48.7,15.6,12.7,13.0,41.4,21.7,11.4,13.6,43.1
2016-17,pre-season,PHI,7,2,5,49.4,13.7,15.0,11.4,36.3,21.6,10.7,17.4,44.3
2016-17,pre-season,BKN,6,1,5,48.0,24.2,7.3,13.2,38.3,22.2,14.2,15.2,46.3
2016-17,pre-season,-,1,1,0,53.0,19.0,19.0,11.0,42.0,37.0,18.0,10.0,60.0
2016-17,pre-season,NOP,6,1,5,48.8,16.5,9.8,14.7,41.3,20.5,14.5,13.5,46.3
2016-17,pre-season,-,1,0,1,48.0,22.0,8.0,3.0,26.0,31.0,5.0,12.0,40.0
2016-17,pre-season,-,1,0,1,48.0,11.0,17.0,11.0,22.0,26.0,14.0,13.0,58.0
2016-17,pre-season,-,1,0,1,48.0,17.0,18.0,4.0,26.0,37.0,12.0,28.0,78.0
2016-17,pre-season,-,1,0,1,48.0,9.0,4.0,19.0,52.0,34.0,15.0,22.0,64.0
2016-17,regular-season,GSW,82,67,15,48.2,19.3,12.6,22.6,46.6,16.7,14.0,14.4,45.4
2016-17,regular-season,SAS,82,61,21,48.3,17.3,13.0,12.1,39.6,14.7,12.4,12.6,40.8
2016-17,regular-season,HOU,82,55,27,48.2,18.7,14.3,16.7,46.7,17.5,13.8,14.3,49.0
2016-17,regular-season,BOS,82,53,29,48.2,16.4,11.2,12.4,41.8,15.2,13.9,12.2,43.2
2016-17,regular-season,CLE,82,51,31,48.5,14.6,11.5,12.9,39.5,16.6,13.7,13.3,44.5
2016-17,regular-season,LAC,82,51,31,48.2,15.3,11.3,13.9,39.9,15.2,12.7,14.3,42.7
2016-17,regular-season,TOR,82,51,31,48.2,17.4,13.5,12.2,43.8,14.9,13.1,11.5,41.7
2016-17,regular-season,UTA,82,51,31,48.2,14.7,11.0,8.1,42.8,15.2,10.7,10.5,41.0
2016-17,regular-season,WAS,82,49,33,48.4,17.7,13.0,15.9,45.0,16.4,13.8,12.1,43.9
2016-17,regular-season,OKC,82,47,35,48.3,15.6,14.8,16.9,49.9,16.9,12.2,11.1,47.5
2016-17,regular-season,ATL,82,43,39,48.5,16.3,13.5,12.1,42.7,17.4,13.2,12.8,39.1
2016-17,regular-season,MEM,82,43,39,48.5,16.1,13.0,10.2,40.5,14.8,11.5,14.6,37.8
2016-17,regular-season,IND,82,42,40,48.4,16.6,11.4,10.6,41.9,16.2,12.9,10.6,39.7
2016-17,regular-season,MIL,82,42,40,48.2,17.3,11.1,13.8,48.6,16.2,12.7,11.7,43.7
2016-17,regular-season,CHI,82,41,41,48.2,15.6,15.1,13.8,43.3,15.5,11.9,13.7,45.2
2016-17,regular-season,MIA,82,41,41,48.2,15.9,13.6,11.1,45.1,13.9,12.8,10.3,44.5
2016-17,regular-season,POR,82,41,41,48.6,14.6,12.6,11.3,42.4,15.7,12.6,12.7,42.9
2016-17,regular-season,DEN,82,40,42,48.2,14.0,15.1,14.2,49.8,18.0,12.2,14.3,47.4
2016-17,regular-season,DET,82,37,45,48.3,14.9,13.7,12.0,43.1,12.7,10.1,10.7,41.2
2016-17,regular-season,CHA,82,36,46,48.4,14.9,11.8,9.4,39.9,13.1,11.4,12.9,40.5
2016-17,regular-season,NOP,82,34,48,48.5,14.6,10.8,15.0,44.1,15.6,12.4,13.6,44.1
2016-17,regular-season,DAL,82,33,49,48.2,15.7,9.8,7.8,32.8,14.0,11.6,13.6,39.5
2016-17,regular-season,SAC,82,32,50,48.5,16.3,11.0,10.7,43.0,17.4,12.5,14.7,40.7
2016-17,regular-season,MIN,82,31,51,48.3,16.7,14.8,12.8,45.7,17.2,13.4,13.9,46.2
2016-17,regular-season,NYK,82,31,51,48.4,14.4,14.9,10.9,40.4,16.5,14.7,14.0,46.1
2016-17,regular-season,ORL,82,29,53,48.3,15.0,12.5,14.0,42.2,15.9,13.3,13.0,46.6
2016-17,regular-season,PHI,82,28,54,48.4,17.3,13.3,12.9,44.3,18.5,13.4,15.3,45.1
2016-17,regular-season,LAL,82,26,56,48.1,17.4,13.5,15.2,47.7,18.0,13.3,16.2,47.4
2016-17,regular-season,PHX,82,24,58,48.4,17.7,14.9,19.4,47.5,18.1,13.5,16.0,44.0
2016-17,regular-season,BKN,82,20,62,48.2,15.0,11.5,14.0,45.9,19.1,14.3,14.0,45.0
2016-17,playoffs,GSW,17,16,1,48.0,18.0,12.2,21.0,44.4,17.4,12.5,13.5,45.1
2016-17,playoffs,CLE,18,13,5,48.0,14.9,11.6,12.8,41.8,14.5,12.4,13.4,43.0
2016-17,playoffs,BOS,18,9,9,48.3,15.9,12.5,12.6,42.3,15.3,14.3,12.7,46.1
2016-17,playoffs,SAS,16,8,8,48.6,18.3,13.9,13.4,46.1,15.9,11.3,16.3,41.1
2016-17,playoffs,WAS,13,7,6,48.4,17.8,14.1,17.5,44.6,16.2,13.5,12.3,43.1
2016-17,playoffs,HOU,11,6,5,48.5,13.1,16.1,11.3,44.4,18.5,14.2,14.9,48.4
2016-17,playoffs,TOR,10,4,6,48.0,14.5,9.7,10.3,40.2,16.3,8.2,12.4,37.0
2016-17,playoffs,UTA,11,4,7,48.0,13.7,10.2,7.8,42.7,13.4,11.4,12.6,41.3
2016-17,playoffs,LAC,7,3,4,48.0,11.0,11.6,9.3,42.0,15.1,11.0,7.6,42.6
2016-17,playoffs,ATL,6,2,4,48.0,14.8,13.5,11.0,46.0,18.3,10.3,20.7,39.3
2016-17,playoffs,CHI,6,2,4,48.0,13.7,13.5,9.0,43.7,16.7,11.2,11.2,46.3
2016-17,playoffs,MEM,6,2,4,48.8,14.3,8.2,12.7,39.7,14.7,13.3,9.2,36.7
2016-17,playoffs,MIL,6,2,4,48.0,18.8,7.2,11.2,38.7,16.3,9.7,11.3,37.0
2016-17,playoffs,OKC,5,1,4,48.0,20.0,13.4,15.0,45.2,12.0,18.4,6.6,51.6
2016-17,playoffs,IND,4,0,4,48.0,15.5,12.3,8.0,42.0,13.3,12.5,4.5,39.0
2016-17,playoffs,POR,4,0,4,48.0,14.0,14.8,10.5,37.0,16.3,10.8,20.0,44.5
2016-17,all-star,-,1,1,0,48.0,25.0,23.0,106.0,120.0,30.0,14.0,107.0,106.0
2016-17,all-star,-,1,0,1,48.0,30.0,14.0,107.0,106.0,25.0,23.0,106.0,120.0
2017-18,pre-season,POR,6,5,1,48.0,23.2,3.7,5.3,41.3,17.0,3.0,9.2,34.7
2017-18,pre-season,UTA,5,5,0,48.0,26.6,2.2,10.2,50.8,22.4,2.4,12.6,33.2
2017-18,pre-season,BOS,4,4,0,48.0,21.3,6.3,5.8,36.5,15.3,6.3,5.5,42.5
2017-18,pre-season,DAL,6,4,2,48.0,16.5,4.2,7.5,32.0,14.8,4.7,7.0,35.3
2017-18,pre-season,HOU,5,4,1,48.0,25.2,1.6,12.0,36.4,14.4,2.2,8.0,41.2
2017-18,pre-season,WAS,5,4,1,47.2,20.0,4.2,5.0,46.0,19.6,4.4,7.6,41.2
2017-18,pre-season,BKN,4,3,1,48.0,22.8,4.0,9.3,42.0,17.0,1.8,7.8,38.5
2017-18,pre-season,CHI,6,3,3,47.2,17.2,3.0,6.7,34.3,15.2,1.7,8.7,38.0
2017-18,pre-season,DEN,5,3,2,48.0,23.4,7.2,7.6,43.2,17.8,8.0,13.2,47.2
2017-18,pre-season,IND,4,3,1,48.0,19.8,0.0,4.3,43.0,19.8,0.0,3.3,41.5
2017-18,pre-season,MEM,5,3,2,48.0,19.8,3.6,13.2,49.6,15.4,2.2,12.8,39.6
2017-18,pre-season,MIA,6,3,3,48.0,15.0,2.7,9.8,39.7,22.0,4.3,7.7,44.0
2017-18,pre-season,OKC,4,3,1,48.0,13.8,6.0,6.5,34.5,23.5,5.3,8.8,28.5
2017-18,pre-season,ORL,6,3,3,48.0,18.5,1.5,13.7,43.7,16.5,1.3,7.7,38.3
2017-18,pre-season,SAS,5,3,2,47.0,15.0,2.6,6.2,45.5,21.0,1.2,7.0,44.9
2017-18,pre-season,TOR,5,3,2,48.0,22.0,5.4,7.0,44.0,19.6,1.8,2.2,41.2
2017-18,pre-season,ATL,5,2,3,48.0,14.6,2.4,4.6,33.2,17.0,1.8,6.6,36.8
2017-18,pre-season,CHA,5,2,3,48.0,18.0,5.8,2.2,40.0,16.6,5.2,5.4,38.0
2017-18,pre-season,DET,5,2,3,48.0,19.4,0.0,1.6,43.2,13.6,0.4,3.8,41.6
2017-18,pre-season,GSW,4,2,2,48.0,21.8,8.3,11.3,47.0,21.5,6.8,8.8,43.0
2017-18,pre-season,LAC,5,2,3,48.0,22.0,1.8,5.2,40.8,20.0,5.4,6.2,40.4
2017-18,pre-season,LAL,6,2,4,48.0,19.2,4.2,13.3,47.7,21.7,6.5,7.7,41.3
2017-18,pre-season,MIN,3,2,1,48.0,23.7,10.0,9.0,46.7,20.7,6.0,8.0,44.0
2017-18,pre-season,PHI,5,2,3,48.0,19.2,2.6,9.2,45.2,20.0,3.4,6.6,42.4
2017-18,pre-season,PHX,5,2,3,48.0,16.2,3.6,18.2,37.2,23.0,4.4,10.0,42.0
2017-18,pre-season,CLE,5,1,4,48.0,17.2,0.0,8.2,34.4,22.2,0.0,8.4,38.8
2017-18,pre-season,MIL,4,1,3,48.0,17.8,3.3,3.3,39.0,19.8,4.3,4.0,41.5
2017-18,pre-season,NOP,4,1,3,46.9,13.5,2.5,6.8,42.0,19.8,4.5,7.3,39.5
2017-18,pre-season,SAC,6,1,5,48.0,16.8,1.2,7.3,33.7,16.2,2.3,10.7,41.7
2017-18,pre-season,-,1,0,1,48.0,16.0,0.0,14.0,32.0,9.0,0.0,23.0,42.0
2017-18,pre-season,-,1,0,1,44.2,15.0,13.0,7.0,44.0,15.0,14.0,15.0,72.0
2017-18,pre-season,-,3,0,3,48.0,20.3,0.0,7.0,34.0,29.0,0.0,9.3,46.0
2017-18,pre-season,-,1,0,1,48.0,19.0,13.0,10.0,28.0,12.0,13.0,4.0,36.0
2017-18,pre-season,NYK,5,0,5,48.0,18.2,1.8,6.8,40.4,24.4,1.4,6.0,38.4
2017-18,pre-season,-,1,0,1,48.0,11.0,0.0,4.0,30.0,41.0,0.0,21.0,62.0
2017-18,pre-season,SAC,1,0,1,48.0,10.0,12.0,0.0,24.0,21.0,11.0,10.0,64.0
2017-18,regular-season,HOU,82,65,17,48.2,17.4,11.5,11.4,40.7,15.8,11.9,11.9,48.0
2017-18,regular-season,TOR,82,59,23,48.4,17.2,13.0,13.3,48.6,15.0,13.2,11.6,45.3
2017-18,regular-season,GSW,82,58,24,48.1,17.3,10.3,19.3,44.1,18.5,13.7,14.1,47.4
2017-18,regular-season,BOS,82,55,27,48.3,15.4,12.1,9.5,39.8,15.6,11.2,10.4,43.8
2017-18,regular-season,PHI,82,52,30,48.2,16.9,13.7,11.5,47.2,18.5,12.3,10.3,41.6
2017-18,regular-season,CLE,82,50,32,48.1,16.1,11.2,12.5,44.2,16.5,12.7,11.3,47.0
2017-18,regular-season,POR,82,49,33,48.2,14.0,13.5,8.1,43.0,14.9,11.7,11.3,42.1
2017-18,regular-season,IND,82,48,34,48.2,18.3,11.9,14.8,44.7,14.8,12.8,12.3,44.8
2017-18,regular-season,NOP,82,48,34,48.7,16.3,11.9,15.3,52.4,17.3,13.8,14.2,47.7
2017-18,regular-season,OKC,82,48,34,48.4,18.7,15.0,15.2,43.9,14.4,12.8,11.2,43.5
2017-18,regular-season,UTA,82,48,34,48.2,16.8,11.4,10.2,44.4,16.4,10.8,9.5,41.8
2017-18,regular-season,MIN,82,47,35,48.3,17.8,13.6,9.7,49.2,15.2,13.0,12.9,45.7
2017-18,regular-season,SAS,82,47,35,48.1,16.3,13.4,10.3,43.8,15.0,12.2,12.5,44.1
2017-18,regular-season,DEN,82,46,36,48.5,16.9,14.0,13.4,49.0,18.7,11.2,13.0,47.3
2017-18,regular-season,MIA,82,44,38,48.6,16.5,11.3,9.3,44.9,15.6,11.8,11.0,43.5
2017-18,regular-season,MIL,82,44,38,48.4,18.3,10.5,14.6,47.4,15.8,13.0,10.1,47.3
2017-18,regular-season,WAS,82,43,39,48.4,17.2,12.7,11.6,42.3,17.1,13.1,11.0,45.4
2017-18,regular-season,LAC,82,42,40,48.1,15.8,13.9,13.3,52.2,17.4,13.2,15.4,44.8
2017-18,regular-season,DET,82,39,43,48.3,16.6,12.6,10.8,43.6,14.9,11.2,9.9,43.6
2017-18,regular-season,CHA,82,36,46,48.2,16.1,13.1,9.3,43.7,14.8,10.7,10.7,45.2
2017-18,regular-season,LAL,82,35,47,48.5,16.3,14.2,17.5,51.9,18.2,13.5,12.7,49.0
2017-18,regular-season,NYK,82,29,53,48.4,15.1,13.4,8.6,46.7,17.4,13.2,11.4,43.4
2017-18,regular-season,BKN,82,28,54,48.4,14.2,12.5,10.7,43.8,17.3,13.6,11.6,47.8
2017-18,regular-season,CHI,82,27,55,48.4,15.0,11.2,11.8,41.8,16.3,11.2,11.3,44.5
2017-18,regular-season,SAC,82,27,55,48.2,15.2,11.4,10.4,43.5,15.7,11.6,12.3,42.2
2017-18,regular-season,ORL,82,25,57,48.1,15.6,10.9,12.6,45.6,17.0,12.8,12.9,48.3
2017-18,regular-season,ATL,82,24,58,48.1,17.8,12.0,10.4,41.3,17.9,12.9,13.0,44.4
2017-18,regular-season,DAL,82,24,58,48.3,14.7,10.4,10.0,38.8,13.9,11.4,14.3,42.2
2017-18,regular-season,MEM,82,22,60,48.1,17.1,11.7,13.2,42.3,17.3,11.8,14.3,42.1
2017-18,regular-season,PHX,82,21,61,48.1,15.0,12.9,14.4,46.1,18.6,13.2,14.6,47.1
2017-18,playoffs,GSW,21,16,5,48.2,16.9,11.0,16.8,41.0,14.5,12.9,12.2,46.0
2017-18,playoffs,CLE,22,12,10,48.5,13.0,11.9,9.5,42.3,14.4,12.4,13.0,46.4
2017-18,playoffs,BOS,19,11,8,48.5,15.0,12.6,9.9,41.6,12.5,10.7,11.1,44.7
2017-18,playoffs,HOU,17,11,6,48.0,14.4,11.6,9.9,42.8,13.7,9.9,12.4,45.9
2017-18,playoffs,NOP,9,5,4,48.0,17.1,12.3,18.1,54.9,19.9,13.0,18.6,45.3
2017-18,playoffs,PHI,10,5,5,48.5,18.0,15.0,10.5,47.0,16.6,9.7,13.3,38.8
2017-18,playoffs,UTA,11,5,6,48.0,14.5,12.9,11.4,46.9,18.9,12.2,12.5,40.4
2017-18,playoffs,TOR,10,4,6,48.5,12.5,12.6,12.6,49.8,16.4,10.9,14.3,47.4
2017-18,playoffs,IND,7,3,4,48.0,19.3,13.3,17.0,47.7,14.3,8.7,9.0,33.7
2017-18,playoffs,MIL,7,3,4,48.7,13.7,6.9,13.6,46.0,15.7,14.7,9.1,44.0
2017-18,playoffs,OKC,6,2,4,48.0,21.2,13.8,13.3,38.7,15.3,15.2,11.7,44.3
2017-18,playoffs,WAS,6,2,4,48.0,15.5,11.7,18.0,44.3,16.0,11.8,15.8,48.7
2017-18,playoffs,MIA,5,1,4,48.0,19.0,7.6,15.0,37.6,20.6,16.2,10.2,45.6
2017-18,playoffs,MIN,5,1,4,48.0,7.8,8.2,9.8,48.4,13.6,14.6,8.0,44.4
2017-18,playoffs,SAS,5,1,4,48.0,15.8,10.6,8.0,38.8,13.8,10.4,14.8,35.2
2017-18,playoffs,POR,4,0,4,48.0,17.3,15.3,16.3,52.0,18.5,10.5,16.8,54.0
2017-18,all-star,-,1,1,0,48.0,24.0,13.0,36.0,74.0,12.0,31.0,20.0,62.0
2017-18,all-star,-,1,0,1,48.0,12.0,31.0,20.0,62.0,24.0,13.0,36.0,74.0
2018-19,pre-season,LAC,5,5,0,48.0,18.8,15.6,19.2,58.0,13.6,13.6,11.6,43.6
2018-19,pre-season,UTA,5,5,0,48.0,22.0,14.2,18.2,54.4,16.2,14.6,12.4,42.4
2018-19,pre-season,CHA,5,4,1,48.0,16.6,7.4,16.8,44.8,21.6,13.8,15.0,46.4
2018-19,pre-season,DEN,5,4,1,48.0,21.8,16.6,17.0,45.6,15.4,12.2,16.8,46.0
2018-19,pre-season,HOU,5,4,1,48.0,24.4,15.4,18.2,33.6,18.6,13.4,11.0,49.2
2018-19,pre-season,TOR,5,4,1,48.0,26.4,14.2,20.2,52.0,15.6,15.0,11.8,45.6
2018-19,pre-season,WAS,5,4,1,49.0,22.4,14.2,19.4,55.2,20.0,10.8,13.0,35.6
2018-19,pre-season,LAL,6,3,3,48.0,20.2,12.3,23.8,54.7,23.2,13.3,16.7,47.0
2018-19,pre-season,MIA,6,3,3,48.0,24.8,19.7,11.5,51.0,21.7,7.8,13.0,48.0
2018-19,pre-season,MIL,4,3,1,49.3,16.8,13.5,13.3,50.0,16.5,14.5,6.8,45.5
2018-19,pre-season,NYK,5,3,2,49.0,23.0,10.8,13.2,43.2,17.4,13.2,10.4,46.8
2018-19,pre-season,OKC,4,3,1,49.3,24.0,18.5,9.8,45.5,17.3,8.0,7.3,46.0
2018-19,pre-season,PHI,4,3,1,48.0,20.0,16.5,11.8,51.5,21.5,10.5,8.8,39.5
2018-19,pre-season,POR,5,3,2,48.0,16.8,15.2,10.4,43.6,19.8,13.2,13.0,40.0
2018-19,pre-season,SAS,5,3,2,48.0,16.6,10.6,11.0,40.4,16.2,16.0,13.4,43.6
2018-19,pre-season,ATL,5,2,3,48.0,22.0,12.6,14.0,50.0,25.6,17.0,14.6,51.2
2018-19,pre-season,BKN,4,2,2,49.3,13.3,16.0,6.3,48.0,29.0,15.3,9.5,41.5
2018-19,pre-season,CHI,5,2,3,48.0,19.8,8.6,13.6,47.2,13.2,12.8,14.6,48.8
2018-19,pre-season,CLE,4,2,2,48.0,14.8,16.3,8.8,41.5,19.8,14.5,15.0,51.0
2018-19,pre-season,DAL,4,2,2,48.0,26.8,14.3,16.0,40.0,18.3,14.0,13.5,40.5
2018-19,pre-season,DET,5,2,3,49.0,19.2,13.2,10.4,41.6,14.6,16.0,9.8,43.2
2018-19,pre-season,IND,4,2,2,49.3,17.5,16.5,17.0,50.5,23.5,11.3,13.3,40.0
2018-19,pre-season,MEM,5,2,3,49.0,20.2,9.4,12.0,48.4,22.4,15.2,14.2,38.0
2018-19,pre-season,ORL,5,2,3,48.0,19.8,9.6,13.6,46.4,13.8,5.4,11.4,32.8
2018-19,pre-season,PHX,5,2,3,48.0,15.6,11.8,10.4,40.0,24.0,14.0,9.6,42.8
2018-19,pre-season,SAC,6,2,4,48.0,23.7,12.3,15.8,46.7,15.8,11.0,15.7,50.3
2018-19,pre-season,BOS,4,1,3,48.0,20.3,11.8,15.5,48.0,14.3,12.8,13.0,42.0
2018-19,pre-season,GSW,5,1,4,48.0,20.6,12.0,19.0,44.0,19.2,12.4,20.8,46.4
2018-19,pre-season,MIN,5,1,4,48.0,15.2,10.6,8.0,45.2,19.6,14.6,17.6,52.4
2018-19,pre-season,-,1,0,1,48.0,9.0,13.0,10.0,36.0,22.0,10.0,16.0,58.0
2018-19,pre-season,-,1,0,1,48.0,6.0,12.0,0.0,12.0,22.0,11.0,27.0,42.0
2018-19,pre-season,-,1,0,1,48.0,10.0,5.0,11.0,20.0,20.0,4.0,22.0,52.0
2018-19,pre-season,-,1,0,1,48.0,20.0,11.0,10.0,24.0,28.0,26.0,27.0,74.0
2018-19,pre-season,-,2,0,2,48.0,10.0,11.0,6.0,43.0,28.0,21.0,27.5,71.0
2018-19,pre-season,-,2,0,2,48.0,14.5,8.0,8.5,35.0,21.5,13.0,19.0,56.0
2018-19,pre-season,NOP,5,0,5,48.0,13.6,13.2,12.8,51.6,25.4,14.6,15.0,65.2
2018-19,pre-season,-,1,0,1,48.0,19.0,14.0,5.0,30.0,17.0,12.0,8.0,32.0
2018-19,pre-season,-,2,0,2,48.0,14.0,11.0,6.5,29.0,21.0,21.0,19.0,56.0
2018-19,pre-season,-,1,0,1,48.0,21.0,10.0,7.0,52.0,31.0,15.0,27.0,36.0
2018-19,pre-season,SAC,1,0,1,48.0,11.0,20.0,11.0,40.0,26.0,7.0,25.0,52.0
2018-19,regular-season,MIL,82,60,22,48.2,16.7,11.7,17.7,53.3,14.6,12.1,11.0,42.2
2018-19,regular-season,TOR,82,58,24,48.5,17.2,12.7,18.4,48.5,15.9,12.9,13.5,47.5
2018-19,regular-season,GSW,82,57,25,48.3,16.3,12.5,19.1,43.2,17.4,13.8,15.1,47.1
2018-19,regular-season,DEN,82,54,28,48.1,15.7,15.5,12.6,52.1,15.0,12.1,12.2,48.9
2018-19,regular-season,HOU,82,53,29,48.4,18.0,13.1,12.0,42.1,16.3,13.7,13.8,51.8
2018-19,regular-season,POR,82,53,29,48.4,15.0,15.0,11.0,49.3,15.3,13.7,14.1,47.8
2018-19,regular-season,PHI,82,51,31,48.3,15.3,14.1,15.0,49.4,17.3,12.3,14.7,51.2
2018-19,regular-season,UTA,82,50,32,48.2,16.5,13.3,10.6,49.8,16.9,11.2,11.4,47.7
2018-19,regular-season,BOS,82,49,33,48.2,18.1,12.5,16.2,44.8,14.8,13.5,13.2,45.9
2018-19,regular-season,OKC,82,49,33,48.4,19.2,15.5,18.2,51.8,16.0,12.5,12.3,48.4
2018-19,regular-season,IND,82,48,34,48.1,19.1,13.3,14.6,48.9,14.9,13.3,14.0,44.8
2018-19,regular-season,LAC,82,48,34,48.4,15.5,13.1,14.3,51.2,17.7,13.8,14.8,51.1
2018-19,regular-season,SAS,82,48,34,48.3,14.1,11.5,10.4,43.2,15.0,12.6,14.1,46.6
2018-19,regular-season,BKN,82,42,40,48.7,15.4,13.8,11.6,48.8,17.3,14.4,11.8,51.2
2018-19,regular-season,ORL,82,42,40,48.2,15.2,12.4,10.8,44.0,14.7,10.9,12.7,47.2
2018-19,regular-season,DET,82,41,41,48.4,15.8,13.3,10.0,44.8,16.0,11.3,11.9,49.9
2018-19,regular-season,CHA,82,39,43,48.4,16.1,13.0,11.7,46.8,13.7,13.4,13.3,49.0
2018-19,regular-season,MIA,82,39,43,48.1,15.5,14.1,9.9,48.9,17.1,13.7,12.5,42.3
2018-19,regular-season,SAC,82,39,43,48.1,19.3,13.7,20.9,51.9,16.4,14.4,14.2,51.2
2018-19,regular-season,LAL,82,37,45,48.2,16.8,12.9,19.3,55.6,18.5,14.0,15.9,50.3
2018-19,regular-season,MIN,82,36,46,48.4,17.5,15.0,11.7,49.5,15.1,14.8,13.6,48.9
2018-19,regular-season,DAL,82,33,49,48.2,14.5,12.9,12.3,44.5,15.6,13.0,16.7,47.7
2018-19,regular-season,MEM,82,33,49,48.5,17.2,11.2,12.3,46.3,16.6,11.6,16.3,42.7
2018-19,regular-season,NOP,82,33,49,48.2,16.1,14.4,14.8,58.2,18.0,13.7,15.7,51.6
2018-19,regular-season,WAS,82,32,50,48.6,17.7,12.4,14.1,50.0,17.0,14.1,14.0,52.1
2018-19,regular-season,ATL,82,29,53,48.4,17.0,14.1,15.2,51.1,21.1,14.6,16.5,49.3
2018-19,regular-season,CHI,82,22,60,48.5,15.2,11.0,12.1,50.8,16.6,13.4,13.0,49.1
2018-19,regular-season,CLE,82,19,63,48.2,14.4,13.5,10.6,44.5,16.8,12.7,14.0,50.0
2018-19,regular-season,PHX,82,19,63,48.5,18.2,12.1,15.2,49.8,19.5,15.5,15.8,53.0
2018-19,regular-season,NYK,82,17,65,48.2,14.7,13.3,11.1,44.0,16.4,14.1,11.7,50.6
2018-19,playoffs,TOR,24,16,8,48.4,17.0,11.5,16.5,40.5,14.0,12.8,15.1,38.1
2018-19,playoffs,GSW,22,14,8,48.5,18.4,14.4,16.3,42.4,16.1,13.7,14.5,41.5
2018-19,playoffs,MIL,15,10,5,48.7,13.9,13.9,20.9,46.3,14.6,10.1,13.5,36.3
2018-19,playoffs,POR,16,8,8,49.6,13.6,15.3,10.3,43.5,15.5,16.3,12.7,47.9
2018-19,playoffs,DEN,14,7,7,49.4,11.4,16.5,11.0,50.6,9.9,14.3,9.1,46.7
2018-19,playoffs,PHI,12,7,5,48.0,15.2,14.7,11.4,47.5,19.3,10.8,16.0,43.2
2018-19,playoffs,HOU,11,6,5,48.5,17.3,12.7,11.4,40.2,19.8,13.4,14.3,45.3
2018-19,playoffs,BOS,9,5,4,48.0,13.0,8.8,15.7,34.0,16.6,11.6,18.8,41.1
2018-19,playoffs,SAS,7,3,4,48.0,9.4,11.1,9.6,46.0,9.1,14.9,12.9,48.9
2018-19,playoffs,LAC,6,2,4,48.0,17.3,14.0,16.8,45.7,18.3,13.0,18.0,44.7
2018-19,playoffs,BKN,5,1,4,48.0,17.4,12.2,11.2,48.0,17.8,19.0,11.6,58.4
2018-19,playoffs,OKC,5,1,4,48.0,14.6,13.8,15.0,42.4,16.6,14.8,13.4,44.4
2018-19,playoffs,ORL,5,1,4,48.0,15.4,8.4,12.0,34.0,17.6,10.6,12.6,47.2
2018-19,playoffs,UTA,5,1,4,48.0,19.2,12.2,13.2,47.2,17.4,11.4,10.8,39.6
2018-19,playoffs,DET,4,0,4,48.0,17.8,12.5,10.8,40.0,13.3,11.5,19.8,55.0
2018-19,playoffs,IND,4,0,4,48.0,17.0,9.5,15.8,37.0,14.5,11.3,17.0,32.0
2018-19,all-star,-,1,1,0,48.0,23.0,19.0,33.0,62.0,12.0,26.0,37.0,78.0
2018-19,all-star,-,1,0,1,48.0,12.0,26.0,37.0,78.0,23.0,19.0,33.0,62.0
2019-20,pre-season,NOP,8,8,0,47.0,25.3,12.6,15.6,49.3,19.0,13.0,11.9,45.8
2019-20,pre-season,MIL,8,7,1,47.0,20.5,11.5,17.0,43.8,21.9,13.3,14.5,37.8
2019-20,pre-season,HOU,9,6,3,47.1,24.1,14.1,18.4,39.8,21.1,14.8,18.1,48.7
2019-20,pre-season,BOS,7,5,2,46.9,25.7,13.6,15.9,52.0,19.7,10.7,13.6,38.3
2019-20,pre-season,DEN,7,5,2,46.9,22.1,13.9,16.1,44.9,21.7,10.4,13.9,41.7
2019-20,pre-season,IND,7,5,2,47.6,14.6,13.0,16.1,50.6,20.7,10.4,16.7,45.4
2019-20,pre-season,LAL,9,5,4,47.1,18.1,12.1,14.0,50.0,23.8,14.8,14.9,38.4
2019-20,pre-season,MIA,8,5,3,47.0,23.8,11.1,10.8,46.3,22.0,7.6,13.0,40.5
2019-20,pre-season,OKC,7,5,2,46.9,15.9,9.7,9.9,49.4,18.6,15.0,11.1,44.0
2019-20,pre-season,PHI,8,5,3,47.6,21.5,17.9,12.9,48.5,16.9,9.9,14.0,41.5
2019-20,pre-season,BKN,7,4,3,46.9,22.1,12.1,14.3,43.1,12.7,12.0,11.7,39.4
2019-20,pre-season,DAL,8,4,4,47.6,13.9,13.8,14.6,43.0,16.8,9.3,15.8,48.0
2019-20,pre-season,LAC,8,4,4,47.0,21.1,13.0,17.1,43.0,18.5,15.5,14.3,41.5
2019-20,pre-season,MEM,8,4,4,47.0,18.9,11.9,20.1,49.5,19.0,9.5,12.8,35.0
2019-20,pre-season,ORL,9,4,5,47.1,24.9,13.4,14.2,42.7,18.4,11.2,12.4,42.2
2019-20,pre-season,PHX,7,4,3,46.9,24.6,12.0,17.7,40.6,20.6,13.0,16.6,42.6
2019-20,pre-season,SAC,8,4,4,47.6,24.8,12.4,17.5,41.8,22.1,15.4,15.0,41.8
2019-20,pre-season,TOR,7,4,3,46.9,17.9,13.4,21.1,41.4,20.7,14.4,13.4,39.7
2019-20,pre-season,DET,5,3,2,48.0,16.4,14.4,8.2,44.4,19.8,11.2,11.4,48.0
2019-20,pre-season,SAS,8,3,5,47.0,15.8,10.0,12.5,42.8,21.4,14.9,18.3,49.3
2019-20,pre-season,UTA,8,3,5,47.0,18.6,11.3,15.3,50.8,20.3,11.1,11.9,50.0
2019-20,pre-season,WAS,8,3,5,47.0,21.4,13.8,11.3,38.8,15.3,13.8,10.1,38.8
2019-20,pre-season,CHI,5,2,3,48.0,27.0,16.2,17.0,47.6,13.2,9.4,14.4,46.0
2019-20,pre-season,GSW,5,2,3,48.0,26.0,13.6,21.0,39.2,20.8,13.0,17.0,53.2
2019-20,pre-season,MIN,5,2,3,48.0,19.8,17.2,19.8,51.6,17.4,12.4,16.8,49.6
2019-20,pre-season,POR,8,2,6,47.0,18.9,14.6,15.1,45.8,22.3,11.6,16.5,40.0
2019-20,pre-season,ATL,5,1,4,48.0,18.0,9.4,8.2,36.8,24.6,18.0,13.2,43.2
2019-20,pre-season,CHA,5,1,4,48.0,24.6,11.2,16.2,49.6,22.0,11.0,13.6,50.0
2019-20,pre-season,CLE,4,1,3,48.0,22.8,12.3,5.3,41.5,20.0,14.5,10.5,53.5
2019-20,pre-season,NYK,4,1,3,48.0,16.0,14.3,10.0,42.0,18.8,12.3,10.8,36.0
2019-20,pre-season,-,1,0,1,48.0,10.0,9.0,4.0,44.0,28.0,19.0,20.0,80.0
2019-20,pre-season,-,1,0,1,48.0,17.0,12.0,7.0,48.0,37.0,16.0,9.0,58.0
2019-20,pre-season,-,2,0,2,48.0,7.5,6.5,6.0,28.0,38.0,24.0,22.5,56.0
2019-20,pre-season,-,3,0,3,48.0,14.3,11.0,7.7,29.3,22.7,18.3,19.3,63.3
2019-20,pre-season,-,2,0,2,48.0,24.0,15.0,7.0,37.0,24.5,14.0,16.0,53.0
2019-20,pre-season,-,2,0,2,48.0,16.5,9.5,3.5,37.0,19.0,15.5,20.0,65.0
2019-20,pre-season,-,1,0,1,48.0,0.0,10.0,4.0,24.0,31.0,10.0,30.0,72.0
2019-20,pre-season,-,2,0,2,48.0,9.5,7.5,10.5,39.0,45.5,21.0,29.5,60.0
2019-20,regular-season,MIL,73,56,17,48.2,16.6,12.3,18.0,49.3,16.9,11.3,13.6,38.7
2019-20,regular-season,TOR,72,53,19,48.3,19.5,11.9,18.8,46.8,16.9,13.5,12.7,41.5
2019-20,regular-season,LAL,71,52,19,48.1,19.0,14.1,18.4,52.8,17.4,12.0,16.5,45.8
2019-20,regular-season,LAC,72,49,23,48.3,17.9,14.2,13.7,47.7,16.5,12.4,13.3,44.6
2019-20,regular-season,BOS,72,48,24,48.4,17.6,13.3,15.2,47.8,15.1,13.2,13.2,43.4
2019-20,regular-season,DEN,73,46,27,48.6,16.6,14.2,11.8,49.8,16.2,12.2,12.4,48.2
2019-20,regular-season,IND,73,45,28,48.3,17.3,11.8,12.8,49.3,15.0,13.2,13.6,47.6
2019-20,regular-season,HOU,72,44,28,48.3,18.9,12.1,14.6,45.9,17.8,14.1,15.1,51.5
2019-20,regular-season,MIA,73,44,29,48.6,16.2,11.8,11.3,43.9,17.9,12.8,11.4,44.1
2019-20,regular-season,OKC,72,44,28,48.4,16.9,10.7,9.5,45.7,16.0,12.6,10.9,48.4
2019-20,regular-season,UTA,72,44,28,48.2,14.3,12.4,10.5,47.1,17.1,12.1,12.5,47.4
2019-20,regular-season,DAL,75,43,32,48.5,14.6,14.5,11.7,44.8,14.3,13.4,16.4,48.8
2019-20,regular-season,PHI,73,43,30,48.2,15.9,13.1,13.5,47.5,16.4,11.6,13.7,48.1
2019-20,regular-season,BKN,72,35,37,48.6,14.8,13.6,13.1,49.6,17.0,13.2,13.1,46.4
2019-20,regular-season,POR,74,35,39,48.2,14.3,12.7,13.2,44.6,14.5,15.5,14.8,47.0
2019-20,regular-season,MEM,73,34,39,48.1,17.1,13.7,17.2,55.9,17.9,13.6,13.9,45.3
2019-20,regular-season,PHX,73,34,39,48.2,18.5,12.2,14.7,47.8,16.6,12.5,12.7,49.8
2019-20,regular-season,ORL,73,33,40,48.1,17.0,12.7,11.9,45.4,14.3,11.2,11.9,46.3
2019-20,regular-season,SAS,71,32,39,48.5,15.7,11.0,13.3,43.6,15.1,13.6,13.0,48.2
2019-20,regular-season,SAC,72,31,41,48.5,17.4,12.7,12.7,47.0,16.5,11.9,12.1,46.6
2019-20,regular-season,NOP,72,30,42,48.4,16.7,14.5,16.6,49.8,19.6,13.6,15.4,52.2
2019-20,regular-season,WAS,72,25,47,48.2,18.6,13.1,13.4,45.6,16.7,14.4,12.7,51.4
2019-20,regular-season,CHA,65,23,42,48.5,16.2,13.4,11.6,46.5,16.8,13.2,11.8,50.5
2019-20,regular-season,CHI,65,22,43,48.2,21.2,13.3,14.8,49.5,17.8,12.7,12.5,49.6
2019-20,regular-season,NYK,66,21,45,48.4,15.7,15.3,9.4,48.6,17.5,12.6,12.8,43.8
2019-20,regular-season,ATL,67,20,47,48.6,16.7,13.3,12.9,50.4,19.5,15.0,14.8,53.6
2019-20,regular-season,DET,66,20,46,48.4,15.9,13.3,11.0,48.2,17.3,13.2,12.7,52.0
2019-20,regular-season,CLE,65,19,46,48.4,14.4,13.5,10.5,49.3,20.0,12.7,14.4,53.6
2019-20,regular-season,MIN,64,19,45,48.6,16.6,13.5,11.3,49.2,17.8,13.5,13.0,51.2
2019-20,regular-season,GSW,65,15,50,48.4,17.1,11.9,13.8,43.8,18.0,13.5,15.0,48.8
2019-20,playoffs,LAL,21,16,5,48.0,17.6,13.6,15.1,47.6,17.1,10.8,8.4,40.6
2019-20,playoffs,MIA,21,14,7,48.5,16.1,12.0,9.0,40.5,15.4,12.7,12.6,42.2
2019-20,playoffs,BOS,17,10,7,48.9,15.2,11.1,12.8,42.4,14.9,11.4,9.1,39.8
2019-20,playoffs,DEN,19,9,10,48.3,15.3,10.8,9.2,39.3,15.0,11.2,12.2,45.8
2019-20,playoffs,LAC,13,7,6,48.4,14.8,10.4,13.1,45.7,14.0,9.3,8.6,41.4
2019-20,playoffs,TOR,11,7,4,48.9,15.6,10.7,14.0,40.2,14.8,9.4,12.5,38.0
2019-20,playoffs,HOU,12,5,7,48.4,19.3,9.1,8.4,37.3,13.6,12.6,10.5,41.5
2019-20,playoffs,MIL,10,5,5,48.5,16.5,12.1,10.3,42.2,17.0,11.4,10.7,31.0
2019-20,playoffs,OKC,7,3,4,48.7,11.6,11.7,6.0,36.0,20.0,9.7,10.0,39.1
2019-20,playoffs,UTA,7,3,4,48.7,15.0,11.6,8.4,44.6,13.1,12.4,8.4,34.6
2019-20,playoffs,DAL,6,2,4,48.8,12.8,10.2,7.5,44.7,16.7,10.7,13.0,47.3
2019-20,playoffs,ORL,5,1,4,48.0,17.8,10.0,9.6,27.6,16.6,13.4,9.6,43.6
2019-20,playoffs,POR,5,1,4,48.0,16.6,14.6,11.6,38.4,21.2,13.6,14.2,50.0
2019-20,playoffs,BKN,4,0,4,48.0,12.5,11.8,15.8,32.0,17.5,12.5,18.5,44.5
2019-20,playoffs,IND,4,0,4,48.0,16.5,8.8,13.0,38.0,16.8,13.3,9.0,41.0
2019-20,playoffs,PHI,4,0,4,48.0,12.8,11.5,4.8,37.5,16.3,10.8,16.8,39.0
2019-20,all-star,-,1,1,0,48.0,18.0,14.0,21.0,66.0,24.0,19.0,29.0,108.0
2019-20,all-star,-,1,0,1,48.0,24.0,19.0,29.0,108.0,18.0,14.0,21.0,66.0
2019-20,play-in,POR,1,1,0,48.0,24.0,15.0,6.0,28.0,15.0,23.0,9.0,56.0
2019-20,play-in,MEM,1,0,1,48.0,15.0,23.0,9.0,56.0,24.0,15.0,6.0,28.0
2019-20,ist,TOR,1,1,0,53.0,22.0,19.0,20.0,56.0,20.0,9.0,13.0,38.0
2019-20,ist,NOP,1,0,1,53.0,20.0,9.0,13.0,38.0,22.0,19.0,20.0,56.0
2020-21,pre-season,LAL,4,4,0,48.0,22.3,10.5,10.3,40.5,17.3,10.5,14.5,37.5
2020-21,pre-season,CHI,4,3,1,48.0,16.5,19.0,10.0,46.0,21.0,11.3,6.3,36.0
2020-21,pre-season,HOU,4,3,1,48.0,21.8,12.0,10.0,41.0,13.8,18.0,8.0,37.5
2020-21,pre-season,MEM,4,3,1,48.0,21.8,14.0,18.8,48.5,17.8,11.5,13.3,40.0
2020-21,pre-season,NYK,4,3,1,48.0,24.3,14.3,12.3,48.0,19.8,8.0,8.0,33.5
2020-21,pre-season,UTA,3,3,0,48.0,19.0,15.3,12.0,38.0,14.3,7.7,10.7,32.0
2020-21,pre-season,ATL,4,2,2,48.0,18.8,15.8,13.0,38.5,21.3,14.3,20.0,40.0
2020-21,pre-season,BKN,2,2,0,48.0,24.0,11.5,23.5,34.0,15.5,14.5,8.0,37.0
2020-21,pre-season,CLE,4,2,2,48.0,19.5,10.3,9.3,40.5,28.8,9.8,15.5,45.5
2020-21,pre-season,DAL,3,2,1,49.7,19.3,13.3,9.0,39.3,11.0,8.7,19.7,54.0
2020-21,pre-season,DEN,3,2,1,48.0,19.0,15.3,11.0,49.3,19.3,12.3,9.0,38.7
2020-21,pre-season,DET,4,2,2,48.0,19.5,5.5,7.3,34.0,21.8,13.3,7.8,42.0
2020-21,pre-season,GSW,3,2,1,48.0,21.7,8.0,15.7,38.0,19.3,16.7,6.0,51.3
2020-21,pre-season,NOP,2,2,0,48.0,20.5,24.5,12.5,47.0,9.5,7.0,11.5,41.0
2020-21,pre-season,ORL,4,2,2,48.0,22.0,14.5,16.0,45.0,20.0,15.0,10.0,40.0
2020-21,pre-season,PHI,2,2,0,48.0,17.5,16.5,12.5,45.0,29.5,13.5,11.0,47.0
2020-21,pre-season,SAC,4,2,2,48.0,18.5,14.3,13.3,44.0,21.8,9.0,16.8,38.5
2020-21,pre-season,TOR,3,2,1,48.0,32.7,7.3,16.3,34.0,22.7,10.7,12.3,38.7
2020-21,pre-season,CHA,4,1,3,48.0,22.8,9.8,14.0,43.5,26.5,11.5,16.0,44.0
2020-21,pre-season,MIA,2,1,1,48.0,15.5,8.0,7.0,37.0,26.5,16.5,14.5,32.0
2020-21,pre-season,MIN,3,1,2,49.7,14.7,12.0,13.3,43.3,22.3,10.3,15.3,52.0
2020-21,pre-season,OKC,3,1,2,48.0,15.7,7.7,8.0,40.7,22.3,17.7,11.7,49.3
2020-21,pre-season,POR,4,1,3,48.0,20.0,12.3,11.8,39.0,18.3,13.3,17.0,42.5
2020-21,pre-season,WAS,3,1,2,48.0,20.7,11.7,8.0,38.0,18.0,6.0,13.0,36.0
2020-21,pre-season,BOS,2,0,2,48.0,21.5,12.0,9.0,37.0,24.0,16.0,15.5,35.0
2020-21,pre-season,IND,3,0,3,48.0,30.0,10.7,13.3,46.0,19.3,12.3,12.0,48.0
2020-21,pre-season,LAC,3,0,3,48.0,11.3,10.0,11.3,33.3,22.7,16.0,12.3,37.3
2020-21,pre-season,MIL,3,0,3,48.0,10.0,8.0,16.7,49.3,20.3,19.3,7.0,44.0
2020-21,pre-season,PHX,4,0,4,48.0,19.5,8.8,14.0,36.5,19.5,10.0,10.0,41.0
2020-21,pre-season,SAS,3,0,3,48.0,18.7,16.3,9.0,38.0,16.7,8.7,13.0,47.3
2020-21,regular-season,UTA,72,52,20,48.2,14.1,13.6,11.9,44.2,17.0,12.4,12.1,49.1
2020-21,regular-season,PHX,72,51,21,48.6,16.1,12.9,13.1,45.3,14.8,12.4,12.0,47.4
2020-21,regular-season,PHI,72,49,23,48.4,18.1,13.9,15.2,47.3,17.2,11.6,14.3,46.0
2020-21,regular-season,BKN,72,48,24,48.3,15.8,12.3,14.3,49.2,16.1,15.3,12.1,47.8
2020-21,regular-season,DEN,72,47,25,48.6,18.0,13.8,12.4,49.7,15.6,11.3,13.4,45.2
2020-21,regular-season,LAC,72,47,25,48.0,16.0,13.0,10.3,42.2,15.4,11.8,11.9,47.2
2020-21,regular-season,MIL,72,46,26,48.1,16.3,13.2,14.5,48.8,15.9,13.0,10.7,43.1
2020-21,regular-season,DAL,72,42,30,48.1,14.5,12.3,11.4,44.2,14.6,13.1,12.4,45.2
2020-21,regular-season,LAL,72,42,30,48.5,17.4,13.3,13.3,49.9,16.6,11.3,12.2,48.2
2020-21,regular-season,POR,72,42,30,48.1,14.9,14.6,11.6,39.3,14.1,13.8,13.7,47.3
2020-21,regular-season,ATL,72,41,31,48.3,14.7,14.3,10.0,47.8,15.9,13.2,11.8,48.7
2020-21,regular-season,NYK,72,41,31,48.4,15.1,12.4,8.9,44.0,15.0,12.2,10.5,43.8
2020-21,regular-season,MIA,72,40,32,48.3,17.7,10.1,11.9,44.4,16.7,12.3,10.4,41.3
2020-21,regular-season,GSW,72,39,33,48.1,17.4,10.5,14.4,45.4,17.5,14.2,13.3,47.3
2020-21,regular-season,MEM,72,38,34,48.3,18.5,15.0,17.3,55.8,16.6,12.4,13.7,47.5
2020-21,regular-season,BOS,72,36,36,48.3,17.8,13.3,11.8,46.3,15.8,13.2,11.8,44.3
2020-21,regular-season,IND,72,34,38,48.5,18.0,12.8,16.6,54.0,16.0,15.3,13.7,53.8
2020-21,regular-season,WAS,72,34,38,48.3,18.0,13.0,11.2,52.8,17.6,13.7,10.7,48.2
2020-21,regular-season,CHA,72,33,39,48.2,17.7,12.7,13.6,45.9,16.9,13.2,13.2,47.2
2020-21,regular-season,SAS,72,33,39,48.6,15.7,12.1,11.7,47.8,14.3,13.3,11.9,50.1
2020-21,regular-season,CHI,72,31,41,48.3,14.5,13.2,11.5,49.4,17.8,11.6,11.7,48.9
2020-21,regular-season,NOP,72,31,41,48.4,15.3,14.9,14.1,54.4,18.3,11.9,13.0,46.7
2020-21,regular-season,SAC,72,31,41,48.1,16.4,12.2,14.1,53.3,17.0,14.0,12.6,53.4
2020-21,regular-season,TOR,72,27,45,48.1,18.6,12.5,13.7,43.6,15.6,13.9,11.6,42.9
2020-21,regular-season,MIN,72,23,49,48.3,18.6,13.7,12.1,49.3,16.8,14.5,14.0,49.8
2020-21,regular-season,CLE,72,22,50,48.4,16.3,12.9,11.3,51.0,17.9,12.1,12.9,50.6
2020-21,regular-season,OKC,72,22,50,48.2,14.2,11.7,9.2,47.7,20.0,13.4,11.6,49.5
2020-21,regular-season,ORL,72,21,51,48.1,13.4,13.2,10.3,41.6,15.8,11.7,14.2,47.2
2020-21,regular-season,DET,72,20,52,48.4,16.5,12.7,10.7,47.4,17.3,13.4,11.6,51.3
2020-21,regular-season,HOU,72,17,55,48.1,18.0,12.2,11.1,46.7,17.5,13.1,14.7,50.0
2020-21,playoffs,MIL,23,16,7,48.4,14.2,16.3,14.2,50.4,14.7,11.0,8.6,39.5
2020-21,playoffs,PHX,22,14,8,48.0,15.3,10.2,10.5,43.5,13.3,12.8,11.9,44.5
2020-21,playoffs,ATL,18,10,8,48.0,14.6,12.6,9.6,40.9,13.4,14.9,12.4,47.7
2020-21,playoffs,LAC,19,10,9,48.0,14.6,9.9,10.1,38.9,13.6,12.7,6.8,40.7
2020-21,playoffs,BKN,12,7,5,48.4,16.5,10.3,8.9,40.2,13.8,14.3,11.9,45.0
2020-21,playoffs,PHI,12,7,5,48.0,14.5,11.8,14.3,49.3,13.9,13.5,11.8,46.2
2020-21,playoffs,UTA,11,6,5,48.0,13.2,13.3,8.5,39.5,18.5,14.4,13.0,46.9
2020-21,playoffs,DEN,10,4,6,49.0,11.6,16.2,10.9,45.0,15.0,9.5,11.4,43.2
2020-21,playoffs,DAL,7,3,4,48.0,11.3,14.6,5.4,41.4,12.1,8.4,9.9,40.9
2020-21,playoffs,LAL,6,2,4,48.0,13.7,14.2,12.2,44.7,15.7,10.8,13.0,40.7
2020-21,playoffs,POR,6,2,4,49.7,14.5,9.2,10.8,41.7,12.2,17.8,12.0,44.3
2020-21,playoffs,BOS,5,1,4,48.0,14.4,16.0,11.4,40.0,18.0,12.4,12.0,42.0
2020-21,playoffs,MEM,5,1,4,48.0,17.4,16.0,15.0,58.8,13.0,14.2,10.0,46.8
2020-21,playoffs,NYK,5,1,4,48.0,10.0,14.2,6.0,38.8,13.6,8.6,8.4,39.2
2020-21,playoffs,WAS,5,1,4,48.0,12.0,14.4,14.2,50.8,14.2,12.2,13.0,53.2
2020-21,playoffs,MIA,4,0,4,49.3,15.8,11.0,8.8,37.0,13.0,18.8,14.0,47.0
2020-21,all-star,-,1,1,0,48.0,22.0,6.0,14.0,72.0,25.0,10.0,19.0,64.0
2020-21,all-star,-,1,0,1,48.0,25.0,10.0,19.0,64.0,22.0,6.0,14.0,72.0
2020-21,play-in,MEM,2,2,0,50.5,17.0,17.0,16.0,48.0,10.0,13.5,9.0,43.0
2020-21,play-in,BOS,1,1,0,48.0,20.0,21.0,11.0,38.0,6.0,11.0,14.0,56.0
2020-21,play-in,IND,2,1,1,48.0,16.0,18.5,15.0,57.0,24.0,9.0,24.0,64.0
2020-21,play-in,LAL,1,1,0,48.0,29.0,7.0,14.0,48.0,18.0,11.0,9.0,40.0
2020-21,play-in,WAS,2,1,1,48.0,14.0,11.0,15.0,64.0,17.5,17.5,8.0,39.0
2020-21,play-in,CHA,1,0,1,48.0,26.0,7.0,32.0,56.0,17.0,23.0,25.0,74.0
2020-21,play-in,GSW,2,0,2,50.5,15.0,12.0,12.5,44.0,25.5,14.0,14.0,48.0
2020-21,play-in,SAS,1,0,1,48.0,8.0,14.0,2.0,38.0,12.0,13.0,18.0,48.0
2021-22,pre-season,GSW,5,5,0,48.0,22.2,13.2,17.0,40.0,14.6,13.0,10.2,43.2
2021-22,pre-season,MIA,6,5,1,48.0,18.7,16.0,9.0,43.3,18.8,13.0,13.2,41.7
2021-22,pre-season,CHI,4,4,0,48.0,24.8,15.0,15.3,49.0,16.0,12.8,12.5,47.5
2021-22,pre-season,DAL,4,4,0,48.0,23.0,17.0,20.5,56.0,13.5,8.5,12.5,42.0
2021-22,pre-season,NYK,4,4,0,48.0,11.5,14.3,11.3,38.5,9.3,12.3,13.0,43.5
2021-22,pre-season,SAC,4,4,0,48.0,22.3,13.5,21.0,47.0,15.3,9.5,11.8,51.0
2021-22,pre-season,BKN,4,3,1,48.0,20.0,13.3,14.0,42.5,23.5,11.5,15.5,46.0
2021-22,pre-season,MEM,6,3,3,48.0,18.3,16.5,20.8,50.7,19.0,10.5,12.0,45.7
2021-22,pre-season,MIN,4,3,1,49.3,30.5,13.3,22.3,56.0,15.5,12.5,12.0,42.5
2021-22,pre-season,PHX,4,3,1,48.0,26.3,11.3,13.5,54.5,19.0,10.3,17.8,39.0
2021-22,pre-season,SAS,5,3,2,48.0,17.2,16.2,12.8,46.8,17.6,11.6,9.8,48.8
2021-22,pre-season,TOR,5,3,2,48.0,27.8,17.0,19.0,46.8,18.8,12.4,12.8,44.4
2021-22,pre-season,ATL,4,2,2,48.0,17.8,11.0,11.0,37.0,19.0,11.0,12.8,40.5
2021-22,pre-season,BOS,4,2,2,48.0,18.0,8.3,13.8,32.5,23.5,14.0,13.0,43.5
2021-22,pre-season,CLE,5,2,3,48.0,17.2,11.6,11.4,44.0,19.8,14.4,12.4,44.4
2021-22,pre-season,DET,4,2,2,48.0,13.0,12.8,9.3,50.5,18.5,15.8,15.0,49.5
2021-22,pre-season,IND,4,2,2,48.0,15.5,12.3,12.5,46.0,15.0,12.3,12.0,44.5
2021-22,pre-season,PHI,4,2,2,48.0,25.8,11.0,16.0,53.5,20.5,16.8,18.3,47.5
2021-22,pre-season,UTA,4,2,2,48.0,16.0,8.5,13.0,45.0,15.0,8.5,12.8,46.5
2021-22,pre-season,CHA,4,1,3,48.0,17.8,15.8,11.5,48.5,20.3,17.8,14.0,46.0
2021-22,pre-season,DEN,5,1,4,50.0,15.2,9.4,16.2,39.6,22.0,10.2,11.2,44.4
2021-22,pre-season,HOU,4,1,3,48.0,15.5,16.5,12.0,48.5,21.3,16.0,16.3,44.5
2021-22,pre-season,LAC,4,1,3,48.0,13.5,9.8,10.5,46.5,22.3,15.3,25.8,60.0
2021-22,pre-season,MIL,5,1,4,48.0,15.4,10.0,12.2,42.0,17.4,11.0,19.6,44.0
2021-22,pre-season,NOP,4,1,3,48.0,17.8,13.0,11.5,41.5,23.8,16.5,15.8,46.0
2021-22,pre-season,OKC,4,1,3,49.3,17.8,8.0,7.0,40.5,15.3,14.0,10.8,45.0
2021-22,pre-season,ORL,4,1,3,48.0,17.3,11.8,14.3,39.0,20.8,11.8,13.5,35.5
2021-22,pre-season,LAL,6,0,6,48.0,17.2,13.7,13.8,42.3,23.2,14.2,12.2,49.0
2021-22,pre-season,POR,4,0,4,48.0,15.0,9.0,8.5,40.5,25.5,13.3,19.5,44.0
2021-22,pre-season,WAS,4,0,4,48.0,11.5,11.3,11.3,42.0,13.5,15.0,10.8,38.0
2021-22,regular-season,PHX,82,64,18,48.1,18.1,12.1,12.5,49.8,14.8,13.6,11.3,45.2
2021-22,regular-season,MEM,82,56,26,48.2,18.3,18.7,17.7,57.6,14.5,13.0,13.2,47.4
2021-22,regular-season,GSW,82,53,29,48.1,17.6,12.6,13.8,44.7,16.9,12.7,12.3,43.9
2021-22,regular-season,MIA,82,53,29,48.4,17.2,12.7,10.9,43.0,16.7,12.6,12.2,41.3
2021-22,regular-season,DAL,82,52,30,48.2,14.9,11.0,10.0,42.9,14.4,13.1,12.0,47.1
2021-22,regular-season,BOS,82,51,31,48.5,16.3,13.0,11.1,46.5,15.2,12.5,11.5,42.5
2021-22,regular-season,MIL,82,51,31,48.2,15.1,13.5,13.1,45.0,15.6,12.9,11.5,43.7
2021-22,regular-season,PHI,82,51,31,48.3,15.7,11.3,12.2,45.0,14.9,13.0,15.0,46.7
2021-22,regular-season,UTA,82,49,33,48.1,14.7,14.9,10.1,47.9,16.5,12.9,11.9,45.3
2021-22,regular-season,DEN,82,48,34,48.3,15.6,12.5,13.5,49.3,17.3,11.4,12.5,49.9
2021-22,regular-season,TOR,82,48,34,48.4,19.0,16.5,15.8,47.1,14.3,13.9,11.7,45.1
2021-22,regular-season,CHI,82,46,36,48.1,16.4,11.1,12.7,45.8,15.3,12.7,12.0,49.6
2021-22,regular-season,MIN,82,46,36,48.2,19.8,14.8,15.2,47.7,16.2,14.1,14.1,46.1
2021-22,regular-season,BKN,82,44,38,48.2,15.7,13.7,13.7,46.0,17.2,13.7,14.0,47.3
2021-22,regular-season,CLE,82,44,38,48.1,15.8,12.6,11.2,48.4,17.4,12.5,12.2,46.6
2021-22,regular-season,ATL,82,43,39,48.1,15.6,12.2,9.7,45.7,15.1,12.7,12.2,48.0
2021-22,regular-season,CHA,82,43,39,48.5,18.6,13.5,16.3,51.4,16.3,15.0,13.9,48.1
2021-22,regular-season,LAC,82,42,40,48.2,15.4,10.9,11.9,43.4,16.5,15.0,13.0,50.1
2021-22,regular-season,NYK,82,37,45,48.2,15.6,14.5,10.6,41.5,15.4,12.3,11.3,43.2
2021-22,regular-season,NOP,82,36,46,48.2,16.6,15.1,14.3,48.4,16.1,12.6,11.2,45.3
2021-22,regular-season,WAS,82,35,47,48.4,14.0,11.9,9.8,49.1,15.4,12.6,9.4,48.2
2021-22,regular-season,SAS,82,34,48,48.3,16.5,14.3,13.6,53.3,15.3,14.9,11.8,50.2
2021-22,regular-season,LAL,82,33,49,48.7,16.1,12.1,14.8,49.2,17.1,13.4,15.0,51.5
2021-22,regular-season,SAC,82,30,52,48.3,16.3,13.1,11.7,49.0,17.9,14.8,13.4,51.4
2021-22,regular-season,POR,82,27,55,48.1,16.6,13.6,12.4,43.8,17.5,13.0,14.3,47.5
2021-22,regular-season,IND,82,25,57,48.5,14.5,14.7,13.3,49.7,17.1,13.6,13.4,51.5
2021-22,regular-season,OKC,82,24,58,48.3,14.9,11.9,10.6,46.9,16.5,13.9,10.7,47.7
2021-22,regular-season,DET,82,23,59,48.2,17.0,13.6,10.5,45.6,16.9,12.5,11.0,49.7
2021-22,regular-season,ORL,82,22,60,48.2,14.2,12.4,10.8,45.4,16.8,13.4,12.2,44.5
2021-22,regular-season,HOU,82,20,62,48.2,16.1,14.2,12.2,48.9,21.2,14.7,15.8,53.2
2021-22,playoffs,GSW,22,16,6,48.0,16.5,14.6,12.0,44.3,16.4,13.0,11.6,40.5
2021-22,playoffs,BOS,24,14,10,48.0,16.1,12.4,12.5,38.1,17.7,13.7,13.2,40.5
2021-22,playoffs,MIA,18,11,7,48.0,18.7,14.3,11.2,44.4,15.4,11.3,11.7,38.3
2021-22,playoffs,DAL,18,9,9,48.0,15.5,9.0,8.5,35.4,11.4,14.2,8.5,46.3
2021-22,playoffs,MIL,12,7,5,48.0,16.4,12.7,14.5,47.0,12.7,9.1,9.3,33.2
2021-22,playoffs,PHX,13,7,6,48.0,17.5,11.9,8.9,46.2,16.3,13.1,10.1,40.9
2021-22,playoffs,MEM,12,6,6,48.0,20.9,15.5,15.0,49.2,16.3,13.4,13.2,44.2
2021-22,playoffs,PHI,12,6,6,48.4,12.2,11.3,15.1,41.7,18.8,13.8,13.1,46.5
2021-22,playoffs,MIN,6,2,4,48.0,18.5,10.8,11.7,39.7,21.5,15.8,13.5,53.0
2021-22,playoffs,NOP,6,2,4,48.0,12.0,17.0,11.3,46.0,21.7,9.8,9.8,50.7
2021-22,playoffs,TOR,6,2,4,48.8,17.0,12.8,13.8,45.0,11.5,12.2,17.0,42.3
2021-22,playoffs,UTA,6,2,4,48.0,8.5,14.5,6.5,48.7,14.0,9.0,8.2,36.3
2021-22,playoffs,ATL,5,1,4,48.0,18.2,11.6,7.2,34.8,18.8,16.6,9.8,44.8
2021-22,playoffs,CHI,5,1,4,48.0,13.6,7.4,8.2,32.8,16.2,11.4,13.4,46.4
2021-22,playoffs,DEN,5,1,4,48.0,15.4,14.4,10.6,48.0,20.0,12.8,9.0,44.8
2021-22,playoffs,BKN,4,0,4,48.0,16.3,14.5,14.0,35.0,21.8,14.8,18.0,48.5
2021-22,all-star,-,1,1,0,48.0,23.0,12.0,33.0,68.0,17.0,15.0,30.0,84.0
2021-22,all-star,-,1,0,1,48.0,17.0,15.0,30.0,84.0,23.0,12.0,33.0,68.0
2021-22,play-in,ATL,2,2,0,48.0,20.0,16.0,5.0,49.0,11.0,8.5,9.5,39.0
2021-22,play-in,NOP,2,2,0,48.0,6.0,16.0,7.0,53.0,13.0,13.0,10.0,40.0
2021-22,play-in,BKN,1,1,0,48.0,24.0,10.0,14.0,50.0,10.0,20.0,11.0,60.0
2021-22,play-in,MIN,1,1,0,48.0,12.0,14.0,12.0,36.0,17.0,8.0,8.0,24.0
2021-22,play-in,CHA,1,0,1,48.0,8.0,7.0,11.0,40.0,22.0,19.0,6.0,54.0
2021-22,play-in,CLE,2,0,2,48.0,12.0,15.0,9.5,49.0,21.0,11.5,9.0,47.0
2021-22,play-in,LAC,2,0,2,48.0,12.0,10.5,7.5,33.0,7.5,17.0,10.0,43.0
2021-22,play-in,SAS,1,0,1,48.0,19.0,13.0,13.0,38.0,9.0,12.0,6.0,56.0
2022-23,pre-season,OKC,6,5,1,48.0,18.7,16.0,14.2,52.3,18.8,11.2,9.0,45.0
2022-23,pre-season,MIA,5,4,1,48.0,26.6,18.0,14.2,42.8,20.0,12.2,14.0,46.4
2022-23,pre-season,MIN,5,4,1,48.0,21.2,8.0,24.0,52.4,18.6,13.8,14.2,42.4
2022-23,pre-season,NOP,5,4,1,48.0,22.0,16.0,14.4,55.2,21.0,14.8,16.0,38.8
2022-23,pre-season,ORL,5,4,1,48.0,19.4,14.4,10.4,38.4,21.6,8.4,19.2,41.2
2022-23,pre-season,PHI,4,4,0,48.0,23.8,17.5,15.8,47.0,14.5,12.5,15.0,51.0
2022-23,pre-season,SAC,4,4,0,48.0,29.8,18.8,13.0,45.0,13.0,7.5,6.0,35.0
2022-23,pre-season,CHI,4,3,1,48.0,23.0,13.5,24.3,55.0,23.0,15.8,13.5,47.0
2022-23,pre-season,DEN,5,3,2,48.0,18.4,12.6,13.0,48.4,19.2,11.6,14.6,46.0
2022-23,pre-season,GSW,5,3,2,48.0,17.0,14.6,11.6,44.4,19.6,11.4,10.6,40.8
2022-23,pre-season,HOU,4,3,1,48.0,19.8,18.8,13.8,50.5,23.5,16.8,18.8,43.5
2022-23,pre-season,MEM,5,3,2,48.0,26.8,11.2,18.2,53.2,18.6,16.0,14.6,35.6
2022-23,pre-season,NYK,4,3,1,48.0,22.5,17.3,15.8,53.0,17.8,9.8,17.5,45.5
2022-23,pre-season,TOR,5,3,2,50.0,19.0,15.0,19.6,58.0,17.6,13.6,16.0,45.2
2022-23,pre-season,ATL,4,2,2,48.0,20.3,9.3,6.8,39.5,12.3,15.0,11.3,42.5
2022-23,pre-season,BOS,4,2,2,50.5,12.5,15.0,15.5,43.5,21.3,19.5,15.3,60.0
2022-23,pre-season,BKN,4,2,2,48.0,20.3,10.8,16.0,41.5,24.8,15.0,15.8,46.0
2022-23,pre-season,DAL,3,2,1,48.0,18.3,8.3,11.3,36.7,16.7,16.7,10.0,50.7
2022-23,pre-season,IND,4,2,2,48.0,22.0,13.5,21.0,57.5,18.8,14.5,14.0,43.5
2022-23,pre-season,LAC,4,2,2,48.0,22.8,9.8,15.3,38.5,20.8,9.8,16.0,49.0
2022-23,pre-season,-,2,1,1,48.0,17.5,12.5,12.0,37.0,25.0,22.0,12.5,53.0
2022-23,pre-season,CLE,4,1,3,48.0,15.5,9.3,13.3,46.0,17.8,15.8,9.8,42.5
2022-23,pre-season,LAL,6,1,5,48.0,12.2,11.3,12.2,37.7,22.7,13.5,14.3,51.0
2022-23,pre-season,PHX,4,1,3,48.0,23.3,15.8,11.8,48.0,17.5,13.5,12.0,37.0
2022-23,pre-season,POR,5,1,4,48.0,19.2,13.6,14.6,45.6,25.0,15.2,16.0,38.0
2022-23,pre-season,SAS,5,1,4,48.0,18.6,11.2,16.4,44.4,23.0,14.2,15.0,53.6
2022-23,pre-season,UTA,4,1,3,48.0,19.0,16.8,13.8,50.0,22.0,14.5,17.5,44.5
2022-23,pre-season,WAS,4,1,3,48.0,17.5,11.3,12.3,40.0,17.3,17.8,13.3,47.5
2022-23,pre-season,CHA,5,0,5,48.0,18.2,15.2,16.4,50.8,17.6,15.2,17.6,49.6
2022-23,pre-season,DET,4,0,4,48.0,17.8,14.0,13.0,40.0,22.5,9.5,17.0,63.5
2022-23,pre-season,-,3,0,3,48.0,20.7,8.7,10.0,28.0,18.7,18.3,26.0,55.3
2022-23,pre-season,MIL,5,0,5,48.0,14.8,16.0,7.8,36.0,24.2,11.2,14.2,51.2
2022-23,regular-season,MIL,82,58,24,48.4,13.7,14.3,13.1,46.0,16.5,13.4,13.0,49.6
2022-23,regular-season,BOS,82,57,25,48.7,15.9,12.7,14.0,46.4,15.4,12.7,13.2,48.9
2022-23,regular-season,PHI,82,54,28,48.5,17.7,11.3,14.7,47.9,16.5,12.7,15.5,48.1
2022-23,regular-season,DEN,82,53,29,48.2,15.9,13.0,16.2,55.0,17.4,13.4,13.7,52.5
2022-23,regular-season,CLE,82,51,31,48.5,19.4,12.5,12.7,52.8,15.5,12.1,12.7,46.3
2022-23,regular-season,MEM,82,51,31,48.2,17.7,15.3,18.0,58.4,15.6,14.5,13.8,47.5
2022-23,regular-season,SAC,82,48,34,48.4,17.6,13.3,14.9,52.3,16.3,12.7,11.5,53.5
2022-23,regular-season,NYK,82,47,35,48.7,15.6,16.2,12.8,52.1,15.3,13.3,12.7,45.9
2022-23,regular-season,BKN,82,45,37,48.1,16.4,11.0,14.7,44.0,16.8,14.6,13.3,50.1
2022-23,regular-season,PHX,82,45,37,48.2,17.1,14.8,10.5,46.0,16.1,13.9,13.2,48.6
2022-23,regular-season,GSW,82,44,38,48.4,17.6,13.6,14.5,44.9,19.4,13.3,14.1,49.8
2022-23,regular-season,LAC,82,44,38,48.4,16.0,11.8,12.9,45.5,18.1,13.3,14.6,51.1
2022-23,regular-season,MIA,82,44,38,48.3,18.2,12.9,11.5,46.4,15.9,12.0,12.5,46.2
2022-23,regular-season,LAL,82,43,39,48.5,14.0,13.5,16.7,54.5,17.0,13.9,15.4,52.8
2022-23,regular-season,MIN,82,42,40,48.4,18.0,12.3,14.7,54.3,17.7,13.7,14.4,50.8
2022-23,regular-season,NOP,82,42,40,48.4,18.2,13.8,14.7,53.4,18.0,13.4,13.9,49.5
2022-23,regular-season,ATL,82,41,41,48.4,17.0,14.3,13.4,54.3,15.7,14.1,15.4,54.7
2022-23,regular-season,TOR,82,41,41,48.3,21.0,16.4,17.8,52.9,14.5,11.4,15.1,49.1
2022-23,regular-season,CHI,82,40,42,48.5,18.3,10.6,14.0,48.4,15.6,11.9,12.9,46.9
2022-23,regular-season,OKC,82,40,42,48.4,20.6,13.9,14.6,55.2,14.8,15.5,11.9,50.7
2022-23,regular-season,DAL,82,38,44,48.6,16.0,10.9,11.0,42.8,15.0,14.5,13.3,51.1
2022-23,regular-season,UTA,82,37,45,48.3,15.3,15.9,12.0,53.1,18.7,15.2,16.8,53.0
2022-23,regular-season,IND,82,35,47,48.2,17.2,13.7,18.1,49.6,18.4,15.4,15.0,53.7
2022-23,regular-season,WAS,82,35,47,48.2,14.8,13.4,11.9,51.2,17.0,14.3,13.7,51.5
2022-23,regular-season,ORL,82,34,48,48.2,17.5,14.2,12.8,50.0,18.2,13.5,14.4,47.6
2022-23,regular-season,POR,82,33,49,48.1,16.3,11.8,14.2,47.7,17.8,13.6,15.3,53.3
2022-23,regular-season,CHA,82,27,55,48.4,17.3,14.2,15.3,53.0,16.9,14.3,12.2,52.8
2022-23,regular-season,HOU,82,22,60,48.2,15.6,16.7,12.9,54.9,20.6,13.0,17.5,49.0
2022-23,regular-season,SAS,82,22,60,48.4,15.8,15.8,13.5,55.6,19.0,14.7,15.3,56.7
2022-23,regular-season,DET,82,17,65,48.3,16.0,14.9,11.7,46.5,18.1,14.8,13.5,54.0
2022-23,playoffs,DEN,20,16,4,48.3,14.0,12.3,15.9,51.8,13.3,10.4,13.8,46.3
2022-23,playoffs,MIA,23,13,10,48.2,17.8,11.6,10.7,43.0,15.7,12.9,12.1,46.5
2022-23,playoffs,BOS,20,11,9,48.3,15.7,13.1,14.3,47.4,15.7,13.8,11.1,42.1
2022-23,playoffs,LAL,16,8,8,48.3,15.9,13.9,15.9,50.9,13.9,13.7,14.7,46.4
2022-23,playoffs,PHI,11,7,4,48.5,15.1,15.1,11.2,40.2,14.3,9.3,13.5,39.5
2022-23,playoffs,GSW,13,6,7,48.0,14.6,15.3,10.9,44.5,15.3,14.4,13.4,48.0
2022-23,playoffs,NYK,11,6,5,48.0,14.9,14.4,12.2,43.1,17.9,12.1,9.7,42.5
2022-23,playoffs,PHX,11,6,5,48.0,14.4,11.2,18.3,46.4,14.2,15.6,14.9,52.9
2022-23,playoffs,SAC,7,3,4,48.0,15.4,17.3,13.4,48.3,14.0,16.1,9.9,44.6
2022-23,playoffs,ATL,6,2,4,48.0,15.7,17.5,10.3,47.0,13.8,12.0,15.2,54.7
2022-23,playoffs,MEM,6,2,4,48.8,15.3,14.0,15.5,49.0,17.2,17.3,19.2,53.0
2022-23,playoffs,CLE,5,1,4,48.0,15.2,11.0,11.0,43.2,22.2,18.2,15.6,46.4
2022-23,playoffs,LAC,5,1,4,48.0,14.4,18.4,13.2,50.0,18.2,14.0,17.0,46.8
2022-23,playoffs,MIL,5,1,4,49.0,19.0,13.2,12.2,47.2,20.6,10.2,14.4,48.8
2022-23,playoffs,MIN,5,1,4,49.0,15.0,9.4,10.8,48.8,16.8,12.4,16.4,51.6
2022-23,playoffs,BKN,4,0,4,48.0,16.8,5.5,11.8,35.5,17.5,20.0,9.8,45.0
2022-23,all-star,-,1,1,0,44.1,13.0,14.0,33.0,88.0,20.0,15.0,27.0,118.0
2022-23,all-star,-,1,0,1,44.1,20.0,15.0,27.0,118.0,13.0,14.0,33.0,88.0
2022-23,play-in,ATL,1,1,0,48.0,13.0,26.0,17.0,64.0,12.0,6.0,12.0,46.0
2022-23,play-in,CHI,2,1,1,48.0,14.0,9.5,11.5,44.0,15.0,16.0,8.5,37.0
2022-23,play-in,LAL,1,1,0,53.0,30.0,18.0,15.0,54.0,19.0,6.0,12.0,36.0
2022-23,play-in,MIA,2,1,1,48.0,12.5,8.0,10.5,40.0,9.5,18.5,13.0,50.0
2022-23,play-in,MIN,2,1,1,50.5,17.5,8.5,10.5,47.0,22.5,18.0,11.5,42.0
2022-23,play-in,OKC,2,1,1,48.0,18.0,21.0,10.5,44.0,13.5,17.0,9.5,55.0
2022-23,play-in,NOP,1,0,1,48.0,11.0,23.0,10.0,52.0,21.0,24.0,13.0,58.0
2022-23,play-in,TOR,1,0,1,48.0,17.0,22.0,8.0,40.0,22.0,8.0,14.0,52.0
2023-24,pre-season,MIN,5,5,0,48.0,19.8,18.4,14.0,51.2,19.4,10.6,14.4,37.6
2023-24,pre-season,BOS,5,4,1,48.0,21.4,17.0,15.6,45.6,19.2,14.4,15.6,42.8
2023-24,pre-season,GSW,5,4,1,47.7,17.4,15.8,9.6,42.4,20.8,12.8,16.0,49.6
2023-24,pre-season,HOU,5,4,1,48.0,22.2,14.0,14.0,49.2,14.8,15.0,8.6,39.2
2023-24,pre-season,PHX,5,4,1,49.0,23.8,13.4,13.2,49.2,22.6,11.6,16.2,47.6
2023-24,pre-season,TOR,4,4,0,48.0,25.3,19.0,25.3,57.5,21.8,11.5,15.8,53.5
2023-24,pre-season,ATL,5,3,2,48.0,20.6,12.6,16.8,48.4,24.8,8.4,19.2,44.4
2023-24,pre-season,DEN,5,3,2,50.0,18.6,12.2,14.4,47.6,18.0,14.4,12.8,50.4
2023-24,pre-season,MIL,5,3,2,48.0,19.6,14.6,11.4,44.4,15.6,13.4,16.2,43.2
2023-24,pre-season,ORL,4,3,1,48.0,24.0,13.3,15.8,43.5,17.5,12.5,15.0,41.0
2023-24,pre-season,SAS,5,3,2,48.0,20.0,16.0,14.2,46.4,18.4,18.8,8.4,43.6
2023-24,pre-season,UTA,5,3,2,48.0,17.0,15.4,18.2,53.2,21.0,13.2,17.2,46.0
2023-24,pre-season,WAS,4,3,1,48.0,25.0,7.3,16.5,49.5,11.5,18.0,13.5,51.0
2023-24,pre-season,BKN,4,2,2,48.0,15.8,18.3,16.8,41.0,24.0,14.5,17.3,46.5
2023-24,pre-season,DET,4,2,2,49.3,15.8,12.3,13.0,49.0,24.0,7.3,14.3,45.0
2023-24,pre-season,IND,4,2,2,49.3,19.8,14.5,19.8,45.0,21.0,14.3,14.3,60.5
2023-24,pre-season,LAC,4,2,2,48.0,15.3,15.5,20.5,51.0,19.0,16.3,15.0,50.5
2023-24,pre-season,LAL,6,2,4,46.9,19.8,9.2,13.5,41.7,21.5,13.2,13.7,44.7
2023-24,pre-season,MEM,5,2,3,49.0,17.6,12.8,13.4,48.0,18.6,16.2,17.2,52.4
2023-24,pre-season,MIA,5,2,3,48.0,16.2,16.6,13.8,46.8,22.0,12.4,14.4,40.0
2023-24,pre-season,OKC,5,2,3,48.0,22.6,11.4,15.4,51.6,14.4,14.2,11.8,47.2
2023-24,pre-season,PHI,4,2,2,48.0,26.0,16.0,17.5,44.5,17.8,14.0,19.5,40.0
2023-24,pre-season,CHA,4,1,3,48.0,15.5,15.8,18.0,53.0,20.8,17.0,15.8,49.0
2023-24,pre-season,CHI,5,1,4,50.0,21.0,14.0,12.8,46.0,20.2,10.6,14.0,44.4
2023-24,pre-season,CLE,4,1,3,48.0,20.8,11.5,16.8,45.5,23.8,9.0,14.0,44.0
2023-24,pre-season,DAL,4,1,3,48.0,20.3,12.8,16.3,40.5,15.3,17.8,14.5,49.5
2023-24,pre-season,NOP,4,1,3,48.0,20.5,14.3,13.3,44.0,23.5,16.3,22.3,50.0
2023-24,pre-season,NYK,4,1,3,48.0,18.8,12.3,14.0,43.0,23.8,16.5,9.3,42.0
2023-24,pre-season,POR,4,1,3,48.0,26.5,14.0,19.5,50.5,19.8,12.5,18.3,48.5
2023-24,pre-season,-,1,1,0,48.0,13.0,18.0,12.0,42.0,23.0,20.0,18.0,52.0
2023-24,pre-season,SAC,5,1,4,49.0,20.4,10.8,16.0,48.0,19.8,12.6,13.2,48.0
2023-24,pre-season,-,2,0,2,48.0,21.0,8.5,13.0,35.0,20.0,16.0,23.0,49.0
2023-24,pre-season,-,1,0,1,48.0,19.0,6.0,15.0,30.0,27.0,9.0,16.0,44.0
2023-24,pre-season,-,3,0,3,48.0,13.7,10.3,12.0,38.7,17.0,22.3,18.3,55.3
2023-24,pre-season,-,2,0,2,48.0,16.0,13.5,10.0,48.0,31.0,13.0,29.0,65.0
2023-24,regular-season,BOS,82,64,18,48.4,15.5,14.5,15.3,47.0,13.3,13.6,13.0,47.7
2023-24,regular-season,DEN,82,57,25,48.1,15.5,13.6,14.3,53.5,15.9,13.2,13.5,50.3
2023-24,regular-season,OKC,82,57,25,48.3,20.5,11.8,15.8,52.5,14.8,15.3,12.5,47.0
2023-24,regular-season,MIN,82,56,26,48.3,17.0,13.5,12.4,50.8,16.3,12.7,13.2,46.1
2023-24,regular-season,LAC,82,51,31,48.1,16.2,12.7,14.8,50.4,15.7,14.0,14.9,49.7
2023-24,regular-season,DAL,82,50,32,48.1,16.5,13.4,15.8,47.4,15.1,14.3,15.7,51.0
2023-24,regular-season,NYK,82,50,32,48.1,16.7,16.3,14.7,48.9,14.9,12.3,13.8,46.9
2023-24,regular-season,MIL,82,49,33,48.3,14.5,13.1,12.7,47.2,15.0,13.7,13.6,51.0
2023-24,regular-season,NOP,82,49,33,48.1,17.6,14.0,15.1,51.3,15.6,12.8,13.6,46.6
2023-24,regular-season,PHX,82,49,33,48.2,15.8,12.9,13.3,46.9,18.2,14.0,14.4,49.7
2023-24,regular-season,CLE,82,48,34,48.3,16.6,13.6,14.8,50.1,17.4,12.9,14.3,46.5
2023-24,regular-season,IND,82,47,35,48.1,17.7,14.9,16.6,57.9,15.8,14.8,13.7,58.4
2023-24,regular-season,LAL,82,47,35,48.4,16.3,10.5,17.0,55.6,17.0,14.9,16.2,51.3
2023-24,regular-season,ORL,82,47,35,48.2,18.6,14.4,12.4,51.8,16.4,12.1,14.5,47.5
2023-24,regular-season,PHI,82,47,35,48.2,17.7,15.0,15.8,50.3,14.4,13.6,15.4,50.1
2023-24,regular-season,GSW,82,46,36,48.4,16.1,15.7,12.4,48.6,17.2,13.4,14.9,49.7
2023-24,regular-season,MIA,82,46,36,48.2,16.5,11.5,12.8,47.2,15.8,13.2,13.0,46.4
2023-24,regular-season,SAC,82,46,36,48.4,16.5,14.6,14.3,50.9,16.5,10.9,11.8,48.9
2023-24,regular-season,HOU,82,41,41,48.4,16.4,14.6,15.8,50.0,14.9,13.8,11.7,48.7
2023-24,regular-season,CHI,82,39,43,48.7,17.2,13.6,12.5,48.4,15.2,13.8,13.3,45.4
2023-24,regular-season,ATL,82,36,46,48.4,17.1,15.8,13.4,50.2,16.7,13.7,16.6,53.7
2023-24,regular-season,BKN,82,32,50,48.3,14.9,14.3,13.3,47.6,15.4,14.0,15.6,48.3
2023-24,regular-season,UTA,82,31,51,48.3,14.9,16.5,13.8,53.3,19.3,14.4,18.4,51.8
2023-24,regular-season,MEM,82,27,55,48.2,17.4,13.4,11.6,46.0,18.5,14.0,15.1,48.1
2023-24,regular-season,TOR,82,25,57,48.3,16.2,13.9,18.7,54.0,17.2,15.6,14.5,54.3
2023-24,regular-season,SAS,82,22,60,48.4,15.4,12.7,15.6,51.4,18.6,14.2,14.5,54.8
2023-24,regular-season,CHA,82,21,61,48.1,15.2,12.1,12.5,47.9,17.1,14.1,13.8,52.5
2023-24,regular-season,POR,82,21,61,48.5,15.8,16.1,12.7,46.9,19.1,14.2,17.0,53.5
2023-24,regular-season,WAS,82,15,67,48.1,17.2,11.4,17.6,54.8,17.1,16.4,15.1,58.4
2023-24,regular-season,DET,82,14,68,48.2,14.5,13.2,14.3,50.0,19.6,13.9,14.2,54.5
2023-24,playoffs,BOS,19,16,3,48.3,14.7,11.0,11.6,42.4,13.4,9.5,9.8,47.6
2023-24,playoffs,DAL,22,13,9,48.0,15.1,13.3,11.7,45.9,14.8,10.9,11.7,41.5
2023-24,playoffs,MIN,16,9,7,48.0,14.9,13.0,11.4,46.1,15.7,9.6,10.9,44.0
2023-24,playoffs,IND,17,8,9,48.6,14.2,13.3,12.9,51.3,13.7,14.7,11.1,47.1
2023-24,playoffs,DEN,12,7,5,48.0,12.7,11.1,12.2,48.5,14.7,10.8,14.3,50.0
2023-24,playoffs,NYK,13,7,6,48.4,13.5,17.8,14.4,45.8,15.1,12.7,12.9,46.8
2023-24,playoffs,OKC,10,6,4,48.0,19.3,10.2,14.3,42.8,11.5,16.0,10.2,41.2
2023-24,playoffs,CLE,12,5,7,48.0,14.7,8.7,12.7,47.8,12.8,13.2,12.7,39.8
2023-24,playoffs,ORL,7,3,4,48.0,15.1,14.7,13.1,37.7,14.9,9.4,14.0,48.3
2023-24,playoffs,LAC,6,2,4,48.0,13.8,12.0,12.7,42.0,18.0,13.8,15.5,43.3
2023-24,playoffs,MIL,6,2,4,48.8,10.8,13.0,6.3,43.7,12.5,13.7,11.8,46.0
2023-24,playoffs,PHI,6,2,4,48.8,14.5,12.2,11.7,36.3,13.5,19.2,15.7,43.0
2023-24,playoffs,LAL,5,1,4,48.0,13.4,10.0,15.4,57.2,10.8,13.4,15.0,55.2
2023-24,playoffs,MIA,5,1,4,48.0,13.2,5.2,7.4,41.6,16.2,11.8,8.8,40.8
2023-24,playoffs,NOP,4,0,4,48.0,9.3,15.8,9.8,39.0,19.8,8.5,17.8,44.0
2023-24,playoffs,PHX,4,0,4,48.0,16.8,10.0,12.0,39.5,19.8,17.3,9.5,50.5
2023-24,all-star,-,1,1,0,48.0,19.0,21.0,48.0,74.0,28.0,20.0,43.0,100.0
2023-24,all-star,-,1,0,1,48.0,28.0,20.0,43.0,100.0,19.0,21.0,48.0,74.0
2023-24,play-in,CHI,2,1,1,48.0,11.0,11.0,13.0,54.0,15.5,13.5,17.0,40.0
2023-24,play-in,LAL,1,1,0,48.0,12.0,8.0,19.0,36.0,5.0,11.0,23.0,60.0
2023-24,play-in,MIA,2,1,1,48.0,19.5,17.0,16.5,41.0,13.5,13.0,9.0,39.0
2023-24,play-in,NOP,2,1,1,48.0,11.5,11.0,18.5,59.0,14.5,12.5,17.5,40.0
2023-24,play-in,PHI,1,1,0,48.0,16.0,15.0,11.0,42.0,22.0,20.0,13.0,46.0
2023-24,play-in,SAC,2,1,1,48.0,18.5,21.0,14.0,42.0,15.0,10.0,10.0,49.0
2023-24,play-in,ATL,1,0,1,48.0,14.0,13.0,14.0,44.0,11.0,11.0,19.0,72.0
2023-24,play-in,GSW,1,0,1,48.0,12.0,9.0,6.0,40.0,20.0,25.0,12.0,40.0
2023-24,ist,LAL,7,7,0,48.0,17.9,13.3,21.6,58.6,17.0,18.1,16.0,44.9
2023-24,ist,IND,7,6,1,48.0,17.0,16.3,16.3,56.6,13.4,14.7,17.3,66.6
2023-24,ist,MIL,6,5,1,48.0,12.0,12.5,10.7,51.3,13.0,15.0,12.0,57.3
2023-24,ist,NOP,6,4,2,48.0,14.8,13.7,17.5,51.7,16.2,14.7,15.7,48.0
2023-24,ist,SAC,5,4,1,48.0,19.8,15.6,12.8,48.4,17.2,12.0,10.0,47.6
2023-24,ist,BOS,5,3,2,48.0,15.4,16.6,13.6,42.8,12.8,10.4,12.4,46.4
2023-24,ist,BKN,4,3,1,48.0,13.8,7.8,19.8,45.0,17.5,16.8,9.8,36.5
2023-24,ist,CLE,4,3,1,49.3,18.5,10.3,16.3,62.5,17.0,18.5,18.3,45.5
2023-24,ist,MIN,4,3,1,48.0,15.3,16.0,7.8,40.0,21.5,14.3,11.0,42.5
2023-24,ist,NYK,5,3,2,48.0,16.0,16.4,11.8,48.8,17.6,12.2,11.8,41.2
2023-24,ist,ORL,4,3,1,48.0,21.5,20.3,11.0,54.0,21.0,6.8,14.8,40.5
2023-24,ist,PHX,5,3,2,48.0,16.6,14.0,16.2,48.8,16.0,16.2,12.0,48.4
2023-24,ist,DAL,4,2,2,48.0,17.8,16.8,11.5,45.0,19.0,18.5,23.0,61.5
2023-24,ist,DEN,4,2,2,48.0,14.8,16.0,12.5,57.0,17.3,9.5,12.8,44.5
2023-24,ist,GSW,4,2,2,48.0,21.3,13.0,9.8,37.5,24.5,14.0,10.3,49.0
2023-24,ist,HOU,4,2,2,48.0,16.5,13.8,13.0,49.0,16.8,15.3,6.5,40.5
2023-24,ist,MIA,4,2,2,48.0,18.8,11.0,12.3,53.5,14.8,10.3,14.0,53.0
2023-24,ist,PHI,4,2,2,49.3,17.5,16.0,19.5,53.5,14.3,14.0,16.8,57.0
2023-24,ist,UTA,4,2,2,48.0,18.3,16.5,12.8,49.5,17.8,13.5,13.3,51.5
2023-24,ist,ATL,4,1,3,48.0,18.8,17.5,17.0,52.0,16.0,17.5,17.3,61.5
2023-24,ist,CHA,4,1,3,48.0,15.0,17.8,11.0,51.0,17.5,12.3,13.3,49.5
2023-24,ist,LAC,4,1,3,48.0,19.3,15.0,14.0,45.0,13.8,14.3,14.5,53.0
2023-24,ist,OKC,4,1,3,48.0,20.5,8.8,14.5,54.0,19.5,20.3,8.0,41.0
2023-24,ist,POR,4,1,3,49.3,17.5,20.8,14.0,44.0,20.3,12.5,23.0,59.0
2023-24,ist,TOR,4,1,3,48.0,15.8,10.3,11.0,43.5,17.5,14.8,15.3,51.0
2023-24,ist,CHI,4,0,4,48.0,17.8,8.5,8.5,41.5,17.8,13.5,13.0,48.5
2023-24,ist,DET,4,0,4,48.0,12.8,15.5,17.5,56.5,20.5,13.0,15.0,53.0
2023-24,ist,MEM,4,0,4,49.3,17.8,14.3,14.3,48.5,19.8,15.8,16.3,44.0
2023-24,ist,SAS,4,0,4,48.0,23.3,15.5,10.0,44.0,18.8,10.3,16.0,47.5
2023-24,ist,WAS,4,0,4,48.0,14.8,8.3,13.8,55.5,13.8,17.8,8.8,61.5
2024-25,pre-season,GSW,6,6,0,48.0,24.5,11.7,20.8,41.3,17.8,13.8,14.2,42.7
2024-25,pre-season,BOS,5,4,1,48.0,22.6,16.2,17.6,41.6,13.0,15.8,18.2,50.4
2024-25,pre-season,LAC,5,4,1,48.0,26.0,11.0,21.4,51.2,21.8,15.8,18.4,39.2
2024-25,pre-season,MIA,5,4,1,48.0,27.6,14.2,25.4,52.0,20.8,10.6,15.2,44.8
2024-25,pre-season,NYK,5,4,1,48.0,17.4,13.8,14.0,46.0,14.0,9.8,12.2,40.8
2024-25,pre-season,OKC,5,4,1,49.0,25.6,12.8,16.6,48.8,12.2,13.0,11.8,39.2
2024-25,pre-season,UTA,6,4,2,48.0,15.3,16.5,12.3,44.0,26.7,14.5,20.8,57.0
2024-25,pre-season,CHI,5,3,2,49.0,21.6,14.2,20.2,48.8,16.6,13.8,20.6,51.6
2024-25,pre-season,DET,5,3,2,48.0,19.2,11.0,20.4,48.8,18.6,12.0,17.6,33.6
2024-25,pre-season,HOU,4,3,1,49.3,15.8,17.5,17.5,55.5,16.0,9.3,12.0,47.0
2024-25,pre-season,MEM,5,3,2,48.0,21.8,18.6,17.2,45.6,25.4,11.4,21.6,48.4
2024-25,pre-season,PHI,6,3,3,48.0,23.3,13.0,20.2,49.3,17.5,16.3,13.5,44.7
2024-25,pre-season,PHX,5,3,2,49.0,17.2,9.4,18.2,41.2,14.2,13.8,17.6,52.4
2024-25,pre-season,POR,4,3,1,48.0,26.3,17.8,20.5,59.0,21.3,14.5,18.0,39.5
2024-25,pre-season,TOR,5,3,2,48.0,15.4,20.2,21.4,57.2,19.4,15.4,11.2,36.8
2024-25,pre-season,CHA,5,2,3,49.0,21.4,11.4,16.8,40.8,26.2,16.6,17.6,44.8
2024-25,pre-season,IND,4,2,2,49.3,23.0,18.3,15.0,59.0,23.3,11.3,18.3,54.0
2024-25,pre-season,LAL,6,2,4,48.8,15.5,12.3,15.2,46.7,24.5,12.0,24.0,54.3
2024-25,pre-season,MIN,5,2,3,48.0,20.6,16.8,17.0,50.0,17.2,8.2,17.8,44.0
2024-25,pre-season,SAS,5,2,3,48.0,19.4,9.6,18.6,54.0,18.8,17.6,13.8,49.2
2024-25,pre-season,WAS,5,2,3,48.0,13.0,13.0,8.8,43.2,21.6,18.8,16.6,55.2
2024-25,pre-season,ATL,4,1,3,48.0,21.5,13.0,14.5,45.5,23.8,15.8,22.3,52.5
2024-25,pre-season,BKN,4,1,3,48.0,22.3,16.3,18.5,46.5,19.8,13.8,19.3,53.0
2024-25,pre-season,DAL,4,1,3,48.0,25.5,12.5,24.3,50.5,22.3,16.8,20.5,47.5
2024-25,pre-season,DEN,5,1,4,48.0,17.2,15.2,13.4,47.6,26.2,13.2,19.4,44.8
2024-25,pre-season,MIL,4,1,3,48.0,16.5,9.3,18.3,35.0,19.5,15.5,20.3,49.0
2024-25,pre-season,NOP,3,1,2,48.0,19.3,5.7,16.0,40.0,19.7,15.7,20.7,50.7
2024-25,pre-season,ORL,3,1,2,48.0,18.3,13.3,12.3,44.0,27.0,14.0,18.0,44.0
2024-25,pre-season,CLE,4,0,4,49.3,18.5,13.0,20.0,53.0,24.8,15.5,22.3,55.0
2024-25,pre-season,-,3,0,3,48.0,12.0,11.3,10.7,33.3,23.3,15.3,18.3,59.3
2024-25,pre-season,-,1,0,1,48.0,29.0,11.0,14.0,18.0,24.0,17.0,28.0,78.0
2024-25,pre-season,SAC,5,0,5,48.0,24.8,17.2,18.6,47.6,23.2,9.2,14.2,39.6
2024-25,regular-season,OKC,82,68,14,48.1,21.8,14.8,16.1,51.1,12.7,15.0,12.3,42.5
2024-25,regular-season,CLE,82,64,18,48.2,18.9,13.9,14.9,51.3,15.9,14.0,15.3,47.2
2024-25,regular-season,BOS,82,61,21,48.4,15.5,14.2,11.9,41.2,13.2,12.8,13.6,46.2
2024-25,regular-season,HOU,82,52,30,48.2,17.6,18.1,17.0,51.5,15.8,13.7,13.8,49.8
2024-25,regular-season,NYK,82,51,31,48.5,19.4,14.3,15.7,52.5,15.7,12.8,14.5,50.2
2024-25,regular-season,DEN,82,50,32,48.4,16.9,14.4,20.1,58.5,17.8,14.8,16.6,51.1
2024-25,regular-season,IND,82,50,32,48.4,18.3,11.2,17.5,51.0,15.9,13.8,13.2,51.8
2024-25,regular-season,LAC,82,50,32,48.3,19.3,12.9,15.7,51.4,17.4,12.3,15.1,46.5
2024-25,regular-season,LAL,82,50,32,48.1,16.3,12.3,15.1,48.1,16.9,14.5,16.9,49.4
2024-25,regular-season,MIN,82,49,33,48.4,17.6,15.1,13.6,47.2,17.4,13.5,14.2,48.0
2024-25,regular-season,GSW,82,48,34,48.1,19.7,15.6,14.5,44.9,16.4,12.8,14.2,45.7
2024-25,regular-season,MEM,82,48,34,48.1,18.5,16.3,16.7,56.0,19.7,14.9,16.5,48.2
2024-25,regular-season,MIL,82,48,34,48.2,15.5,11.5,13.5,44.3,16.8,13.6,15.2,47.0
2024-25,regular-season,DET,82,44,38,48.3,19.0,14.9,18.5,52.9,17.8,14.5,14.5,46.3
2024-25,regular-season,ORL,82,41,41,48.1,19.0,14.0,13.8,45.8,17.3,11.9,13.9,45.7
2024-25,regular-season,ATL,82,40,42,48.2,19.1,14.6,17.2,55.2,19.3,13.7,16.5,50.5
2024-25,regular-season,SAC,82,40,42,48.5,17.4,14.4,14.3,48.0,16.7,13.1,13.3,47.4
2024-25,regular-season,CHI,82,39,43,48.2,15.4,13.0,18.5,50.8,18.1,14.9,14.6,54.0
2024-25,regular-season,DAL,82,39,43,48.1,17.0,13.8,15.1,51.0,17.3,15.3,15.5,52.8
2024-25,regular-season,MIA,82,37,45,48.6,16.4,12.0,14.3,47.1,16.4,12.9,15.2,48.9
2024-25,regular-season,PHX,82,36,46,48.4,15.7,12.4,12.7,42.2,17.9,14.0,17.1,49.4
2024-25,regular-season,POR,82,36,46,48.2,17.8,16.6,15.8,48.9,19.2,14.7,17.5,48.5
2024-25,regular-season,SAS,82,34,48,48.1,17.1,12.6,16.2,47.9,17.4,15.8,15.5,50.5
2024-25,regular-season,TOR,82,30,52,48.3,18.5,15.6,18.1,53.4,18.3,14.7,16.2,49.9
2024-25,regular-season,BKN,82,26,56,48.2,17.1,13.0,14.3,43.5,19.0,13.3,16.1,49.6
2024-25,regular-season,PHI,82,24,58,48.3,18.6,13.0,15.7,46.8,16.8,15.1,16.1,50.5
2024-25,regular-season,NOP,82,21,61,48.2,16.5,15.6,16.4,49.9,18.9,16.2,18.0,52.3
2024-25,regular-season,CHA,82,19,63,48.2,14.7,16.3,11.8,45.0,19.5,13.6,16.6,47.9
2024-25,regular-season,WAS,82,18,64,48.1,15.1,12.9,16.0,46.2,19.7,16.3,17.4,51.4
2024-25,regular-season,UTA,82,17,65,48.3,13.4,14.9,14.0,47.9,21.8,15.7,19.4,52.4
2024-25,playoffs,OKC,23,16,7,48.2,22.7,13.7,15.5,48.6,13.2,14.8,10.2,39.7
2024-25,playoffs,IND,23,15,8,48.4,17.3,12.0,14.6,42.3,14.8,15.5,9.7,46.9
2024-25,playoffs,NYK,18,10,8,48.6,14.5,17.0,11.6,47.1,18.3,15.6,15.2,41.6
2024-25,playoffs,MIN,15,9,6,48.0,17.7,16.3,12.5,48.3,16.2,14.1,10.7,43.1
2024-25,playoffs,DEN,14,7,7,48.7,12.4,15.6,12.6,44.7,19.7,13.5,17.9,51.9
2024-25,playoffs,BOS,11,6,5,48.5,15.4,14.9,11.2,37.5,15.1,15.6,11.3,42.4
2024-25,playoffs,CLE,9,5,4,48.0,17.7,18.2,12.0,49.3,14.3,11.8,12.3,44.0
2024-25,playoffs,GSW,12,5,7,48.0,15.9,14.7,11.3,39.7,17.7,14.0,11.7,49.5
2024-25,playoffs,HOU,7,3,4,48.0,17.3,14.4,10.1,46.9,15.6,13.9,12.4,36.3
2024-25,playoffs,LAC,7,3,4,48.7,15.6,12.4,15.4,53.4,13.3,15.7,14.0,50.3
2024-25,playoffs,DET,6,2,4,48.0,16.3,16.0,17.2,45.3,17.2,16.8,15.0,46.7
2024-25,playoffs,LAL,5,1,4,48.0,10.6,13.8,9.6,34.8,18.8,18.8,16.0,50.0
2024-25,playoffs,MIL,5,1,4,49.0,11.8,13.0,9.2,40.8,13.4,9.4,15.0,42.4
2024-25,playoffs,ORL,5,1,4,48.0,13.8,13.2,10.6,40.4,15.4,12.6,11.8,40.0
2024-25,playoffs,MEM,4,0,4,48.0,10.0,13.3,7.5,43.0,26.3,13.8,19.8,52.0
2024-25,playoffs,MIA,4,0,4,48.0,10.0,13.8,11.0,39.5,19.8,16.8,13.0,45.5
2024-25,all-star,-,2,2,0,11.8,10.5,5.0,13.5,18.0,6.0,4.0,7.5,20.0
2024-25,all-star,-,2,1,1,10.4,6.0,2.0,9.5,22.0,10.5,4.0,6.0,14.0
2024-25,all-star,-,1,0,1,12.9,6.0,4.0,8.0,22.0,9.0,5.0,17.0,22.0
2024-25,all-star,-,1,0,1,10.1,9.0,3.0,2.0,14.0,6.0,0.0,12.0,26.0
2024-25,play-in,MIA,2,2,0,50.5,22.0,17.0,14.0,52.0,17.0,11.5,17.5,48.0
2024-25,play-in,DAL,2,1,1,48.0,16.0,9.5,14.5,42.0,19.5,14.0,17.0,50.0
2024-25,play-in,GSW,1,1,0,48.0,27.0,19.0,11.0,42.0,12.0,26.0,11.0,48.0
2024-25,play-in,MEM,2,1,1,48.0,18.0,20.5,15.0,54.0,20.5,17.0,13.0,43.0
2024-25,play-in,ORL,1,1,0,48.0,12.0,26.0,19.0,58.0,11.0,15.0,4.0,52.0
2024-25,play-in,ATL,2,0,2,50.5,16.0,14.5,13.0,54.0,15.0,21.5,16.5,53.0
2024-25,play-in,CHI,1,0,1,48.0,13.0,9.0,13.0,40.0,26.0,17.0,14.0,56.0
2024-25,play-in,SAC,1,0,1,48.0,15.0,13.0,15.0,40.0,18.0,4.0,14.0,40.0
2024-25,ist,MIL,7,7,0,48.0,18.0,8.9,15.4,36.0,19.4,10.7,15.3,46.3
2024-25,ist,OKC,7,5,2,48.0,23.9,14.0,15.3,42.0,11.3,13.4,10.6,35.4
2024-25,ist,ATL,6,4,2,48.0,17.8,14.8,16.0,60.0,17.3,9.3,16.7,46.7
2024-25,ist,HOU,6,4,2,48.8,19.2,15.7,18.8,47.0,17.2,16.0,9.5,46.0
2024-25,ist,NYK,5,4,1,48.0,21.4,13.2,12.2,49.2,20.6,13.8,12.8,42.0
2024-25,ist,BOS,4,3,1,48.0,11.8,10.5,10.8,37.0,16.5,13.8,16.0,58.0
2024-25,ist,DAL,5,3,2,48.0,21.8,13.8,20.2,54.8,23.8,15.0,12.6,47.2
2024-25,ist,DET,4,3,1,49.3,19.3,15.8,16.8,51.5,19.8,11.8,16.8,44.5
2024-25,ist,GSW,5,3,2,48.0,17.4,14.6,16.8,47.2,21.2,11.4,15.6,52.8
2024-25,ist,ORL,5,3,2,48.0,25.0,13.6,12.8,47.2,18.4,7.2,14.6,42.4
2024-25,ist,PHX,4,3,1,48.0,16.8,11.8,15.5,37.5,13.3,13.8,12.8,50.5
2024-25,ist,CHI,4,2,2,48.0,16.5,9.8,20.0,52.0,12.5,11.8,15.0,54.5
2024-25,ist,CLE,4,2,2,48.0,22.0,11.3,12.8,53.0,12.5,11.0,10.8,43.5
2024-25,ist,DEN,4,2,2,48.0,21.5,14.0,19.5,52.5,14.3,21.0,15.3,53.5
2024-25,ist,LAC,4,2,2,48.0,19.3,14.8,15.3,48.0,17.5,11.3,11.0,42.0
2024-25,ist,LAL,4,2,2,48.0,11.5,8.8,13.3,46.0,18.0,12.3,17.3,50.5
2024-25,ist,MIA,4,2,2,49.3,21.8,8.8,16.8,46.5,14.3,10.8,12.0,44.5
2024-25,ist,MIN,4,2,2,50.5,19.0,12.8,10.3,43.0,20.0,14.3,15.0,48.0
2024-25,ist,PHI,4,2,2,48.0,19.8,11.0,16.8,35.5,18.3,15.0,14.3,44.5
2024-25,ist,POR,4,2,2,48.0,21.3,14.3,9.3,48.5,23.5,13.0,20.5,43.0
2024-25,ist,SAS,4,2,2,48.0,20.3,13.0,16.3,44.5,16.3,12.0,19.5,43.5
2024-25,ist,BKN,4,1,3,48.0,18.5,10.8,12.5,40.5,24.0,15.8,14.0,43.0
2024-25,ist,MEM,4,1,3,48.0,20.0,21.3,14.8,60.5,22.8,16.5,20.5,50.0
2024-25,ist,NOP,4,1,3,48.0,14.5,13.3,12.8,42.0,19.5,14.5,22.5,57.5
2024-25,ist,SAC,4,1,3,49.3,17.0,15.3,11.0,47.0,15.8,15.5,9.8,49.5
2024-25,ist,TOR,4,1,3,48.0,17.3,14.3,14.8,51.0,22.8,15.8,16.0,43.5
2024-25,ist,CHA,4,0,4,48.0,19.5,16.3,10.5,35.5,21.5,14.3,12.5,41.5
2024-25,ist,IND,4,0,4,48.0,22.5,11.0,16.0,50.0,23.8,9.8,16.8,50.5
2024-25,ist,UTA,4,0,4,48.0,10.8,15.0,12.8,54.0,28.5,13.5,19.3,49.5
2024-25,ist,WAS,4,0,4,48.0,11.3,9.8,17.3,47.5,22.0,11.3,17.5,50.5
2025-26,pre-season,SAS,5,5,0,49.0,25.4,21.0,18.0,52.0,21.0,12.0,12.8,36.8
2025-26,pre-season,HOU,4,4,0,48.0,26.0,15.5,20.0,54.0,24.5,14.3,13.3,56.5
2025-26,pre-season,NYK,5,4,1,49.0,20.8,16.6,15.6,42.8,21.2,14.4,11.4,40.4
2025-26,pre-season,OKC,6,4,2,48.0,23.7,11.7,11.2,37.7,20.0,14.0,12.8,41.0
2025-26,pre-season,ORL,4,4,0,48.0,20.8,28.8,12.3,52.0,23.5,20.3,14.3,57.5
2025-26,pre-season,TOR,6,4,2,48.0,28.5,17.0,22.3,48.3,19.8,13.0,12.3,47.0
2025-26,pre-season,BOS,4,3,1,48.0,26.3,19.8,13.8,46.5,25.5,18.5,16.0,43.5
2025-26,pre-season,CHI,5,3,2,48.0,19.2,13.8,20.6,58.4,23.6,13.2,16.8,50.8
2025-26,pre-season,DAL,4,3,1,48.0,23.8,12.5,25.0,52.0,19.5,14.3,14.3,39.5
2025-26,pre-season,DEN,5,3,2,48.0,17.2,12.8,14.0,42.8,22.4,11.4,15.4,44.4
2025-26,pre-season,GSW,5,3,2,48.0,24.8,13.2,21.6,47.2,24.0,15.2,11.6,49.6
2025-26,pre-season,LAC,4,3,1,48.0,22.5,10.5,16.8,49.5,21.3,15.5,13.8,38.5
2025-26,pre-season,MIL,4,3,1,48.0,19.8,9.0,9.5,33.5,17.5,10.8,13.3,47.5
2025-26,pre-season,PHX,4,3,1,49.3,31.3,15.3,20.0,53.0,14.3,18.8,13.8,39.0
2025-26,pre-season,ATL,4,2,2,49.3,24.3,15.3,11.8,55.5,19.5,19.3,16.3,50.5
2025-26,pre-season,BKN,4,2,2,49.3,19.8,18.8,11.8,47.5,28.5,14.5,23.3,53.0
2025-26,pre-season,CHA,5,2,3,48.0,21.4,19.0,10.0,46.8,27.2,13.0,17.8,45.2
2025-26,pre-season,DET,4,2,2,48.0,21.5,16.0,14.5,52.5,21.3,13.8,13.8,32.5
2025-26,pre-season,IND,4,2,2,49.3,24.3,15.8,20.0,44.0,23.3,19.0,19.8,48.5
2025-26,pre-season,MIN,6,2,4,49.7,23.2,15.5,17.2,50.3,22.8,15.5,22.7,50.3
2025-26,pre-season,NOP,4,2,2,48.0,20.0,19.3,14.3,67.5,22.5,14.3,10.8,49.0
2025-26,pre-season,CLE,4,1,3,48.0,26.3,16.8,19.8,42.0,24.0,18.5,18.5,52.0
2025-26,pre-season,LAL,6,1,5,48.0,14.3,14.2,10.8,38.7,20.8,14.2,17.5,52.3
2025-26,pre-season,MEM,5,1,4,48.0,20.6,15.4,13.2,37.2,23.4,18.4,17.0,60.4
2025-26,pre-season,PHI,4,1,3,48.0,22.5,18.8,19.3,53.0,23.3,21.0,20.5,48.0
2025-26,pre-season,POR,4,1,3,48.0,20.0,20.0,16.0,51.0,26.5,14.0,17.3,44.0
2025-26,pre-season,SAC,4,1,3,48.0,21.3,13.8,11.3,51.0,16.0,15.3,15.8,48.0
2025-26,pre-season,UTA,4,1,3,49.3,22.0,14.8,17.8,45.5,19.8,20.5,15.8,48.5
2025-26,pre-season,WAS,3,1,2,48.0,17.7,15.3,14.0,48.0,21.7,9.0,14.0,46.0
2025-26,pre-season,-,3,0,3,48.0,17.3,8.0,7.0,22.7,28.0,19.3,19.3,57.3
2025-26,pre-season,-,1,0,1,48.0,8.0,10.0,6.0,34.0,22.0,25.0,9.0,64.0
2025-26,pre-season,-,1,0,1,48.0,23.0,12.0,7.0,38.0,20.0,19.0,6.0,60.0
2025-26,pre-season,MIA,6,0,6,48.8,21.7,15.7,12.3,53.7,21.8,22.0,10.5,46.0
2025-26,pre-season,-,1,0,1,48.0,14.0,21.0,5.0,48.0,14.0,19.0,19.0,64.0
2025-26,regular-season,OKC,34,29,5,48.6,24.7,13.1,14.5,53.1,15.5,13.1,11.4,39.1
2025-26,regular-season,DET,34,25,9,48.3,21.3,17.1,18.2,58.4,17.6,15.1,14.6,43.9
2025-26,regular-season,SAS,33,24,9,48.2,18.3,16.8,16.2,50.8,16.3,13.3,13.0,47.3
2025-26,regular-season,DEN,33,23,10,48.5,14.8,15.2,16.0,52.4,17.4,13.5,15.6,50.4
2025-26,regular-season,NYK,33,23,10,48.0,18.2,17.3,15.3,48.5,17.7,14.8,14.7,45.4
2025-26,regular-season,BOS,33,21,12,48.0,18.8,17.1,13.6,43.7,14.6,16.2,13.0,41.1
2025-26,regular-season,HOU,31,21,10,49.0,18.4,18.7,14.5,54.7,19.3,16.3,13.8,48.2
2025-26,regular-season,MIN,34,21,13,48.4,18.4,14.6,14.2,49.9,17.1,14.3,13.6,50.3
2025-26,regular-season,LAL,31,20,11,48.0,18.6,14.4,13.0,51.3,20.4,14.4,16.1,49.6
2025-26,regular-season,TOR,35,20,15,48.3,18.6,14.2,19.3,51.9,17.4,15.0,12.9,47.6
2025-26,regular-season,CLE,35,19,16,48.3,20.1,15.5,15.3,49.8,17.9,14.7,16.5,47.9
2025-26,regular-season,MIA,34,19,15,48.1,20.8,15.4,18.3,55.6,16.9,16.2,15.1,52.1
2025-26,regular-season,ORL,34,19,15,48.3,18.1,15.9,17.4,54.4,15.9,13.5,16.4,52.6
2025-26,regular-season,PHX,33,19,14,48.2,21.9,16.4,14.7,45.8,20.5,15.2,14.1,49.6
2025-26,regular-season,GSW,34,18,16,48.3,19.4,15.8,12.1,42.5,20.5,15.3,15.8,51.3
2025-26,regular-season,PHI,32,18,14,48.8,17.6,16.0,15.8,48.2,17.4,15.0,17.3,51.4
2025-26,regular-season,ATL,35,16,19,48.3,20.5,14.3,17.3,52.7,18.4,16.2,16.2,53.2
2025-26,regular-season,CHI,33,16,17,48.3,16.4,14.1,17.8,54.9,17.8,16.2,15.4,54.4
2025-26,regular-season,MEM,33,15,18,48.3,16.9,15.3,14.6,49.7,18.8,16.1,13.7,48.2
2025-26,regular-season,MIL,34,14,20,48.3,17.9,11.5,13.4,44.6,18.2,13.9,15.1,46.2
2025-26,regular-season,POR,34,14,20,48.3,18.4,17.7,14.0,48.7,22.0,15.4,16.9,51.8
2025-26,regular-season,DAL,35,12,23,48.7,15.8,12.8,17.7,53.3,18.6,15.7,14.8,55.8
2025-26,regular-season,LAC,33,12,21,48.3,18.5,13.7,12.4,45.6,19.8,15.1,16.3,48.6
2025-26,regular-season,UTA,33,12,21,48.8,16.5,15.9,13.7,49.3,20.3,16.4,15.9,52.0
2025-26,regular-season,CHA,33,11,22,48.5,15.9,16.1,12.7,48.4,19.3,14.9,16.3,53.5
2025-26,regular-season,BKN,31,10,21,48.0,16.6,14.3,11.8,42.3,19.4,14.4,17.3,52.7
2025-26,regular-season,NOP,35,8,27,48.6,18.3,16.3,16.0,58.1,18.2,16.5,17.1,54.6
2025-26,regular-season,SAC,34,8,26,48.4,17.6,13.9,14.3,48.7,17.5,16.6,14.6,55.4
2025-26,regular-season,WAS,32,8,24,48.3,14.4,14.4,15.2,46.8,20.7,18.2,16.3,52.6
2025-26,regular-season,IND,34,6,28,48.3,16.3,13.7,14.0,44.7,17.9,15.8,14.7,53.3
2025-26,ist,NYK,7,6,1,48.0,17.1,21.3,14.0,51.4,18.9,17.7,12.4,46.9
2025-26,ist,OKC,6,5,1,48.0,29.2,7.5,17.2,50.0,15.3,12.2,13.0,37.7
2025-26,ist,ORL,6,5,1,48.0,20.3,18.0,16.8,56.3,16.5,11.0,15.5,54.3
2025-26,ist,SAS,7,5,2,48.0,24.0,21.0,15.7,43.4,17.6,15.9,14.3,45.7
2025-26,ist,LAL,5,4,1,48.0,16.2,7.4,16.6,54.4,17.8,13.8,18.4,47.2
2025-26,ist,TOR,5,4,1,48.0,18.6,16.8,15.6,47.6,19.0,17.8,13.2,41.6
2025-26,ist,MEM,4,3,1,49.3,17.8,13.0,11.3,50.5,19.3,14.3,16.3,47.0
2025-26,ist,MIA,5,3,2,48.0,17.4,14.2,16.6,55.2,10.8,14.8,11.2,50.0
2025-26,ist,PHX,5,3,2,48.0,23.8,18.2,15.6,46.0,26.2,12.2,12.6,45.6
2025-26,ist,ATL,4,2,2,48.0,20.5,17.5,23.3,59.0,17.8,13.8,18.5,44.0
2025-26,ist,BOS,4,2,2,48.0,20.3,16.5,12.3,37.5,17.0,17.5,13.0,42.0
2025-26,ist,CLE,4,2,2,48.0,18.5,18.5,17.0,48.5,17.0,13.3,21.3,51.0
2025-26,ist,DEN,4,2,2,48.0,15.0,13.8,18.3,45.0,21.5,19.0,13.5,47.5
2025-26,ist,DET,4,2,2,48.0,19.3,18.8,17.5,53.5,19.3,15.0,14.0,40.0
2025-26,ist,HOU,4,2,2,48.0,25.3,20.0,16.0,48.5,18.3,23.0,10.8,43.5
2025-26,ist,LAC,4,2,2,50.5,19.8,11.8,18.0,50.5,18.5,16.3,15.0,51.5
2025-26,ist,MIL,4,2,2,49.3,16.5,11.0,14.3,49.5,19.3,13.5,16.5,50.5
2025-26,ist,MIN,4,2,2,48.0,21.5,17.5,9.3,48.5,23.0,13.5,17.3,48.5
2025-26,ist,POR,4,2,2,48.0,14.0,22.5,10.3,49.0,20.5,15.5,17.8,47.5
2025-26,ist,BKN,4,1,3,48.0,15.5,10.0,11.5,40.5,17.8,16.8,22.0,57.0
2025-26,ist,CHA,4,1,3,49.3,17.3,14.8,13.0,52.0,22.3,9.8,22.0,66.5
2025-26,ist,CHI,4,1,3,48.0,17.0,10.8,16.3,60.0,15.8,19.0,13.0,52.5
2025-26,ist,DAL,4,1,3,50.5,19.8,17.5,17.8,48.5,18.5,10.0,14.5,55.5
2025-26,ist,GSW,4,1,3,48.0,19.5,14.8,7.8,39.5,21.0,18.8,13.8,45.0
2025-26,ist,IND,4,1,3,48.0,16.3,13.3,11.0,45.5,14.5,13.3,14.5,52.0
2025-26,ist,PHI,4,1,3,48.0,14.5,11.5,20.8,49.0,22.3,15.8,16.5,48.5
2025-26,ist,UTA,4,1,3,48.0,14.5,10.0,11.5,40.5,28.5,14.0,15.8,50.5
2025-26,ist,WAS,4,1,3,48.0,18.3,11.5,19.8,45.0,23.8,20.3,19.0,58.0
2025-26,ist,NOP,4,0,4,49.3,21.3,15.3,17.0,52.5,21.5,11.3,17.5,55.5
2025-26,ist,SAC,4,0,4,48.0,19.8,15.3,14.8,46.5,22.3,18.3,10.8,54.5
