SEASON,SEASON_TYPE,TEAM_ABB,TEAM_NAME,GP,W,L,MIN,POINTS,TOUCHES,FRONT_CT_TOUCHES,TIME_OF_POSS,AVG_SEC_PER_TOUCH,AVG_DRIB_PER_TOUCH,PTS_PER_TOUCH,ELBOW_TOUCHES,POST_TOUCHES,PAINT_TOUCHES,PTS_PER_ELBOW_TOUCH,PTS_PER_POST_TOUCH,PTS_PER_PAINT_TOUCH
2015-16,Regular+Season,ATL,Atlanta Hawks,82,48,34,241.8,102.8,442.7,265.4,20.0,2.72,2.01,0.232,15.7,11.6,25.9,0.380,0.475,0.723
2015-16,Regular+Season,BOS,Boston Celtics,81,47,34,241.2,105.6,439.4,251.5,19.7,2.69,1.99,0.240,13.0,9.3,25.8,0.505,0.489,0.803
2015-16,Regular+Season,BKN,Brooklyn Nets,82,21,61,240.9,98.6,409.9,231.4,20.9,3.07,2.40,0.241,19.5,18.4,24.9,0.540,0.516,0.791
2015-16,Regular+Season,CHA,Charlotte Hornets,82,48,34,242.1,103.4,414.1,233.9,21.0,3.04,2.43,0.250,13.0,12.4,19.8,0.455,0.489,0.801
2015-16,Regular+Season,CHI,Chicago Bulls,82,42,40,242.7,101.6,428.5,243.6,20.8,2.91,2.09,0.237,13.9,17.0,25.6,0.471,0.422,0.751
2015-16,Regular+Season,CLE,Cleveland Cavaliers,82,57,25,242.1,104.3,414.8,229.2,21.6,3.13,2.34,0.252,12.8,12.5,25.1,0.431,0.562,0.750
2015-16,Regular+Season,DAL,Dallas Mavericks,82,42,40,244.0,102.3,449.6,254.0,21.7,2.90,2.17,0.228,17.7,13.3,21.7,0.350,0.539,0.769
2015-16,Regular+Season,DEN,Denver Nuggets,82,33,49,241.8,101.9,411.1,228.8,21.2,3.10,2.37,0.248,14.9,11.4,28.9,0.523,0.533,0.834
2015-16,Regular+Season,DET,Detroit Pistons,82,44,38,242.4,102.0,384.2,199.8,21.0,3.28,2.61,0.265,12.8,13.3,27.3,0.371,0.556,0.804
2015-16,Regular+Season,GSW,Golden State Warriors,82,73,9,242.4,114.9,446.4,259.2,19.4,2.60,1.86,0.257,15.2,16.6,27.6,0.469,0.342,0.795
2015-16,Regular+Season,HOU,Houston Rockets,82,41,41,241.8,106.5,409.4,219.8,20.0,2.93,2.10,0.260,12.8,10.1,27.6,0.476,0.462,0.775
2015-16,Regular+Season,IND,Indiana Pacers,82,45,37,242.4,102.2,425.4,238.5,21.1,2.98,2.10,0.240,17.0,13.1,25.8,0.464,0.422,0.789
2015-16,Regular+Season,LAC,LA Clippers,82,53,29,241.8,104.5,405.6,216.6,21.0,3.11,2.37,0.258,13.9,8.6,22.5,0.466,0.368,0.832
2015-16,Regular+Season,LAL,Los Angeles Lakers,82,17,65,240.6,97.3,392.7,211.5,21.4,3.27,2.29,0.248,14.3,12.3,23.4,0.426,0.450,0.711
2015-16,Regular+Season,MEM,Memphis Grizzlies,82,42,40,241.8,99.1,425.0,246.0,21.7,3.07,2.24,0.233,20.0,24.9,26.7,0.354,0.483,0.775
2015-16,Regular+Season,MIA,Miami Heat,82,48,34,241.8,100.0,415.2,234.5,21.7,3.14,2.44,0.241,17.4,13.0,26.6,0.445,0.523,0.862
2015-16,Regular+Season,MIL,Milwaukee Bucks,82,33,49,241.8,99.0,407.7,225.3,20.7,3.05,2.14,0.243,19.3,16.8,29.4,0.347,0.494,0.825
2015-16,Regular+Season,MIN,Minnesota Timberwolves,82,29,53,242.4,102.4,400.9,217.4,21.1,3.16,2.36,0.255,19.8,15.4,26.5,0.467,0.621,0.895
2015-16,Regular+Season,NOP,New Orleans Pelicans,82,30,52,241.2,102.7,412.5,225.0,20.4,2.97,2.31,0.249,13.9,11.2,21.2,0.488,0.545,0.815
2015-16,Regular+Season,NYK,New York Knicks,82,32,50,241.5,98.4,458.0,281.7,21.0,2.75,1.84,0.215,24.4,27.7,26.0,0.380,0.477,0.778
2015-16,Regular+Season,OKC,Oklahoma City Thunder,82,55,27,241.8,110.2,380.6,199.7,20.6,3.25,2.51,0.290,15.2,9.2,29.3,0.524,0.607,0.778
2015-16,Regular+Season,ORL,Orlando Magic,81,35,46,242.5,102.0,425.1,243.2,20.8,2.94,2.25,0.240,11.9,14.2,23.1,0.487,0.499,0.834
2015-16,Regular+Season,PHI,Philadelphia 76ers,82,10,72,241.5,97.4,450.4,260.8,21.4,2.85,2.29,0.216,15.5,12.5,22.7,0.425,0.471,0.834
2015-16,Regular+Season,PHX,Phoenix Suns,82,23,59,240.3,100.9,435.4,242.8,20.5,2.83,2.09,0.232,15.8,14.2,26.8,0.378,0.459,0.771
2015-16,Regular+Season,POR,Portland Trail Blazers,82,44,38,241.5,105.1,401.8,216.5,21.7,3.24,2.53,0.262,16.4,5.5,22.9,0.423,0.390,0.714
2015-16,Regular+Season,SAC,Sacramento Kings,81,33,48,241.5,106.7,406.5,215.5,20.3,3.00,2.29,0.263,13.5,12.9,28.4,0.611,0.477,0.822
2015-16,Regular+Season,SAS,San Antonio Spurs,82,67,15,240.3,103.5,444.1,268.2,21.3,2.88,2.21,0.233,17.6,22.4,26.1,0.313,0.573,0.834
2015-16,Regular+Season,TOR,Toronto Raptors,81,55,26,240.9,102.7,420.9,242.9,22.2,3.16,2.53,0.244,9.4,8.3,21.4,0.481,0.530,0.768
2015-16,Regular+Season,UTA,Utah Jazz,82,40,42,243.4,97.7,468.5,294.8,22.2,2.85,2.07,0.209,23.1,7.7,24.0,0.338,0.415,0.713
2015-16,Regular+Season,WAS,Washington Wizards,82,41,41,240.9,104.1,414.8,223.7,19.8,2.87,2.09,0.251,14.9,10.5,25.1,0.492,0.480,0.797
2015-16,Playoffs,ATL,Atlanta Hawks,10,4,6,242.5,100.1,439.2,257.9,20.2,2.76,1.96,0.228,12.8,14.2,22.4,0.383,0.549,0.817
2015-16,Playoffs,BOS,Boston Celtics,6,2,4,244.2,93.8,456.7,255.7,21.6,2.84,2.15,0.205,12.2,8.7,22.8,0.315,0.288,0.730
2015-16,Playoffs,CHA,Charlotte Hornets,7,3,4,240.0,90.3,365.4,178.4,21.2,3.48,2.83,0.247,13.3,14.3,15.7,0.473,0.540,0.818
2015-16,Playoffs,CLE,Cleveland Cavaliers,21,16,5,240.0,104.8,382.1,200.7,21.7,3.41,2.49,0.274,10.0,12.3,21.8,0.412,0.395,0.775
2015-16,Playoffs,DAL,Dallas Mavericks,5,1,4,240.0,93.8,420.8,236.0,22.5,3.21,2.31,0.223,21.4,10.4,21.8,0.402,0.712,0.706
2015-16,Playoffs,DET,Detroit Pistons,4,0,4,240.0,95.0,347.8,180.0,19.4,3.34,2.60,0.273,9.0,13.8,16.5,0.472,0.527,0.894
2015-16,Playoffs,GSW,Golden State Warriors,24,15,9,241.0,107.7,435.4,253.7,20.1,2.77,1.96,0.247,12.1,15.4,25.9,0.515,0.311,0.712
2015-16,Playoffs,HOU,Houston Rockets,5,1,4,240.0,91.2,397.4,202.2,20.2,3.05,2.22,0.229,13.0,13.0,29.8,0.400,0.477,0.638
2015-16,Playoffs,IND,Indiana Pacers,7,3,4,240.0,93.7,386.0,214.3,20.1,3.12,2.22,0.243,11.3,8.6,23.6,0.582,0.250,0.673
2015-16,Playoffs,LAC,LA Clippers,6,2,4,240.0,98.3,386.2,198.7,21.1,3.28,2.50,0.255,16.2,8.2,19.3,0.485,0.490,0.845
2015-16,Playoffs,MEM,Memphis Grizzlies,4,0,4,240.0,81.0,398.0,225.3,20.7,3.12,2.30,0.204,16.5,16.5,26.8,0.379,0.500,0.738
2015-16,Playoffs,MIA,Miami Heat,14,7,7,245.4,96.9,385.0,215.1,21.2,3.31,2.65,0.252,11.4,9.2,20.6,0.396,0.589,0.806
2015-16,Playoffs,OKC,Oklahoma City Thunder,18,11,7,240.0,106.4,339.3,158.4,20.6,3.64,2.90,0.314,9.6,8.7,24.2,0.699,0.538,0.849
2015-16,Playoffs,POR,Portland Trail Blazers,11,5,6,242.3,105.0,388.0,199.2,21.7,3.36,2.66,0.271,16.3,3.5,27.1,0.408,0.410,0.570
2015-16,Playoffs,SAS,San Antonio Spurs,10,6,4,240.0,102.0,419.7,247.8,21.4,3.06,2.38,0.243,19.2,21.7,25.0,0.375,0.654,0.720
2015-16,Playoffs,TOR,Toronto Raptors,20,10,10,243.8,93.4,392.1,209.1,22.3,3.41,2.76,0.238,9.7,5.4,20.5,0.497,0.505,0.775
2016-17,Regular+Season,ATL,Atlanta Hawks,82,43,39,242.4,103.2,431.2,248.2,20.4,2.85,2.06,0.239,14.0,10.8,27.4,0.319,0.527,0.770
2016-17,Regular+Season,BOS,Boston Celtics,82,53,29,240.9,108.0,442.4,258.4,20.5,2.78,2.07,0.244,9.8,12.0,22.9,0.453,0.485,0.816
2016-17,Regular+Season,BKN,Brooklyn Nets,81,20,61,240.9,105.8,433.3,251.4,19.9,2.76,2.07,0.244,11.7,15.5,21.3,0.593,0.478,0.830
2016-17,Regular+Season,CHA,Charlotte Hornets,82,36,46,241.8,104.9,408.1,229.9,20.7,3.04,2.40,0.257,13.5,8.5,20.9,0.510,0.563,0.816
2016-17,Regular+Season,CHI,Chicago Bulls,82,41,41,241.2,102.9,424.0,239.6,20.9,2.95,2.13,0.243,13.5,14.7,27.0,0.496,0.527,0.764
2016-17,Regular+Season,CLE,Cleveland Cavaliers,82,51,31,242.4,110.3,394.3,200.7,20.9,3.19,2.35,0.280,12.0,10.3,20.9,0.490,0.521,0.747
2016-17,Regular+Season,DAL,Dallas Mavericks,81,32,49,241.2,97.7,410.8,227.3,22.2,3.24,2.46,0.238,11.0,11.9,16.3,0.453,0.513,0.776
2016-17,Regular+Season,DEN,Denver Nuggets,81,39,42,240.9,111.4,419.4,236.1,20.8,2.97,2.18,0.266,12.2,12.4,27.5,0.525,0.587,0.869
2016-17,Regular+Season,DET,Detroit Pistons,82,37,45,241.5,101.3,397.9,213.6,20.6,3.11,2.40,0.255,11.3,12.2,25.3,0.486,0.595,0.871
2016-17,Regular+Season,GSW,Golden State Warriors,82,67,15,241.2,115.9,440.1,252.3,19.3,2.64,1.85,0.263,17.7,14.9,30.0,0.453,0.322,0.810
2016-17,Regular+Season,HOU,Houston Rockets,82,55,27,241.2,115.3,388.9,198.3,19.6,3.03,2.19,0.297,12.0,3.7,25.6,0.630,0.545,0.862
2016-17,Regular+Season,IND,Indiana Pacers,81,42,39,242.2,105.0,405.8,218.4,21.0,3.11,2.37,0.259,15.7,13.3,23.8,0.485,0.535,0.849
2016-17,Regular+Season,LAC,LA Clippers,82,51,31,240.9,108.7,419.9,230.8,21.2,3.04,2.32,0.259,11.5,11.7,21.7,0.441,0.527,0.895
2016-17,Regular+Season,LAL,Los Angeles Lakers,82,26,56,240.3,104.6,409.3,223.1,20.6,3.01,2.09,0.255,14.6,10.4,26.8,0.505,0.459,0.756
2016-17,Regular+Season,MEM,Memphis Grizzlies,82,43,39,242.7,100.5,422.1,243.1,22.0,3.13,2.31,0.238,18.2,21.0,24.5,0.372,0.531,0.800
2016-17,Regular+Season,MIA,Miami Heat,82,41,41,241.2,103.2,401.9,214.4,21.5,3.21,2.61,0.257,12.0,9.9,24.3,0.435,0.450,0.808
2016-17,Regular+Season,MIL,Milwaukee Bucks,82,42,40,241.2,103.6,403.9,220.5,20.3,3.02,2.25,0.257,19.9,13.5,26.4,0.344,0.492,0.842
2016-17,Regular+Season,MIN,Minnesota Timberwolves,82,31,51,241.5,105.6,405.4,221.2,21.5,3.19,2.29,0.260,13.2,19.0,26.9,0.555,0.599,0.840
2016-17,Regular+Season,NOP,New Orleans Pelicans,82,34,48,242.7,104.3,418.6,231.5,19.9,2.86,2.16,0.249,13.0,11.4,20.3,0.570,0.570,0.854
2016-17,Regular+Season,NYK,New York Knicks,82,31,51,242.1,104.3,447.7,262.9,20.7,2.78,1.90,0.233,18.7,14.4,25.8,0.455,0.498,0.746
2016-17,Regular+Season,OKC,Oklahoma City Thunder,82,47,35,241.5,106.6,379.6,196.1,20.2,3.19,2.36,0.281,15.0,17.1,30.0,0.545,0.541,0.756
2016-17,Regular+Season,ORL,Orlando Magic,82,29,53,241.5,101.1,414.9,234.5,20.5,2.96,2.22,0.244,13.1,14.2,23.6,0.541,0.445,0.816
2016-17,Regular+Season,PHI,Philadelphia 76ers,82,28,54,241.8,102.4,474.9,285.9,20.9,2.64,2.00,0.216,17.6,13.4,25.8,0.414,0.488,0.789
2016-17,Regular+Season,PHX,Phoenix Suns,80,23,57,241.9,107.7,422.7,228.7,20.0,2.84,2.16,0.255,13.7,10.1,25.9,0.495,0.440,0.849
2016-17,Regular+Season,POR,Portland Trail Blazers,82,41,41,243.1,107.9,397.0,210.6,21.8,3.30,2.56,0.272,13.3,7.2,23.0,0.494,0.522,0.722
2016-17,Regular+Season,SAC,Sacramento Kings,82,32,50,242.4,102.8,437.1,255.6,21.5,2.95,2.06,0.235,21.9,16.4,25.6,0.368,0.493,0.789
2016-17,Regular+Season,SAS,San Antonio Spurs,81,61,20,241.5,105.3,434.0,253.5,21.1,2.92,2.27,0.243,15.9,18.3,22.9,0.378,0.473,0.838
2016-17,Regular+Season,TOR,Toronto Raptors,81,50,31,241.2,106.7,392.1,209.3,21.3,3.26,2.61,0.272,9.0,7.9,21.9,0.462,0.579,0.761
2016-17,Regular+Season,UTA,Utah Jazz,82,51,31,240.9,100.7,429.2,259.9,21.7,3.03,2.19,0.235,15.2,10.2,25.4,0.422,0.340,0.859
2016-17,Regular+Season,WAS,Washington Wizards,82,49,33,242.1,109.2,386.2,194.8,20.6,3.21,2.49,0.283,14.7,9.5,23.8,0.497,0.561,0.855
2016-17,Playoffs,ATL,Atlanta Hawks,6,2,4,240.0,105.5,422.7,233.0,21.3,3.02,2.18,0.250,13.2,12.3,26.3,0.253,0.622,0.854
2016-17,Playoffs,BOS,Boston Celtics,18,9,9,241.4,105.2,422.6,240.5,20.8,2.96,2.21,0.249,8.6,11.1,23.6,0.581,0.375,0.816
2016-17,Playoffs,CHI,Chicago Bulls,6,2,4,240.0,96.5,380.3,199.3,20.7,3.27,2.42,0.254,12.3,11.0,25.3,0.392,0.621,0.868
2016-17,Playoffs,CLE,Cleveland Cavaliers,18,13,5,240.0,116.2,377.3,179.3,21.3,3.39,2.49,0.308,10.9,8.9,21.2,0.513,0.569,0.727
2016-17,Playoffs,GSW,Golden State Warriors,17,16,1,240.0,119.3,420.6,230.6,19.1,2.73,1.96,0.284,11.9,14.3,24.4,0.639,0.519,0.874
2016-17,Playoffs,HOU,Houston Rockets,11,6,5,242.3,107.7,360.6,169.5,20.8,3.47,2.72,0.299,9.3,3.3,22.3,0.529,0.528,0.820
2016-17,Playoffs,IND,Indiana Pacers,4,0,4,240.0,108.8,369.8,194.0,20.5,3.32,2.56,0.294,19.0,6.0,27.8,0.553,0.583,0.631
2016-17,Playoffs,LAC,LA Clippers,7,3,4,240.0,97.7,357.9,183.7,20.2,3.38,2.65,0.273,8.4,7.0,19.3,0.441,0.490,0.926
2016-17,Playoffs,MEM,Memphis Grizzlies,6,2,4,244.2,96.3,371.5,204.3,21.6,3.49,2.70,0.259,15.3,16.2,18.0,0.489,0.670,0.667
2016-17,Playoffs,MIL,Milwaukee Bucks,6,2,4,240.0,93.2,407.8,232.0,20.9,3.08,2.22,0.228,16.2,12.3,24.8,0.289,0.500,0.758
2016-17,Playoffs,OKC,Oklahoma City Thunder,5,1,4,240.0,104.2,353.8,169.2,21.0,3.56,2.76,0.295,10.2,14.6,26.4,0.431,0.384,0.841
2016-17,Playoffs,POR,Portland Trail Blazers,4,0,4,240.0,101.5,367.8,182.8,22.5,3.66,2.94,0.276,7.8,5.0,19.3,0.548,0.450,0.805
2016-17,Playoffs,SAS,San Antonio Spurs,16,8,8,243.1,107.1,405.8,223.9,21.7,3.20,2.60,0.264,11.1,18.8,26.3,0.492,0.500,0.850
2016-17,Playoffs,TOR,Toronto Raptors,10,4,6,240.0,96.7,383.5,201.7,21.0,3.28,2.67,0.252,7.9,6.8,20.1,0.671,0.500,0.766
2016-17,Playoffs,UTA,Utah Jazz,11,4,7,240.0,97.8,399.1,227.9,22.2,3.34,2.55,0.245,11.8,9.0,20.2,0.646,0.152,0.874
2016-17,Playoffs,WAS,Washington Wizards,13,7,6,241.9,108.1,373.2,183.5,21.4,3.44,2.65,0.290,14.9,8.7,24.7,0.536,0.558,0.791
2017-18,Regular+Season,ATL,Atlanta Hawks,81,24,57,240.3,103.4,449.7,262.6,20.9,2.79,1.95,0.230,15.6,2.2,21.0,0.385,0.430,0.847
2017-18,Regular+Season,BOS,Boston Celtics,79,52,27,241.6,103.9,422.5,236.9,21.2,3.01,2.20,0.246,11.6,13.1,21.0,0.451,0.499,0.750
2017-18,Regular+Season,BKN,Brooklyn Nets,80,27,53,242.2,106.9,449.0,261.3,21.4,2.86,2.02,0.238,10.3,7.0,21.9,0.531,0.479,0.760
2017-18,Regular+Season,CHA,Charlotte Hornets,82,36,46,241.2,108.2,402.4,216.3,20.8,3.11,2.35,0.269,10.5,13.0,21.9,0.465,0.553,0.868
2017-18,Regular+Season,CHI,Chicago Bulls,82,27,55,242.1,102.9,422.4,236.4,19.8,2.81,2.10,0.244,12.5,10.8,21.2,0.468,0.514,0.835
2017-18,Regular+Season,CLE,Cleveland Cavaliers,82,50,32,240.6,110.9,392.8,199.0,20.5,3.13,2.23,0.282,8.9,11.8,21.5,0.526,0.503,0.869
2017-18,Regular+Season,DAL,Dallas Mavericks,82,24,58,241.5,102.3,420.8,228.5,21.8,3.11,2.40,0.243,12.7,10.6,19.6,0.398,0.491,0.824
2017-18,Regular+Season,DEN,Denver Nuggets,82,46,36,242.4,110.0,424.8,245.8,20.8,2.94,2.09,0.259,10.0,14.0,24.9,0.464,0.471,0.813
2017-18,Regular+Season,DET,Detroit Pistons,82,39,43,241.5,103.8,419.1,234.7,20.8,2.98,2.23,0.248,14.3,7.8,23.1,0.313,0.524,0.823
2017-18,Regular+Season,GSW,Golden State Warriors,82,58,24,240.6,113.5,443.4,250.5,19.4,2.63,1.81,0.256,16.0,16.7,26.7,0.550,0.350,0.851
2017-18,Regular+Season,HOU,Houston Rockets,82,65,17,240.9,112.4,373.5,180.9,20.8,3.34,2.56,0.301,10.3,5.1,20.7,0.525,0.539,0.793
2017-18,Regular+Season,IND,Indiana Pacers,82,48,34,240.9,105.6,416.8,232.2,20.8,3.00,2.32,0.253,13.5,10.2,19.8,0.576,0.552,0.835
2017-18,Regular+Season,LAC,LA Clippers,82,42,40,240.3,109.0,418.3,223.1,20.4,2.92,2.11,0.261,9.2,9.3,24.7,0.549,0.516,0.918
2017-18,Regular+Season,LAL,Los Angeles Lakers,82,35,47,242.7,108.1,405.4,216.9,19.9,2.94,2.06,0.267,13.0,13.6,23.6,0.496,0.455,0.872
2017-18,Regular+Season,MEM,Memphis Grizzlies,82,22,60,240.3,99.3,440.9,259.6,21.5,2.93,2.05,0.225,17.3,12.7,22.9,0.330,0.415,0.780
2017-18,Regular+Season,MIA,Miami Heat,81,43,38,243.1,103.4,425.6,236.8,21.9,3.09,2.29,0.243,14.4,9.9,21.5,0.349,0.383,0.829
2017-18,Regular+Season,MIL,Milwaukee Bucks,81,44,37,241.9,106.7,401.6,214.2,20.0,2.99,2.22,0.266,15.3,7.5,22.5,0.375,0.488,0.838
2017-18,Regular+Season,MIN,Minnesota Timberwolves,82,47,35,241.5,109.5,406.1,218.2,21.8,3.22,2.40,0.270,12.0,14.9,23.7,0.555,0.618,0.944
2017-18,Regular+Season,NOP,New Orleans Pelicans,82,48,34,243.4,111.7,430.6,233.3,19.9,2.77,1.97,0.259,12.0,12.8,24.5,0.543,0.537,0.947
2017-18,Regular+Season,NYK,New York Knicks,81,28,53,241.9,104.4,441.7,253.2,21.1,2.87,1.99,0.236,17.1,16.2,23.9,0.535,0.547,0.919
2017-18,Regular+Season,OKC,Oklahoma City Thunder,80,48,32,241.9,108.2,377.0,193.1,20.3,3.22,2.48,0.287,11.9,8.6,25.7,0.589,0.619,0.774
2017-18,Regular+Season,ORL,Orlando Magic,82,25,57,240.6,103.4,411.2,230.8,20.7,3.02,2.33,0.251,13.5,9.8,21.9,0.459,0.413,0.808
2017-18,Regular+Season,PHI,Philadelphia 76ers,81,52,29,241.2,109.9,468.6,277.5,20.2,2.59,1.70,0.234,16.8,17.2,27.4,0.326,0.516,0.808
2017-18,Regular+Season,PHX,Phoenix Suns,82,21,61,240.3,103.9,415.7,224.7,20.5,2.96,2.26,0.250,14.8,9.1,23.2,0.421,0.397,0.865
2017-18,Regular+Season,POR,Portland Trail Blazers,82,49,33,240.9,105.6,390.5,199.8,22.1,3.40,2.60,0.270,10.7,9.4,21.3,0.495,0.490,0.808
2017-18,Regular+Season,SAC,Sacramento Kings,82,27,55,240.9,98.8,434.1,251.5,21.3,2.94,2.08,0.228,20.4,15.7,23.5,0.361,0.474,0.799
2017-18,Regular+Season,SAS,San Antonio Spurs,82,47,35,240.6,102.7,432.2,250.4,21.4,2.97,2.26,0.238,14.0,19.4,23.9,0.420,0.556,0.869
2017-18,Regular+Season,TOR,Toronto Raptors,82,59,23,241.8,111.7,421.4,232.2,21.0,2.99,2.23,0.265,10.8,5.6,22.4,0.592,0.624,0.887
2017-18,Regular+Season,UTA,Utah Jazz,82,48,34,240.9,104.1,437.7,258.0,21.5,2.94,2.22,0.238,15.6,3.8,22.9,0.484,0.296,0.855
2017-18,Regular+Season,WAS,Washington Wizards,82,43,39,242.1,106.6,412.5,223.3,21.1,3.07,2.30,0.258,15.8,8.2,23.2,0.421,0.572,0.807
2017-18,Playoffs,BOS,Boston Celtics,19,11,8,242.6,101.4,413.2,230.3,22.1,3.21,2.38,0.245,8.0,14.2,19.9,0.395,0.552,0.799
2017-18,Playoffs,CLE,Cleveland Cavaliers,22,12,10,242.3,101.1,365.5,180.3,21.8,3.59,2.57,0.277,8.5,12.7,20.1,0.473,0.429,0.765
2017-18,Playoffs,GSW,Golden State Warriors,21,16,5,241.2,110.4,417.9,228.0,20.0,2.87,2.03,0.264,11.9,16.3,26.0,0.564,0.421,0.776
2017-18,Playoffs,HOU,Houston Rockets,17,11,6,240.0,104.9,340.8,151.1,21.8,3.83,3.06,0.308,6.4,2.5,18.6,0.688,0.419,0.785
2017-18,Playoffs,IND,Indiana Pacers,7,3,4,240.0,100.6,368.0,196.9,20.8,3.39,2.78,0.273,9.6,9.6,18.7,0.627,0.522,0.832
2017-18,Playoffs,MIA,Miami Heat,5,1,4,240.0,103.4,387.0,189.2,21.6,3.35,2.55,0.267,8.8,5.0,20.6,0.432,0.320,0.534
2017-18,Playoffs,MIL,Milwaukee Bucks,7,3,4,243.6,101.9,371.0,194.6,19.6,3.16,2.36,0.275,8.6,7.4,15.0,0.217,0.538,0.895
2017-18,Playoffs,MIN,Minnesota Timberwolves,5,1,4,240.0,101.6,367.8,189.4,20.7,3.38,2.53,0.276,9.0,21.8,24.0,0.489,0.505,0.633
2017-18,Playoffs,NOP,New Orleans Pelicans,9,5,4,240.0,110.0,408.2,206.2,19.9,2.92,2.16,0.269,11.9,10.2,25.7,0.776,0.391,0.996
2017-18,Playoffs,OKC,Oklahoma City Thunder,6,2,4,240.0,101.2,347.2,161.8,19.7,3.41,2.72,0.291,11.3,7.3,19.2,0.500,0.682,0.696
2017-18,Playoffs,PHI,Philadelphia 76ers,10,5,5,242.5,108.8,449.8,260.8,20.4,2.73,1.75,0.242,15.1,14.0,27.8,0.311,0.536,0.777
2017-18,Playoffs,POR,Portland Trail Blazers,4,0,4,240.0,105.5,392.0,199.3,22.5,3.44,2.56,0.269,11.8,9.3,18.3,0.426,0.486,0.836
2017-18,Playoffs,SAS,San Antonio Spurs,5,1,4,240.0,96.8,415.8,229.4,21.9,3.16,2.51,0.233,11.0,24.2,22.4,0.400,0.430,0.848
2017-18,Playoffs,TOR,Toronto Raptors,10,4,6,242.5,107.3,389.8,203.7,20.7,3.19,2.36,0.275,10.8,5.0,22.6,0.611,0.460,0.792
2017-18,Playoffs,UTA,Utah Jazz,11,5,6,240.0,102.4,391.7,209.7,20.9,3.20,2.47,0.261,9.5,2.8,25.1,0.419,0.194,0.783
2017-18,Playoffs,WAS,Washington Wizards,6,2,4,240.0,107.2,372.8,183.0,21.0,3.37,2.57,0.287,13.2,4.8,21.5,0.430,0.552,0.876
2018-19,Regular+Season,ATL,Atlanta Hawks,82,29,53,242.1,113.3,431.7,233.6,20.7,2.88,2.21,0.263,10.6,4.5,27.4,0.521,0.643,0.917
2018-19,Regular+Season,BOS,Boston Celtics,82,49,33,241.2,112.4,419.4,229.7,20.1,2.87,2.11,0.268,12.0,10.1,22.5,0.520,0.591,0.805
2018-19,Regular+Season,BKN,Brooklyn Nets,82,42,40,243.7,112.2,436.3,236.2,21.4,2.94,2.22,0.257,10.9,2.2,22.2,0.573,0.407,0.835
2018-19,Regular+Season,CHA,Charlotte Hornets,82,39,43,241.8,110.7,412.2,219.7,21.2,3.09,2.49,0.269,9.4,3.7,20.1,0.500,0.534,0.843
2018-19,Regular+Season,CHI,Chicago Bulls,81,22,59,242.8,105.1,406.0,218.1,21.2,3.14,2.42,0.259,12.1,10.7,18.8,0.521,0.565,0.831
2018-19,Regular+Season,CLE,Cleveland Cavaliers,82,19,63,240.9,104.5,404.9,220.8,22.1,3.28,2.50,0.258,15.8,9.3,22.6,0.338,0.383,0.808
2018-19,Regular+Season,DAL,Dallas Mavericks,82,33,49,241.2,108.9,437.5,239.4,21.5,2.95,2.18,0.249,13.0,8.9,23.2,0.369,0.585,0.836
2018-19,Regular+Season,DEN,Denver Nuggets,82,54,28,240.6,110.7,436.3,254.9,21.1,2.91,2.09,0.254,14.6,15.7,25.9,0.487,0.503,0.800
2018-19,Regular+Season,DET,Detroit Pistons,82,41,41,242.1,107.0,431.0,245.1,22.0,3.07,2.34,0.248,9.9,13.1,24.4,0.427,0.480,0.829
2018-19,Regular+Season,GSW,Golden State Warriors,82,57,25,241.5,117.7,444.8,248.8,19.4,2.62,1.83,0.265,14.2,17.4,23.2,0.522,0.373,0.843
2018-19,Regular+Season,HOU,Houston Rockets,82,53,29,241.8,113.9,366.7,170.9,21.3,3.48,2.75,0.311,9.4,3.9,21.0,0.611,0.589,0.855
2018-19,Regular+Season,IND,Indiana Pacers,82,48,34,240.3,108.0,428.4,239.6,20.9,2.93,2.26,0.252,15.4,13.8,23.1,0.670,0.494,0.875
2018-19,Regular+Season,LAC,LA Clippers,82,48,34,241.8,115.1,429.2,234.7,21.1,2.95,2.15,0.268,12.2,11.2,24.6,0.583,0.590,0.932
2018-19,Regular+Season,LAL,Los Angeles Lakers,82,37,45,241.2,111.8,404.2,201.1,20.3,3.01,2.16,0.277,14.0,8.2,25.4,0.592,0.526,0.900
2018-19,Regular+Season,MEM,Memphis Grizzlies,82,33,49,242.4,103.5,449.9,265.5,22.0,2.93,2.07,0.230,19.0,13.8,26.4,0.442,0.542,0.815
2018-19,Regular+Season,MIA,Miami Heat,82,39,43,240.6,105.7,425.2,229.1,21.4,3.02,2.24,0.249,13.5,7.9,26.2,0.377,0.443,0.866
2018-19,Regular+Season,MIL,Milwaukee Bucks,82,60,22,241.2,118.1,410.2,215.6,20.3,2.97,2.19,0.288,9.2,8.3,20.6,0.594,0.551,0.900
2018-19,Regular+Season,MIN,Minnesota Timberwolves,82,36,46,241.8,112.5,417.3,221.8,21.4,3.07,2.24,0.270,11.9,19.7,23.1,0.607,0.539,0.910
2018-19,Regular+Season,NOP,New Orleans Pelicans,82,33,49,240.9,115.4,439.0,243.2,20.2,2.76,2.01,0.263,13.2,14.0,27.1,0.647,0.559,0.939
2018-19,Regular+Season,NYK,New York Knicks,81,17,64,241.2,104.6,418.3,228.2,21.3,3.05,2.27,0.250,9.6,9.0,19.0,0.451,0.477,0.939
2018-19,Regular+Season,OKC,Oklahoma City Thunder,81,48,33,242.2,114.4,372.3,177.7,19.4,3.13,2.38,0.307,13.7,10.3,27.8,0.549,0.601,0.810
2018-19,Regular+Season,ORL,Orlando Magic,80,40,40,241.3,107.6,405.5,223.5,21.4,3.16,2.51,0.265,14.3,13.4,24.7,0.549,0.493,0.866
2018-19,Regular+Season,PHI,Philadelphia 76ers,81,51,30,241.5,115.2,443.0,246.1,20.7,2.81,1.92,0.260,16.7,15.7,25.3,0.437,0.584,0.877
2018-19,Regular+Season,PHX,Phoenix Suns,82,19,63,242.4,107.5,429.6,229.2,21.4,2.98,2.22,0.250,13.0,8.2,23.4,0.565,0.612,0.955
2018-19,Regular+Season,POR,Portland Trail Blazers,82,53,29,242.1,114.7,407.0,211.5,22.3,3.28,2.48,0.282,11.5,11.7,23.7,0.550,0.578,0.887
2018-19,Regular+Season,SAC,Sacramento Kings,82,39,43,240.6,114.2,420.0,220.4,20.0,2.86,2.08,0.272,16.2,13.3,27.2,0.474,0.525,0.887
2018-19,Regular+Season,SAS,San Antonio Spurs,82,48,34,241.5,111.7,400.2,212.7,21.2,3.17,2.43,0.279,11.2,19.1,20.9,0.489,0.597,0.882
2018-19,Regular+Season,TOR,Toronto Raptors,82,58,24,242.4,114.4,422.2,232.7,20.8,2.95,2.22,0.271,12.0,11.3,21.4,0.676,0.564,0.833
2018-19,Regular+Season,UTA,Utah Jazz,81,50,31,240.9,112.0,434.5,242.3,20.9,2.88,2.19,0.258,12.0,2.5,26.6,0.513,0.424,0.952
2018-19,Regular+Season,WAS,Washington Wizards,81,31,50,243.1,114.2,418.1,219.3,20.5,2.94,2.25,0.273,10.5,7.0,21.2,0.581,0.526,0.929
2018-19,Playoffs,BOS,Boston Celtics,9,5,4,240.0,102.1,393.9,205.0,21.0,3.20,2.43,0.259,7.9,7.7,15.3,0.606,0.493,0.746
2018-19,Playoffs,BKN,Brooklyn Nets,5,1,4,240.0,111.4,380.2,176.8,20.8,3.28,2.60,0.293,10.8,0.2,24.8,0.611,0.000,0.815
2018-19,Playoffs,DEN,Denver Nuggets,14,7,7,247.1,109.1,433.4,254.0,21.9,3.03,2.24,0.252,15.9,12.6,24.1,0.486,0.500,0.817
2018-19,Playoffs,DET,Detroit Pistons,4,0,4,240.0,98.0,405.3,209.8,22.1,3.28,2.62,0.242,12.8,6.0,25.3,0.667,0.208,0.802
2018-19,Playoffs,GSW,Golden State Warriors,22,14,8,242.3,114.1,434.2,241.8,19.5,2.70,1.92,0.263,12.0,15.9,24.8,0.547,0.317,0.841
2018-19,Playoffs,HOU,Houston Rockets,11,6,5,242.3,108.5,355.4,159.1,21.9,3.70,3.02,0.305,7.5,1.4,20.8,0.476,0.267,0.817
2018-19,Playoffs,IND,Indiana Pacers,4,0,4,240.0,91.8,394.8,217.0,21.3,3.24,2.53,0.232,15.5,13.5,18.3,0.403,0.389,0.507
2018-19,Playoffs,LAC,LA Clippers,6,2,4,240.0,114.7,441.8,245.7,21.9,2.97,2.12,0.260,12.5,11.0,21.0,0.747,0.409,0.913
2018-19,Playoffs,MIL,Milwaukee Bucks,15,10,5,243.3,112.8,403.4,209.5,20.3,3.02,2.24,0.280,7.5,6.1,17.5,0.563,0.478,0.958
2018-19,Playoffs,OKC,Oklahoma City Thunder,5,1,4,240.0,105.2,349.2,158.0,18.6,3.20,2.49,0.301,13.6,12.6,20.6,0.618,0.492,0.786
2018-19,Playoffs,ORL,Orlando Magic,5,1,4,240.0,92.0,399.8,225.8,21.2,3.18,2.61,0.230,14.4,9.8,20.2,0.472,0.286,0.584
2018-19,Playoffs,PHI,Philadelphia 76ers,12,7,5,240.0,108.7,411.4,220.7,21.9,3.19,2.22,0.264,15.7,15.5,22.9,0.585,0.457,0.880
2018-19,Playoffs,POR,Portland Trail Blazers,16,8,8,247.8,109.7,373.2,180.3,23.3,3.74,2.92,0.294,9.7,7.9,21.8,0.477,0.402,0.837
2018-19,Playoffs,SAS,San Antonio Spurs,7,3,4,240.0,103.3,368.4,189.6,21.0,3.42,2.74,0.280,9.4,14.7,19.6,0.455,0.379,0.898
2018-19,Playoffs,TOR,Toronto Raptors,24,16,8,242.1,106.6,415.2,233.5,21.6,3.12,2.37,0.257,11.5,9.4,17.3,0.478,0.504,0.788
2018-19,Playoffs,UTA,Utah Jazz,5,1,4,240.0,97.8,395.8,208.4,21.2,3.22,2.58,0.247,9.4,3.2,27.6,0.574,0.375,0.949
2019-20,Regular+Season,ATL,Atlanta Hawks,67,20,47,243.0,111.8,398.7,199.3,21.2,3.19,2.48,0.280,8.9,3.7,23.5,0.613,0.718,0.973
2019-20,Regular+Season,BOS,Boston Celtics,72,48,24,242.1,113.7,406.0,216.2,20.8,3.08,2.30,0.280,9.6,6.3,22.5,0.561,0.573,0.882
2019-20,Regular+Season,BKN,Brooklyn Nets,72,35,37,242.8,111.8,402.2,204.7,20.9,3.12,2.36,0.278,10.2,1.6,22.1,0.536,0.357,0.892
2019-20,Regular+Season,CHA,Charlotte Hornets,64,23,41,242.3,102.9,427.8,242.0,21.4,3.00,2.24,0.241,10.2,8.9,23.8,0.568,0.510,0.824
2019-20,Regular+Season,CHI,Chicago Bulls,65,22,43,241.2,106.8,408.3,218.4,20.6,3.03,2.34,0.262,10.2,4.6,21.8,0.569,0.519,0.832
2019-20,Regular+Season,CLE,Cleveland Cavaliers,65,19,46,241.9,106.9,412.9,223.7,21.9,3.18,2.37,0.259,11.8,11.3,27.9,0.517,0.502,0.834
2019-20,Regular+Season,DAL,Dallas Mavericks,73,41,32,242.1,116.8,413.4,217.5,21.6,3.13,2.42,0.283,7.5,5.4,19.9,0.700,0.620,0.933
2019-20,Regular+Season,DEN,Denver Nuggets,73,46,27,243.1,111.3,427.3,244.2,21.5,3.02,2.14,0.260,15.6,13.8,24.7,0.538,0.526,0.909
2019-20,Regular+Season,DET,Detroit Pistons,65,20,45,241.9,107.2,409.6,223.8,21.8,3.19,2.40,0.262,11.2,7.6,23.1,0.575,0.682,0.877
2019-20,Regular+Season,GSW,Golden State Warriors,65,15,50,241.9,106.3,456.5,260.9,20.6,2.71,1.94,0.233,12.6,11.5,21.3,0.454,0.405,0.838
2019-20,Regular+Season,HOU,Houston Rockets,72,44,28,241.4,117.8,369.0,167.3,19.8,3.22,2.59,0.319,7.4,2.2,17.6,0.552,0.456,0.789
2019-20,Regular+Season,IND,Indiana Pacers,73,45,28,241.4,109.4,416.0,222.5,21.1,3.04,2.41,0.263,13.9,8.4,19.8,0.654,0.511,0.897
2019-20,Regular+Season,LAC,LA Clippers,72,49,23,241.4,116.3,396.7,203.2,20.7,3.13,2.31,0.293,9.3,10.4,21.1,0.627,0.607,0.886
2019-20,Regular+Season,LAL,Los Angeles Lakers,71,52,19,240.7,113.4,407.4,213.8,20.2,2.98,2.11,0.278,11.5,14.3,26.5,0.566,0.470,0.954
2019-20,Regular+Season,MEM,Memphis Grizzlies,73,34,39,240.7,112.6,431.0,234.5,20.6,2.87,2.02,0.261,11.6,8.2,25.2,0.676,0.628,0.944
2019-20,Regular+Season,MIA,Miami Heat,72,44,28,243.1,112.1,413.5,222.2,21.8,3.16,2.26,0.271,15.1,8.1,22.8,0.519,0.382,0.851
2019-20,Regular+Season,MIL,Milwaukee Bucks,72,55,17,241.0,118.7,406.9,209.1,20.0,2.95,2.11,0.292,12.1,10.7,20.7,0.644,0.654,0.897
2019-20,Regular+Season,MIN,Minnesota Timberwolves,64,19,45,243.1,113.3,433.3,233.3,20.8,2.88,2.12,0.261,8.5,7.4,19.8,0.516,0.502,0.866
2019-20,Regular+Season,NOP,New Orleans Pelicans,71,30,41,241.8,115.7,446.2,245.2,19.9,2.67,1.90,0.259,10.8,6.5,22.4,0.630,0.476,0.843
2019-20,Regular+Season,NYK,New York Knicks,66,21,45,241.9,105.8,422.6,236.2,21.1,3.00,2.22,0.250,10.8,11.4,23.4,0.568,0.588,0.948
2019-20,Regular+Season,OKC,Oklahoma City Thunder,72,44,28,242.1,110.4,407.5,215.0,21.3,3.14,2.30,0.271,10.8,7.1,20.6,0.525,0.550,0.815
2019-20,Regular+Season,ORL,Orlando Magic,73,33,40,240.7,107.3,392.7,210.9,21.3,3.26,2.58,0.273,13.6,11.4,24.8,0.502,0.454,0.794
2019-20,Regular+Season,PHI,Philadelphia 76ers,73,43,30,241.0,110.7,421.8,233.6,21.6,3.07,2.19,0.263,16.4,17.0,22.4,0.371,0.629,0.866
2019-20,Regular+Season,PHX,Phoenix Suns,72,34,38,240.7,113.5,416.1,224.4,20.9,3.02,2.25,0.273,15.6,8.6,26.4,0.510,0.579,0.875
2019-20,Regular+Season,POR,Portland Trail Blazers,73,34,39,241.0,115.0,366.9,171.2,21.6,3.54,2.68,0.313,9.5,9.1,19.4,0.609,0.654,0.911
2019-20,Regular+Season,SAC,Sacramento Kings,71,31,40,242.5,110.1,405.9,212.6,21.3,3.15,2.42,0.271,10.8,9.8,21.3,0.567,0.437,0.935
2019-20,Regular+Season,SAS,San Antonio Spurs,70,31,39,242.1,114.0,401.0,210.8,21.0,3.14,2.38,0.284,9.0,11.8,16.5,0.553,0.536,0.839
2019-20,Regular+Season,TOR,Toronto Raptors,71,52,19,241.4,112.7,415.9,223.1,20.6,2.97,2.21,0.271,12.0,8.3,21.6,0.546,0.460,0.805
2019-20,Regular+Season,UTA,Utah Jazz,72,44,28,241.0,111.3,417.2,227.1,21.4,3.08,2.31,0.267,8.4,2.4,19.4,0.592,0.584,0.940
2019-20,Regular+Season,WAS,Washington Wizards,72,25,47,241.0,114.4,433.0,240.8,20.4,2.83,2.19,0.264,10.0,3.3,21.0,0.700,0.523,0.858
2019-20,Playoffs,BOS,Boston Celtics,17,10,7,244.4,109.4,394.8,208.1,21.1,3.20,2.43,0.277,8.2,4.1,20.4,0.657,0.797,0.844
2019-20,Playoffs,BKN,Brooklyn Nets,4,0,4,240.0,105.8,421.8,222.5,19.9,2.84,2.23,0.251,8.3,1.8,22.5,0.455,0.714,0.556
2019-20,Playoffs,DAL,Dallas Mavericks,6,2,4,244.2,117.0,402.0,197.8,21.2,3.17,2.40,0.291,4.2,5.0,17.7,0.440,0.800,0.849
2019-20,Playoffs,DEN,Denver Nuggets,19,9,10,241.3,107.4,401.7,219.9,21.7,3.24,2.31,0.267,11.5,11.6,19.4,0.530,0.455,0.785
2019-20,Playoffs,HOU,Houston Rockets,12,5,7,242.1,107.7,372.9,181.1,20.5,3.30,2.66,0.289,5.3,3.5,12.6,0.547,0.476,0.629
2019-20,Playoffs,IND,Indiana Pacers,4,0,4,240.0,100.8,384.0,195.0,20.6,3.23,2.75,0.262,6.5,3.0,13.0,0.462,0.167,0.962
2019-20,Playoffs,LAC,LA Clippers,13,7,6,241.9,114.0,381.8,192.7,20.8,3.27,2.47,0.299,6.8,8.5,21.7,0.629,0.649,0.869
2019-20,Playoffs,LAL,Los Angeles Lakers,21,16,5,240.0,112.8,395.3,212.1,20.7,3.14,2.15,0.285,9.6,12.5,24.5,0.512,0.485,0.924
2019-20,Playoffs,MIA,Miami Heat,21,14,7,242.4,110.0,410.0,224.6,21.3,3.12,2.21,0.268,14.4,8.5,20.3,0.512,0.365,0.824
2019-20,Playoffs,MIL,Milwaukee Bucks,10,5,5,242.5,111.1,388.5,192.8,20.2,3.12,2.27,0.286,9.0,7.2,19.7,0.578,0.431,0.924
2019-20,Playoffs,OKC,Oklahoma City Thunder,7,3,4,243.6,104.0,399.6,202.4,21.9,3.30,2.36,0.260,5.3,8.3,19.9,0.432,0.483,0.734
2019-20,Playoffs,ORL,Orlando Magic,5,1,4,240.0,107.0,402.2,203.6,21.7,3.24,2.64,0.266,12.2,9.6,16.2,0.443,0.458,0.815
2019-20,Playoffs,PHI,Philadelphia 76ers,4,0,4,240.0,100.5,400.8,215.5,21.9,3.28,2.39,0.251,16.0,21.8,19.3,0.344,0.713,0.766
2019-20,Playoffs,POR,Portland Trail Blazers,5,1,4,240.0,106.6,362.6,170.8,20.7,3.42,2.68,0.294,10.2,9.6,18.0,0.588,0.542,0.978
2019-20,Playoffs,TOR,Toronto Raptors,11,7,4,244.5,109.4,408.9,215.8,21.0,3.08,2.31,0.267,11.4,10.2,16.8,0.424,0.679,0.805
2019-20,Playoffs,UTA,Utah Jazz,7,3,4,243.6,113.4,391.0,211.1,21.4,3.29,2.59,0.290,8.6,1.4,20.0,0.600,0.000,0.800
2019-20,PlayIn,MEM,Memphis Grizzlies,1,0,1,240.0,122.0,401.0,190.0,21.3,3.19,2.29,0.304,12.0,7.0,27.0,0.667,0.857,0.815
2019-20,PlayIn,POR,Portland Trail Blazers,1,1,0,240.0,126.0,381.0,163.0,20.7,3.26,2.49,0.331,9.0,11.0,25.0,0.667,1.000,0.560
2019-20,IST,NOP,New Orleans Pelicans,1,0,1,265.0,122.0,502.0,297.0,21.0,2.51,1.76,0.243,12.0,6.0,26.0,0.417,0.333,0.846
2019-20,IST,TOR,Toronto Raptors,1,1,0,265.0,130.0,527.0,296.0,23.6,2.69,1.81,0.247,9.0,10.0,28.0,0.444,0.600,0.464
2020-21,Regular+Season,ATL,Atlanta Hawks,72,41,31,241.7,113.7,396.3,203.4,21.4,3.24,2.40,0.287,9.2,7.7,25.2,0.653,0.610,0.962
2020-21,Regular+Season,BOS,Boston Celtics,72,36,36,241.4,112.6,406.8,216.0,20.8,3.07,2.32,0.277,9.8,6.7,22.9,0.487,0.520,0.876
2020-21,Regular+Season,BKN,Brooklyn Nets,72,48,24,241.7,118.6,397.8,197.4,20.2,3.05,2.24,0.298,11.9,5.2,21.1,0.544,0.544,0.913
2020-21,Regular+Season,CHA,Charlotte Hornets,72,33,39,241.0,109.5,426.6,239.8,20.2,2.85,2.14,0.257,10.9,4.8,23.9,0.499,0.407,0.758
2020-21,Regular+Season,CHI,Chicago Bulls,72,31,41,241.4,110.7,412.8,220.9,21.1,3.06,2.32,0.268,14.3,11.3,22.7,0.518,0.526,0.868
2020-21,Regular+Season,CLE,Cleveland Cavaliers,72,22,50,242.1,103.8,424.3,237.4,21.5,3.04,2.17,0.245,14.7,8.6,27.5,0.462,0.439,0.847
2020-21,Regular+Season,DAL,Dallas Mavericks,72,42,30,240.3,112.4,392.1,202.8,21.2,3.24,2.50,0.287,6.9,5.9,19.8,0.459,0.678,0.842
2020-21,Regular+Season,DEN,Denver Nuggets,72,47,25,242.8,115.1,416.4,234.5,21.2,3.06,2.16,0.276,17.2,13.0,25.8,0.528,0.587,0.895
2020-21,Regular+Season,DET,Detroit Pistons,72,20,52,242.1,106.6,407.5,222.0,21.5,3.17,2.40,0.262,9.9,8.2,22.1,0.457,0.486,0.846
2020-21,Regular+Season,GSW,Golden State Warriors,72,39,33,240.3,113.7,428.9,238.2,19.5,2.73,2.07,0.265,7.7,8.9,18.0,0.591,0.371,0.876
2020-21,Regular+Season,HOU,Houston Rockets,72,17,55,240.3,108.8,398.1,204.9,20.3,3.06,2.30,0.273,7.7,5.3,19.3,0.624,0.545,0.931
2020-21,Regular+Season,IND,Indiana Pacers,72,34,38,242.4,115.3,431.3,235.1,20.3,2.82,2.22,0.267,11.3,7.8,22.1,0.593,0.422,0.920
2020-21,Regular+Season,LAC,LA Clippers,72,47,25,240.0,114.0,398.9,211.4,20.9,3.15,2.31,0.286,12.6,11.0,21.0,0.444,0.557,0.840
2020-21,Regular+Season,LAL,Los Angeles Lakers,72,42,30,242.4,109.5,424.8,229.7,21.1,2.98,2.05,0.258,12.2,15.2,22.2,0.532,0.545,0.896
2020-21,Regular+Season,MEM,Memphis Grizzlies,72,38,34,241.7,113.3,401.1,209.2,20.3,3.03,2.20,0.282,12.2,6.5,25.1,0.568,0.627,0.918
2020-21,Regular+Season,MIA,Miami Heat,72,40,32,241.4,108.1,403.2,213.9,20.9,3.11,2.20,0.268,11.6,9.5,22.8,0.507,0.358,0.893
2020-21,Regular+Season,MIL,Milwaukee Bucks,72,46,26,240.7,120.1,380.1,185.4,19.8,3.13,2.35,0.316,9.7,9.8,23.7,0.706,0.618,0.867
2020-21,Regular+Season,MIN,Minnesota Timberwolves,72,23,49,241.7,112.1,420.9,226.1,20.9,2.97,2.19,0.266,9.9,8.5,21.9,0.648,0.502,0.886
2020-21,Regular+Season,NOP,New Orleans Pelicans,72,31,41,242.1,114.6,416.3,221.7,20.5,2.96,2.17,0.275,12.3,7.2,24.9,0.574,0.608,0.879
2020-21,Regular+Season,NYK,New York Knicks,72,41,31,242.1,107.0,394.4,212.3,21.6,3.29,2.49,0.271,7.4,6.4,19.0,0.479,0.529,0.825
2020-21,Regular+Season,OKC,Oklahoma City Thunder,72,22,50,241.0,105.0,408.8,219.8,20.8,3.05,2.37,0.257,6.6,4.0,20.2,0.608,0.528,0.846
2020-21,Regular+Season,ORL,Orlando Magic,72,21,51,240.7,104.0,392.2,207.7,21.5,3.29,2.48,0.265,12.1,11.1,20.1,0.450,0.433,0.793
2020-21,Regular+Season,PHI,Philadelphia 76ers,72,49,23,242.1,113.6,430.7,237.5,21.1,2.94,2.08,0.264,8.7,14.9,19.3,0.485,0.643,0.864
2020-21,Regular+Season,PHX,Phoenix Suns,72,51,21,242.8,115.3,402.6,214.0,20.8,3.09,2.26,0.286,11.7,8.9,24.3,0.540,0.593,0.872
2020-21,Regular+Season,POR,Portland Trail Blazers,72,42,30,240.3,116.1,364.6,173.1,21.2,3.50,2.63,0.318,7.5,8.0,17.4,0.547,0.651,0.884
2020-21,Regular+Season,SAC,Sacramento Kings,72,31,41,240.3,113.7,399.4,206.2,20.4,3.07,2.34,0.285,11.3,6.7,22.2,0.743,0.558,0.935
2020-21,Regular+Season,SAS,San Antonio Spurs,72,33,39,242.8,111.1,380.7,193.8,21.0,3.30,2.58,0.292,9.0,5.0,18.7,0.571,0.573,0.856
2020-21,Regular+Season,TOR,Toronto Raptors,72,27,45,240.3,111.3,412.3,221.4,20.5,2.98,2.25,0.270,9.0,5.2,20.0,0.599,0.415,0.807
2020-21,Regular+Season,UTA,Utah Jazz,72,52,20,241.0,116.4,411.2,220.7,20.5,2.99,2.31,0.283,8.7,2.6,20.7,0.673,0.505,0.919
2020-21,Regular+Season,WAS,Washington Wizards,72,34,38,241.7,116.6,391.8,198.8,19.9,3.05,2.37,0.298,9.3,7.8,24.8,0.733,0.651,0.937
2020-21,Playoffs,ATL,Atlanta Hawks,18,10,8,240.0,106.3,364.9,172.8,21.2,3.49,2.62,0.291,7.1,7.6,20.3,0.539,0.766,0.880
2020-21,Playoffs,BOS,Boston Celtics,5,1,4,240.0,112.2,369.4,178.8,20.0,3.25,2.43,0.304,9.6,7.4,24.0,0.604,0.459,0.850
2020-21,Playoffs,BKN,Brooklyn Nets,12,7,5,242.1,112.5,390.7,191.3,22.0,3.38,2.43,0.288,9.9,6.8,17.2,0.571,0.622,0.825
2020-21,Playoffs,DAL,Dallas Mavericks,7,3,4,240.0,106.0,363.9,177.3,21.7,3.58,2.76,0.291,7.6,7.0,22.7,0.566,0.592,0.730
2020-21,Playoffs,DEN,Denver Nuggets,10,4,6,245.0,114.8,403.2,217.8,21.7,3.23,2.36,0.285,13.7,12.3,21.2,0.701,0.455,0.920
2020-21,Playoffs,LAC,LA Clippers,19,10,9,240.0,111.6,373.2,189.2,20.7,3.34,2.53,0.299,9.2,7.2,16.7,0.486,0.547,0.785
2020-21,Playoffs,LAL,Los Angeles Lakers,6,2,4,240.0,97.5,404.0,216.5,20.5,3.04,2.05,0.241,11.2,11.5,23.5,0.418,0.319,0.879
2020-21,Playoffs,MEM,Memphis Grizzlies,5,1,4,240.0,115.0,360.6,168.2,20.2,3.37,2.53,0.319,8.4,6.8,22.0,0.405,0.588,0.873
2020-21,Playoffs,MIA,Miami Heat,4,0,4,246.2,98.0,415.8,201.3,21.3,3.08,2.24,0.236,13.3,8.5,20.3,0.547,0.353,0.778
2020-21,Playoffs,MIL,Milwaukee Bucks,23,16,7,242.2,110.3,362.7,172.2,20.3,3.36,2.52,0.304,9.0,9.5,24.5,0.635,0.573,0.909
2020-21,Playoffs,NYK,New York Knicks,5,1,4,240.0,97.0,381.4,201.6,21.5,3.38,2.59,0.254,6.2,3.0,20.6,0.484,0.133,0.699
2020-21,Playoffs,PHI,Philadelphia 76ers,12,7,5,240.0,116.3,425.2,231.2,21.3,3.00,2.08,0.273,7.4,13.8,17.3,0.449,0.741,0.986
2020-21,Playoffs,PHX,Phoenix Suns,22,14,8,240.0,109.0,366.0,177.3,21.5,3.52,2.62,0.298,10.5,4.3,21.6,0.678,0.505,0.823
2020-21,Playoffs,POR,Portland Trail Blazers,6,2,4,248.3,119.5,363.5,171.8,21.5,3.55,2.68,0.329,7.2,4.2,14.0,0.628,0.480,1.036
2020-21,Playoffs,UTA,Utah Jazz,11,6,5,240.0,116.9,361.0,172.8,20.8,3.47,2.79,0.324,4.9,1.6,16.5,0.537,0.444,0.967
2020-21,Playoffs,WAS,Washington Wizards,5,1,4,240.0,110.0,370.2,180.8,19.8,3.21,2.57,0.297,6.6,6.8,24.4,0.879,0.706,0.975
2021-22,Regular+Season,ATL,Atlanta Hawks,82,43,39,240.3,113.9,377.5,189.0,20.8,3.30,2.43,0.302,8.6,5.0,23.3,0.578,0.679,0.932
2021-22,Regular+Season,BOS,Boston Celtics,81,51,30,242.8,111.8,408.1,220.8,20.9,3.07,2.23,0.274,8.5,6.1,21.6,0.533,0.565,0.907
2021-22,Regular+Season,BKN,Brooklyn Nets,82,44,38,240.9,112.9,387.9,194.9,20.6,3.19,2.35,0.291,13.0,6.1,23.1,0.546,0.610,0.862
2021-22,Regular+Season,CHA,Charlotte Hornets,81,43,38,242.5,115.4,425.8,234.7,20.3,2.86,2.15,0.271,10.2,3.9,23.3,0.586,0.414,0.802
2021-22,Regular+Season,CHI,Chicago Bulls,82,46,36,240.6,111.6,386.8,193.9,20.6,3.19,2.41,0.289,12.8,7.1,18.2,0.568,0.557,0.860
2021-22,Regular+Season,CLE,Cleveland Cavaliers,82,44,38,240.6,107.8,416.6,229.0,21.6,3.11,2.20,0.259,12.9,8.0,27.9,0.511,0.584,0.904
2021-22,Regular+Season,DAL,Dallas Mavericks,82,52,30,240.9,108.0,400.5,212.0,21.8,3.27,2.45,0.270,7.6,6.8,20.4,0.523,0.573,0.882
2021-22,Regular+Season,DEN,Denver Nuggets,82,48,34,241.5,112.7,430.2,244.6,20.9,2.92,2.04,0.262,16.0,13.7,24.9,0.583,0.575,0.996
2021-22,Regular+Season,DET,Detroit Pistons,81,23,58,241.2,105.0,427.6,235.0,21.0,2.95,2.18,0.246,9.0,6.3,22.1,0.503,0.532,0.870
2021-22,Regular+Season,GSW,Golden State Warriors,81,53,28,240.6,111.2,430.7,240.8,20.2,2.81,2.03,0.258,9.0,5.7,22.0,0.591,0.402,0.802
2021-22,Regular+Season,HOU,Houston Rockets,82,20,62,240.9,109.7,402.2,210.6,21.3,3.17,2.37,0.273,9.6,5.9,21.3,0.617,0.612,0.905
2021-22,Regular+Season,IND,Indiana Pacers,82,25,57,242.4,111.5,431.9,237.2,20.8,2.89,2.20,0.258,10.6,4.8,24.6,0.688,0.558,0.910
2021-22,Regular+Season,LAC,LA Clippers,81,42,39,241.2,108.7,396.6,205.9,21.0,3.18,2.26,0.274,13.5,6.5,22.2,0.493,0.606,0.829
2021-22,Regular+Season,LAL,Los Angeles Lakers,82,33,49,243.7,112.1,404.8,209.9,21.0,3.12,2.25,0.277,11.2,10.1,23.7,0.538,0.562,0.917
2021-22,Regular+Season,MEM,Memphis Grizzlies,81,55,26,241.2,115.6,399.8,209.4,20.7,3.10,2.17,0.289,15.1,4.1,25.3,0.495,0.661,0.830
2021-22,Regular+Season,MIA,Miami Heat,82,53,29,242.1,110.0,414.5,222.7,21.1,3.06,2.12,0.265,11.0,6.8,25.0,0.569,0.520,0.823
2021-22,Regular+Season,MIL,Milwaukee Bucks,82,51,31,240.9,115.5,380.7,186.2,20.1,3.16,2.33,0.303,8.5,9.4,22.4,0.616,0.550,0.845
2021-22,Regular+Season,MIN,Minnesota Timberwolves,82,46,36,241.2,115.9,404.9,211.5,20.1,2.98,2.14,0.286,10.6,6.9,20.4,0.676,0.457,0.783
2021-22,Regular+Season,NOP,New Orleans Pelicans,81,35,46,240.9,109.4,422.6,233.4,21.0,2.99,2.12,0.259,10.4,8.0,24.3,0.613,0.595,0.882
2021-22,Regular+Season,NYK,New York Knicks,81,36,45,241.2,106.5,399.8,216.2,21.5,3.22,2.46,0.266,7.0,5.8,20.2,0.527,0.464,0.862
2021-22,Regular+Season,OKC,Oklahoma City Thunder,82,24,58,241.5,103.7,419.4,232.4,20.4,2.92,2.23,0.247,7.9,1.3,20.2,0.604,0.402,0.825
2021-22,Regular+Season,ORL,Orlando Magic,82,22,60,241.2,104.2,405.7,212.1,20.9,3.09,2.28,0.257,9.3,4.6,18.6,0.606,0.523,0.885
2021-22,Regular+Season,PHI,Philadelphia 76ers,82,51,31,241.5,109.9,416.4,232.3,21.3,3.06,2.21,0.264,7.7,11.3,16.6,0.602,0.642,0.936
2021-22,Regular+Season,PHX,Phoenix Suns,81,63,18,240.6,114.9,378.6,186.9,20.2,3.20,2.41,0.304,12.5,4.4,25.3,0.684,0.728,0.965
2021-22,Regular+Season,POR,Portland Trail Blazers,82,27,55,240.6,106.2,398.0,207.7,21.1,3.17,2.39,0.267,11.5,5.6,18.8,0.551,0.514,0.865
2021-22,Regular+Season,SAC,Sacramento Kings,81,29,52,241.5,109.9,401.7,209.2,20.3,3.03,2.27,0.274,11.2,4.6,21.3,0.597,0.515,0.934
2021-22,Regular+Season,SAS,San Antonio Spurs,82,34,48,241.5,113.2,413.0,221.6,20.2,2.93,2.16,0.274,13.2,4.3,23.8,0.629,0.514,0.834
2021-22,Regular+Season,TOR,Toronto Raptors,82,48,34,242.1,109.4,403.2,218.9,21.0,3.12,2.35,0.271,9.6,6.5,26.0,0.597,0.492,0.795
2021-22,Regular+Season,UTA,Utah Jazz,82,49,33,240.6,113.6,386.6,199.8,21.0,3.26,2.53,0.294,6.9,3.7,21.9,0.661,0.634,1.000
2021-22,Regular+Season,WAS,Washington Wizards,82,35,47,241.8,108.6,407.8,220.8,21.6,3.18,2.37,0.266,11.0,5.5,21.9,0.593,0.663,1.029
2021-22,Playoffs,ATL,Atlanta Hawks,5,1,4,240.0,97.4,378.8,189.4,20.9,3.32,2.50,0.257,6.6,3.8,17.8,0.273,0.737,1.022
2021-22,Playoffs,BOS,Boston Celtics,24,14,10,240.0,105.5,403.9,212.3,21.6,3.21,2.39,0.261,7.9,3.6,19.6,0.605,0.442,0.834
2021-22,Playoffs,BKN,Brooklyn Nets,4,0,4,240.0,109.0,383.0,190.8,20.9,3.28,2.43,0.285,13.0,4.0,21.0,0.558,0.500,0.821
2021-22,Playoffs,CHI,Chicago Bulls,5,1,4,240.0,95.2,415.2,217.8,21.6,3.12,2.37,0.229,10.0,6.4,15.2,0.560,0.438,0.724
2021-22,Playoffs,DAL,Dallas Mavericks,18,9,9,240.0,106.3,367.2,182.4,22.3,3.64,2.94,0.290,4.6,5.7,10.9,0.476,0.608,0.745
2021-22,Playoffs,DEN,Denver Nuggets,5,1,4,240.0,110.0,437.0,246.8,21.6,2.97,2.01,0.252,15.6,21.8,25.8,0.397,0.679,0.884
2021-22,Playoffs,GSW,Golden State Warriors,22,16,6,240.0,111.9,396.0,208.0,20.0,3.04,2.35,0.283,9.4,3.9,20.2,0.646,0.318,0.849
2021-22,Playoffs,MEM,Memphis Grizzlies,12,6,6,240.0,112.5,404.2,207.4,21.1,3.13,2.27,0.278,11.7,3.9,22.6,0.514,0.681,0.926
2021-22,Playoffs,MIA,Miami Heat,18,11,7,240.0,104.2,391.7,209.5,21.1,3.23,2.33,0.266,10.1,4.3,18.9,0.746,0.603,0.915
2021-22,Playoffs,MIL,Milwaukee Bucks,12,7,5,240.0,102.8,361.4,173.4,19.6,3.25,2.41,0.284,8.5,10.5,18.9,0.549,0.429,0.828
2021-22,Playoffs,MIN,Minnesota Timberwolves,6,2,4,240.0,109.2,405.7,208.2,21.4,3.16,2.35,0.269,7.8,5.2,19.3,0.574,0.258,0.802
2021-22,Playoffs,NOP,New Orleans Pelicans,6,2,4,240.0,109.8,396.2,211.2,21.5,3.25,2.35,0.277,10.0,6.2,22.0,0.667,0.514,0.932
2021-22,Playoffs,PHI,Philadelphia 76ers,12,6,6,242.1,104.5,387.5,198.8,21.5,3.32,2.49,0.270,5.3,6.0,15.3,0.531,0.542,0.864
2021-22,Playoffs,PHX,Phoenix Suns,13,7,6,240.0,107.6,360.6,174.7,20.5,3.41,2.60,0.298,12.1,5.5,21.8,0.777,0.708,1.053
2021-22,Playoffs,TOR,Toronto Raptors,6,2,4,244.2,103.2,368.0,185.8,20.8,3.40,2.72,0.280,6.7,4.3,20.5,0.600,0.269,0.959
2021-22,Playoffs,UTA,Utah Jazz,6,2,4,240.0,99.0,340.5,163.8,19.2,3.39,2.80,0.291,4.5,2.3,18.8,0.259,0.429,0.912
2021-22,PlayIn,ATL,Atlanta Hawks,2,2,0,240.0,119.5,367.5,171.0,22.1,3.61,2.88,0.325,9.5,5.0,20.0,0.105,0.600,1.200
2021-22,PlayIn,BKN,Brooklyn Nets,1,1,0,240.0,115.0,425.0,217.0,21.8,3.08,2.34,0.271,8.0,1.0,26.0,0.250,2.000,1.077
2021-22,PlayIn,CHA,Charlotte Hornets,1,0,1,240.0,103.0,381.0,179.0,17.9,2.81,2.19,0.270,5.0,2.0,18.0,0.800,1.000,0.556
2021-22,PlayIn,CLE,Cleveland Cavaliers,2,0,2,240.0,104.5,389.5,205.5,21.1,3.25,2.50,0.268,8.5,5.0,21.5,0.882,0.400,0.837
2021-22,PlayIn,LAC,LA Clippers,2,0,2,240.0,102.5,367.5,171.0,20.9,3.41,2.59,0.279,9.0,5.0,13.0,0.278,0.900,0.538
2021-22,PlayIn,MIN,Minnesota Timberwolves,1,1,0,240.0,109.0,396.0,200.0,21.0,3.18,2.32,0.275,5.0,7.0,13.0,0.000,0.571,0.846
2021-22,PlayIn,NOP,New Orleans Pelicans,2,2,0,240.0,109.0,371.0,177.5,22.7,3.67,2.76,0.294,9.5,6.0,20.5,0.947,0.583,0.927
2021-22,PlayIn,SAS,San Antonio Spurs,1,0,1,240.0,103.0,379.0,198.0,19.8,3.14,2.40,0.272,12.0,7.0,21.0,0.417,0.571,0.762
2022-23,Regular+Season,ATL,Atlanta Hawks,82,41,41,242.1,118.4,375.8,177.3,20.8,3.32,2.62,0.315,9.1,4.0,23.7,0.694,0.704,0.987
2022-23,Regular+Season,BOS,Boston Celtics,82,57,25,243.7,117.9,397.7,199.7,21.2,3.20,2.44,0.297,8.4,3.8,19.5,0.614,0.621,0.828
2022-23,Regular+Season,BKN,Brooklyn Nets,82,45,37,240.6,113.4,395.5,201.4,20.8,3.16,2.37,0.287,9.7,3.2,18.4,0.519,0.553,0.913
2022-23,Regular+Season,CHA,Charlotte Hornets,82,27,55,241.8,111.0,409.4,214.8,20.8,3.05,2.33,0.271,9.3,4.1,22.8,0.652,0.543,0.942
2022-23,Regular+Season,CHI,Chicago Bulls,81,39,42,242.8,113.0,405.9,211.0,20.4,3.01,2.26,0.278,9.7,8.7,17.8,0.654,0.608,0.949
2022-23,Regular+Season,CLE,Cleveland Cavaliers,82,51,31,242.4,112.3,387.2,200.1,21.9,3.39,2.60,0.290,12.7,4.2,25.5,0.573,0.554,0.903
2022-23,Regular+Season,DAL,Dallas Mavericks,82,38,44,243.1,114.2,389.0,191.6,22.0,3.40,2.59,0.294,7.7,5.9,16.6,0.564,0.730,0.885
2022-23,Regular+Season,DEN,Denver Nuggets,82,53,29,240.9,115.8,413.7,224.0,21.1,3.06,2.18,0.280,17.6,11.8,26.3,0.559,0.581,1.024
2022-23,Regular+Season,DET,Detroit Pistons,81,17,64,241.5,110.3,386.6,193.7,21.5,3.33,2.68,0.285,8.0,5.4,21.1,0.724,0.574,0.910
2022-23,Regular+Season,GSW,Golden State Warriors,81,43,38,241.9,118.6,446.5,246.3,20.3,2.72,2.02,0.266,11.1,4.5,22.5,0.613,0.314,0.817
2022-23,Regular+Season,HOU,Houston Rockets,82,22,60,240.9,110.7,410.8,221.5,21.8,3.19,2.52,0.270,11.6,6.3,24.7,0.545,0.596,0.842
2022-23,Regular+Season,IND,Indiana Pacers,82,35,47,240.9,116.3,428.8,227.5,20.2,2.83,2.20,0.271,9.1,2.7,20.6,0.703,0.768,0.932
2022-23,Regular+Season,LAC,LA Clippers,82,44,38,241.8,113.6,392.6,201.6,21.1,3.23,2.45,0.289,10.4,6.5,19.9,0.599,0.709,0.891
2022-23,Regular+Season,LAL,Los Angeles Lakers,82,43,39,242.4,117.2,380.4,186.3,21.1,3.32,2.53,0.308,11.3,7.7,24.5,0.670,0.631,0.977
2022-23,Regular+Season,MEM,Memphis Grizzlies,82,51,31,241.2,116.9,397.6,201.9,20.7,3.12,2.26,0.294,13.3,3.9,23.0,0.526,0.739,0.940
2022-23,Regular+Season,MIA,Miami Heat,82,44,38,241.5,109.5,410.4,222.5,21.3,3.12,2.19,0.267,12.3,5.5,23.0,0.645,0.545,0.819
2022-23,Regular+Season,MIL,Milwaukee Bucks,82,58,24,241.8,116.9,396.2,201.0,20.9,3.17,2.34,0.295,10.1,9.2,21.8,0.524,0.627,0.896
2022-23,Regular+Season,MIN,Minnesota Timberwolves,81,41,40,241.9,115.3,421.6,227.2,20.7,2.95,2.19,0.274,9.4,4.8,21.1,0.648,0.533,0.945
2022-23,Regular+Season,NOP,New Orleans Pelicans,82,42,40,242.1,114.4,419.1,223.3,20.9,2.99,2.23,0.273,10.9,8.1,21.2,0.610,0.633,0.978
2022-23,Regular+Season,NYK,New York Knicks,82,47,35,243.4,116.0,390.6,206.0,21.9,3.36,2.62,0.297,7.5,5.6,21.0,0.569,0.570,0.843
2022-23,Regular+Season,OKC,Oklahoma City Thunder,82,40,42,242.1,117.5,403.1,206.2,20.3,3.03,2.40,0.291,8.4,2.3,21.4,0.663,0.562,0.794
2022-23,Regular+Season,ORL,Orlando Magic,82,34,48,241.2,111.4,389.2,199.7,21.0,3.24,2.48,0.286,8.3,4.1,19.6,0.618,0.524,0.977
2022-23,Regular+Season,PHI,Philadelphia 76ers,82,54,28,242.4,115.2,402.3,209.5,21.7,3.24,2.38,0.286,11.6,8.6,17.5,0.678,0.669,0.889
2022-23,Regular+Season,PHX,Phoenix Suns,82,45,37,241.2,113.6,399.1,207.3,21.2,3.19,2.41,0.285,12.3,7.1,26.4,0.627,0.683,0.847
2022-23,Regular+Season,POR,Portland Trail Blazers,81,33,48,240.6,113.2,396.3,202.9,21.6,3.27,2.49,0.286,9.2,6.0,18.0,0.614,0.535,0.849
2022-23,Regular+Season,SAC,Sacramento Kings,82,48,34,241.8,120.7,420.9,230.7,20.3,2.89,2.17,0.287,13.4,6.0,22.9,0.599,0.536,0.905
2022-23,Regular+Season,SAS,San Antonio Spurs,79,21,58,242.2,112.6,414.1,218.5,21.0,3.05,2.29,0.272,13.8,6.4,23.2,0.552,0.590,0.863
2022-23,Regular+Season,TOR,Toronto Raptors,82,41,41,241.5,112.9,413.3,222.0,20.9,3.04,2.31,0.273,10.6,7.8,25.3,0.532,0.548,0.911
2022-23,Regular+Season,UTA,Utah Jazz,82,37,45,241.5,117.1,395.5,201.2,21.4,3.25,2.44,0.296,8.2,3.0,23.1,0.712,0.524,0.948
2022-23,Regular+Season,WAS,Washington Wizards,82,35,47,240.9,113.2,406.3,216.7,21.9,3.23,2.48,0.278,10.8,5.6,20.0,0.632,0.732,0.982
2022-23,Playoffs,ATL,Atlanta Hawks,6,2,4,240.0,115.8,353.3,160.5,20.4,3.47,2.77,0.328,6.7,2.2,20.0,0.425,0.923,0.900
2022-23,Playoffs,BOS,Boston Celtics,20,11,9,241.3,112.0,370.1,177.8,20.1,3.25,2.45,0.303,7.3,2.4,18.8,0.589,0.688,0.909
2022-23,Playoffs,BKN,Brooklyn Nets,4,0,4,240.0,92.5,371.8,198.3,19.2,3.10,2.45,0.249,4.3,0.5,13.8,0.235,0.000,0.873
2022-23,Playoffs,CLE,Cleveland Cavaliers,5,1,4,240.0,94.2,349.8,167.2,20.7,3.56,2.80,0.269,11.0,1.0,19.6,0.455,0.800,0.837
2022-23,Playoffs,DEN,Denver Nuggets,20,16,4,241.3,113.5,400.9,214.8,22.0,3.30,2.36,0.283,17.1,12.1,24.5,0.569,0.723,0.933
2022-23,Playoffs,GSW,Golden State Warriors,13,6,7,240.0,113.1,427.3,224.6,21.1,2.96,2.25,0.265,10.8,3.1,24.5,0.486,0.475,0.814
2022-23,Playoffs,LAC,LA Clippers,5,1,4,240.0,115.6,363.0,170.4,20.4,3.36,2.66,0.318,8.8,6.6,24.0,0.636,0.818,0.833
2022-23,Playoffs,LAL,Los Angeles Lakers,16,8,8,241.6,112.3,380.3,185.1,20.9,3.29,2.41,0.295,11.6,10.2,20.2,0.751,0.589,0.947
2022-23,Playoffs,MEM,Memphis Grizzlies,6,2,4,244.2,104.7,395.7,198.8,21.6,3.28,2.33,0.265,12.7,5.0,22.3,0.592,0.767,0.896
2022-23,Playoffs,MIA,Miami Heat,23,13,10,241.1,108.3,392.7,202.5,21.9,3.35,2.37,0.276,11.1,6.6,19.2,0.651,0.523,0.721
2022-23,Playoffs,MIL,Milwaukee Bucks,5,1,4,245.0,118.8,400.4,199.4,20.5,3.07,2.27,0.297,9.4,9.6,24.4,0.596,0.625,0.902
2022-23,Playoffs,MIN,Minnesota Timberwolves,5,1,4,245.0,105.4,405.2,215.6,21.1,3.12,2.32,0.260,9.2,7.6,18.2,0.522,0.658,0.967
2022-23,Playoffs,NYK,New York Knicks,11,6,5,240.0,100.1,356.5,182.9,21.2,3.56,2.78,0.281,5.9,5.7,18.8,0.615,0.444,0.778
2022-23,Playoffs,PHI,Philadelphia 76ers,11,7,4,242.3,102.5,367.9,180.4,22.4,3.66,2.75,0.279,6.6,9.3,15.1,0.849,0.686,0.825
2022-23,Playoffs,PHX,Phoenix Suns,11,6,5,240.0,114.2,360.2,166.2,20.7,3.44,2.53,0.317,11.5,4.3,23.6,0.701,0.511,0.769
2022-23,Playoffs,SAC,Sacramento Kings,7,3,4,240.0,113.7,380.0,187.0,19.3,3.05,2.40,0.299,13.7,3.6,21.7,0.573,0.680,0.684
2022-23,PlayIn,ATL,Atlanta Hawks,1,1,0,240.0,116.0,395.0,195.0,20.9,3.17,2.51,0.294,8.0,6.0,29.0,1.000,0.333,0.897
2022-23,PlayIn,CHI,Chicago Bulls,2,1,1,240.0,100.0,358.0,172.0,20.9,3.50,2.71,0.279,3.5,8.0,12.0,0.571,0.688,0.833
2022-23,PlayIn,LAL,Los Angeles Lakers,1,1,0,265.0,108.0,443.0,233.0,22.8,3.09,2.17,0.244,14.0,9.0,27.0,1.000,0.444,0.926
2022-23,PlayIn,MIA,Miami Heat,2,1,1,240.0,103.5,379.5,191.5,21.0,3.32,2.24,0.273,8.5,6.5,21.5,0.529,0.846,0.744
2022-23,PlayIn,MIN,Minnesota Timberwolves,2,1,1,252.5,111.0,432.0,241.0,22.6,3.14,2.26,0.257,9.0,4.5,19.0,0.333,0.222,1.000
2022-23,PlayIn,NOP,New Orleans Pelicans,1,0,1,240.0,118.0,419.0,240.0,22.9,3.29,2.21,0.282,8.0,13.0,21.0,1.000,0.615,1.476
2022-23,PlayIn,OKC,Oklahoma City Thunder,2,1,1,240.0,109.0,379.0,187.5,19.7,3.12,2.51,0.288,10.5,1.0,17.0,0.286,0.000,0.735
2022-23,PlayIn,TOR,Toronto Raptors,1,0,1,240.0,105.0,394.0,205.0,21.7,3.30,2.61,0.266,21.0,7.0,27.0,0.333,1.429,0.704
2023-24,Regular+Season,ATL,Atlanta Hawks,82,36,46,242.1,118.3,394.2,199.8,20.4,3.10,2.42,0.300,8.3,2.4,23.8,0.682,0.688,0.921
2023-24,Regular+Season,BOS,Boston Celtics,81,63,18,241.9,120.6,387.8,190.5,20.6,3.19,2.52,0.311,8.7,7.2,22.2,0.688,0.800,0.888
2023-24,Regular+Season,BKN,Brooklyn Nets,79,32,47,241.6,110.7,404.7,215.6,21.0,3.12,2.43,0.274,8.4,2.0,21.1,0.506,0.586,0.855
2023-24,Regular+Season,CHA,Charlotte Hornets,81,20,61,240.6,106.5,392.5,204.0,21.0,3.21,2.54,0.271,7.2,2.3,18.6,0.579,0.527,0.972
2023-24,Regular+Season,CHI,Chicago Bulls,81,39,42,243.7,112.4,406.9,214.8,19.8,2.92,2.31,0.276,10.4,7.2,20.4,0.523,0.583,0.797
2023-24,Regular+Season,CLE,Cleveland Cavaliers,82,48,34,241.5,112.6,417.5,228.6,20.8,2.98,2.32,0.270,11.8,1.8,23.6,0.627,0.465,0.921
2023-24,Regular+Season,DAL,Dallas Mavericks,81,49,32,240.3,117.6,380.6,179.0,20.3,3.20,2.47,0.309,8.0,2.6,20.2,0.576,0.615,0.898
2023-24,Regular+Season,DEN,Denver Nuggets,80,55,25,240.3,114.4,406.7,221.9,21.0,3.10,2.23,0.281,18.7,10.2,26.1,0.557,0.601,0.929
2023-24,Regular+Season,DET,Detroit Pistons,81,14,67,240.9,109.7,387.9,196.2,20.7,3.20,2.63,0.283,9.9,3.3,21.9,0.579,0.562,0.915
2023-24,Regular+Season,GSW,Golden State Warriors,81,46,35,241.9,117.8,421.2,229.0,20.2,2.88,2.20,0.280,10.5,6.5,25.0,0.607,0.393,0.806
2023-24,Regular+Season,HOU,Houston Rockets,82,41,41,242.1,114.3,383.0,191.8,20.6,3.22,2.53,0.298,11.6,5.6,20.5,0.662,0.603,0.863
2023-24,Regular+Season,IND,Indiana Pacers,82,47,35,240.3,123.3,430.8,226.2,19.7,2.75,2.18,0.286,9.6,3.4,22.6,0.768,0.687,1.029
2023-24,Regular+Season,LAC,LA Clippers,81,50,31,240.3,115.7,373.4,184.5,21.1,3.39,2.67,0.310,11.7,4.8,22.6,0.561,0.614,0.895
2023-24,Regular+Season,LAL,Los Angeles Lakers,81,46,35,242.2,117.9,388.1,189.6,20.3,3.13,2.37,0.304,10.6,7.9,20.6,0.703,0.584,1.061
2023-24,Regular+Season,MEM,Memphis Grizzlies,82,27,55,241.2,105.8,407.2,218.0,21.2,3.12,2.40,0.260,9.9,3.7,18.6,0.522,0.596,0.784
2023-24,Regular+Season,MIA,Miami Heat,82,46,36,240.9,110.1,397.4,217.1,20.6,3.11,2.27,0.277,9.5,7.3,22.3,0.577,0.511,0.828
2023-24,Regular+Season,MIL,Milwaukee Bucks,82,49,33,241.5,119.0,386.8,193.3,20.7,3.21,2.43,0.308,8.2,6.8,18.4,0.568,0.657,0.952
2023-24,Regular+Season,MIN,Minnesota Timberwolves,82,56,26,241.5,113.0,409.6,219.8,21.0,3.08,2.39,0.276,9.3,6.4,20.5,0.584,0.593,0.885
2023-24,Regular+Season,NOP,New Orleans Pelicans,81,49,32,240.3,115.4,418.4,227.2,20.3,2.91,2.21,0.276,11.3,7.1,19.8,0.529,0.613,0.884
2023-24,Regular+Season,NYK,New York Knicks,82,50,32,240.6,112.8,404.6,222.0,21.8,3.24,2.59,0.279,8.2,2.9,20.0,0.522,0.496,0.788
2023-24,Regular+Season,OKC,Oklahoma City Thunder,82,57,25,241.5,120.1,391.2,196.4,20.3,3.11,2.50,0.307,7.9,2.0,19.5,0.603,0.417,0.840
2023-24,Regular+Season,ORL,Orlando Magic,82,47,35,241.2,110.5,399.0,211.3,21.6,3.25,2.46,0.277,9.6,4.2,22.3,0.618,0.529,0.927
2023-24,Regular+Season,PHI,Philadelphia 76ers,81,46,35,241.2,114.7,407.9,214.0,21.2,3.12,2.36,0.281,9.3,4.8,19.9,0.599,0.663,0.893
2023-24,Regular+Season,PHX,Phoenix Suns,81,49,32,241.2,116.4,401.1,206.4,20.7,3.10,2.31,0.290,10.0,6.0,19.0,0.633,0.533,0.813
2023-24,Regular+Season,POR,Portland Trail Blazers,81,20,61,242.2,106.1,397.0,204.1,21.2,3.20,2.52,0.267,10.1,3.5,21.3,0.541,0.530,0.874
2023-24,Regular+Season,SAC,Sacramento Kings,82,46,36,242.1,116.6,427.6,239.6,20.1,2.82,2.17,0.273,13.1,4.7,22.8,0.569,0.497,0.842
2023-24,Regular+Season,SAS,San Antonio Spurs,81,21,60,241.9,111.9,417.9,225.4,20.2,2.90,2.17,0.268,12.6,6.5,23.8,0.636,0.489,0.855
2023-24,Regular+Season,TOR,Toronto Raptors,81,25,56,241.2,112.3,420.2,228.0,20.0,2.86,2.17,0.267,12.4,4.2,24.6,0.582,0.535,0.899
2023-24,Regular+Season,UTA,Utah Jazz,81,31,50,241.5,115.6,408.2,210.9,21.5,3.16,2.37,0.283,7.6,2.9,24.0,0.683,0.637,0.977
2023-24,Regular+Season,WAS,Washington Wizards,82,15,67,240.6,113.7,399.4,203.7,20.0,3.01,2.31,0.285,8.7,2.0,18.2,0.838,0.570,0.986
2023-24,Playoffs,BOS,Boston Celtics,19,16,3,241.3,108.8,382.2,193.4,21.7,3.41,2.74,0.285,7.4,6.8,16.7,0.660,0.592,0.789
2023-24,Playoffs,CLE,Cleveland Cavaliers,12,5,7,240.0,98.1,358.6,174.5,20.7,3.47,2.95,0.274,8.4,2.4,17.3,0.505,0.690,0.850
2023-24,Playoffs,DAL,Dallas Mavericks,22,13,9,240.0,106.0,358.6,164.6,20.4,3.41,2.68,0.295,7.6,3.0,21.6,0.631,0.701,0.872
2023-24,Playoffs,DEN,Denver Nuggets,12,7,5,240.0,102.2,403.0,221.3,21.3,3.18,2.30,0.254,17.8,10.4,22.9,0.479,0.440,0.847
2023-24,Playoffs,IND,Indiana Pacers,17,8,9,242.9,113.9,431.8,239.4,19.4,2.69,2.10,0.264,11.3,5.9,22.6,0.776,0.733,0.904
2023-24,Playoffs,LAC,LA Clippers,6,2,4,240.0,100.3,364.8,184.3,21.9,3.61,2.98,0.275,11.0,4.8,25.8,0.485,0.724,0.781
2023-24,Playoffs,LAL,Los Angeles Lakers,5,1,4,240.0,106.4,370.4,170.8,20.4,3.30,2.46,0.287,9.8,10.4,17.8,0.776,0.635,1.146
2023-24,Playoffs,MIA,Miami Heat,5,1,4,240.0,92.2,374.2,198.2,20.9,3.35,2.56,0.246,6.2,8.6,10.4,0.839,0.837,0.904
2023-24,Playoffs,MIL,Milwaukee Bucks,6,2,4,244.2,110.2,387.8,196.0,23.0,3.56,2.82,0.284,6.7,9.2,17.0,0.550,0.745,0.843
2023-24,Playoffs,MIN,Minnesota Timberwolves,16,9,7,240.0,107.5,390.0,207.3,21.5,3.31,2.69,0.276,7.8,6.9,20.3,0.613,0.773,0.815
2023-24,Playoffs,NOP,New Orleans Pelicans,4,0,4,240.0,89.5,408.8,221.3,20.9,3.07,2.29,0.219,10.3,8.8,20.3,0.488,0.543,0.790
2023-24,Playoffs,NYK,New York Knicks,13,7,6,241.9,109.9,387.9,205.0,22.7,3.52,2.90,0.283,10.0,1.8,22.8,0.623,0.917,0.645
2023-24,Playoffs,OKC,Oklahoma City Thunder,10,6,4,240.0,105.7,382.6,198.0,21.3,3.35,2.75,0.276,6.2,1.8,16.6,0.548,0.444,0.771
2023-24,Playoffs,ORL,Orlando Magic,7,3,4,240.0,100.3,390.7,205.4,21.4,3.29,2.58,0.257,8.3,4.4,18.7,0.724,0.613,0.740
2023-24,Playoffs,PHI,Philadelphia 76ers,6,2,4,244.2,108.2,374.2,193.8,20.8,3.34,2.46,0.289,7.2,9.2,15.7,0.767,0.618,0.777
2023-24,Playoffs,PHX,Phoenix Suns,4,0,4,240.0,103.3,377.5,181.5,19.7,3.14,2.36,0.274,7.5,4.3,15.3,0.333,0.706,0.918
2023-24,PlayIn,ATL,Atlanta Hawks,1,0,1,240.0,116.0,375.0,176.0,19.9,3.19,2.60,0.309,11.0,3.0,25.0,0.727,0.667,1.320
2023-24,PlayIn,CHI,Chicago Bulls,2,1,1,240.0,111.0,409.0,208.0,20.1,2.95,2.29,0.271,8.5,4.0,19.0,0.471,0.500,1.000
2023-24,PlayIn,GSW,Golden State Warriors,1,0,1,240.0,94.0,396.0,201.0,20.6,3.12,2.45,0.237,7.0,5.0,23.0,0.571,0.400,0.739
2023-24,PlayIn,LAL,Los Angeles Lakers,1,1,0,240.0,110.0,408.0,205.0,22.3,3.28,2.34,0.270,9.0,12.0,19.0,1.333,0.333,1.053
2023-24,PlayIn,MIA,Miami Heat,2,1,1,240.0,108.0,393.0,219.5,20.9,3.18,2.26,0.275,7.0,4.5,18.5,1.143,0.444,0.919
2023-24,PlayIn,NOP,New Orleans Pelicans,2,1,1,240.0,105.5,410.0,216.0,21.0,3.08,2.27,0.257,13.0,7.5,23.0,0.500,0.667,0.978
2023-24,PlayIn,PHI,Philadelphia 76ers,1,1,0,240.0,105.0,490.0,297.0,21.4,2.62,1.66,0.214,7.0,4.0,28.0,0.286,0.500,0.643
2023-24,PlayIn,SAC,Sacramento Kings,2,1,1,240.0,108.0,397.5,219.5,20.4,3.08,2.42,0.272,12.0,8.0,20.5,0.417,0.625,0.756
2023-24,IST,ATL,Atlanta Hawks,4,1,3,240.0,124.8,397.5,197.0,20.6,3.11,2.42,0.314,6.0,2.5,24.0,0.708,1.600,1.021
2023-24,IST,BOS,Boston Celtics,5,3,2,240.0,112.2,390.8,194.6,20.5,3.15,2.47,0.287,8.6,6.2,20.2,0.744,0.903,0.911
2023-24,IST,BKN,Brooklyn Nets,4,3,1,240.0,113.8,397.3,210.8,19.9,3.01,2.38,0.286,6.8,1.5,17.5,0.630,0.333,0.757
2023-24,IST,CHA,Charlotte Hornets,4,1,3,240.0,104.8,402.3,207.8,20.1,2.99,2.40,0.260,8.0,1.8,30.8,0.531,0.429,0.911
2023-24,IST,CHI,Chicago Bulls,4,0,4,240.0,102.3,378.3,190.5,19.5,3.10,2.51,0.270,12.5,5.5,15.5,0.320,0.545,0.790
2023-24,IST,CLE,Cleveland Cavaliers,4,3,1,246.3,118.5,391.3,202.3,20.8,3.19,2.52,0.303,11.0,1.8,25.5,0.455,0.286,0.980
2023-24,IST,DAL,Dallas Mavericks,4,2,2,240.0,122.3,382.5,180.8,20.3,3.18,2.46,0.320,10.5,2.0,19.5,0.524,0.750,0.782
2023-24,IST,DEN,Denver Nuggets,4,2,2,240.0,108.0,416.3,230.0,20.6,2.97,2.08,0.259,15.0,11.0,29.3,0.700,0.568,0.966
2023-24,IST,DET,Detroit Pistons,4,0,4,240.0,109.8,401.5,204.0,20.4,3.04,2.47,0.273,11.3,2.5,26.3,0.867,0.500,0.971
2023-24,IST,GSW,Golden State Warriors,4,2,2,240.0,120.8,451.0,249.0,20.2,2.69,2.03,0.268,11.5,7.3,21.0,0.435,0.586,0.762
2023-24,IST,HOU,Houston Rockets,4,2,2,240.0,106.0,392.5,200.5,20.8,3.18,2.38,0.270,14.0,5.8,18.0,0.643,0.696,0.667
2023-24,IST,IND,Indiana Pacers,6,6,0,240.0,132.7,396.3,185.7,20.0,3.03,2.51,0.335,9.0,2.2,21.0,1.074,1.154,1.135
2023-24,IST,LAC,LA Clippers,4,1,3,240.0,111.5,358.5,177.3,20.5,3.43,2.60,0.311,11.5,3.3,23.5,0.630,0.846,0.628
2023-24,IST,LAL,Los Angeles Lakers,5,5,0,240.0,120.0,378.6,190.8,19.8,3.14,2.41,0.317,10.8,3.8,24.2,0.574,0.421,0.893
2023-24,IST,MEM,Memphis Grizzlies,4,0,4,246.2,107.5,416.5,227.3,21.3,3.07,2.28,0.258,11.5,3.3,17.3,0.478,0.692,0.855
2023-24,IST,MIA,Miami Heat,4,2,2,240.0,113.5,412.3,225.8,20.3,2.95,2.09,0.275,11.0,7.3,22.3,0.477,0.448,0.798
2023-24,IST,MIL,Milwaukee Bucks,6,5,1,240.0,127.8,384.3,193.3,20.6,3.22,2.45,0.333,10.7,4.3,18.0,0.750,0.462,0.843
2023-24,IST,MIN,Minnesota Timberwolves,4,3,1,240.0,109.5,411.0,209.3,20.9,3.05,2.30,0.266,8.0,8.0,20.0,0.531,0.500,0.813
2023-24,IST,NOP,New Orleans Pelicans,5,4,1,240.0,118.0,416.6,221.8,20.4,2.93,2.23,0.283,10.2,5.4,20.0,0.745,0.444,0.990
2023-24,IST,NYK,New York Knicks,5,3,2,240.0,112.4,395.2,214.0,21.3,3.24,2.56,0.284,6.4,4.8,18.6,0.250,0.750,0.688
2023-24,IST,OKC,Oklahoma City Thunder,4,1,3,240.0,115.8,411.0,216.5,19.4,2.84,2.16,0.282,11.0,2.0,17.3,0.591,0.500,0.826
2023-24,IST,ORL,Orlando Magic,4,3,1,240.0,111.5,409.8,221.0,21.6,3.16,2.33,0.272,7.5,2.5,18.8,0.800,0.400,1.213
2023-24,IST,PHI,Philadelphia 76ers,4,2,2,246.3,121.3,410.0,219.0,21.7,3.18,2.23,0.296,10.8,7.8,19.8,0.442,0.581,0.810
2023-24,IST,PHX,Phoenix Suns,5,3,2,240.0,116.6,397.2,209.6,20.9,3.16,2.32,0.294,10.8,5.0,19.8,0.685,0.480,0.808
2023-24,IST,POR,Portland Trail Blazers,4,1,3,246.3,104.0,382.3,189.0,21.3,3.34,2.67,0.272,12.3,4.5,24.5,0.755,0.333,0.796
2023-24,IST,SAC,Sacramento Kings,5,4,1,240.0,119.8,439.8,252.2,20.1,2.74,2.07,0.272,14.0,3.2,22.4,0.429,0.375,0.786
2023-24,IST,SAS,San Antonio Spurs,4,0,4,240.0,107.3,435.8,232.8,19.8,2.73,1.91,0.246,10.0,9.3,24.5,0.450,0.405,1.000
2023-24,IST,TOR,Toronto Raptors,4,1,3,240.0,109.0,420.8,229.8,20.4,2.90,2.23,0.259,13.8,4.8,25.3,0.618,0.368,0.752
2023-24,IST,UTA,Utah Jazz,4,2,2,240.0,117.3,368.3,178.3,20.3,3.31,2.48,0.318,6.3,1.0,22.3,0.840,0.500,1.034
2023-24,IST,WAS,Washington Wizards,4,0,4,240.0,114.5,410.0,218.5,20.1,2.94,2.20,0.279,7.8,1.3,16.8,0.806,0.400,0.791
2024-25,Regular+Season,ATL,Atlanta Hawks,82,40,42,241.2,118.2,408.7,207.5,19.6,2.88,2.21,0.289,10.9,1.6,28.0,0.711,0.679,0.839
2024-25,Regular+Season,BOS,Boston Celtics,82,61,21,241.8,116.3,393.3,197.8,21.1,3.22,2.53,0.296,8.6,6.6,22.2,0.571,0.740,0.830
2024-25,Regular+Season,BKN,Brooklyn Nets,82,26,56,241.2,105.1,426.0,235.8,21.8,3.07,2.34,0.247,10.6,2.4,20.9,0.412,0.533,0.795
2024-25,Regular+Season,CHA,Charlotte Hornets,82,19,63,240.9,105.1,406.9,215.5,21.3,3.13,2.48,0.258,9.1,2.2,22.9,0.602,0.630,0.836
2024-25,Regular+Season,CHI,Chicago Bulls,82,39,43,240.9,117.8,434.1,230.8,19.4,2.68,2.11,0.271,8.9,4.5,19.5,0.666,0.499,0.825
2024-25,Regular+Season,CLE,Cleveland Cavaliers,82,64,18,240.9,121.9,390.9,188.8,19.9,3.05,2.43,0.312,10.8,2.0,23.9,0.699,0.810,0.904
2024-25,Regular+Season,DAL,Dallas Mavericks,82,39,43,240.6,114.2,387.4,188.4,20.7,3.21,2.48,0.295,8.5,3.5,21.7,0.639,0.646,0.890
2024-25,Regular+Season,DEN,Denver Nuggets,82,50,32,242.1,120.8,407.7,216.6,20.2,2.98,2.09,0.296,19.3,10.3,31.0,0.566,0.566,0.960
2024-25,Regular+Season,DET,Detroit Pistons,82,44,38,241.5,115.5,392.1,201.3,20.9,3.21,2.51,0.295,11.7,5.0,21.8,0.529,0.645,0.928
2024-25,Regular+Season,GSW,Golden State Warriors,82,48,34,240.6,113.8,456.1,260.4,20.4,2.69,2.00,0.249,10.8,4.0,25.1,0.543,0.336,0.774
2024-25,Regular+Season,HOU,Houston Rockets,82,52,30,241.2,114.3,388.0,196.1,21.4,3.31,2.65,0.295,11.4,6.8,24.6,0.581,0.585,0.802
2024-25,Regular+Season,IND,Indiana Pacers,82,50,32,242.1,117.4,451.8,244.4,19.9,2.65,2.00,0.260,9.2,5.8,21.7,0.728,0.752,0.923
2024-25,Regular+Season,LAC,LA Clippers,82,50,32,241.5,112.9,388.1,189.7,21.5,3.33,2.57,0.291,11.9,6.6,22.8,0.550,0.624,0.899
2024-25,Regular+Season,LAL,Los Angeles Lakers,82,50,32,240.6,113.4,409.8,210.5,21.3,3.12,2.26,0.277,10.9,6.0,21.7,0.541,0.584,0.894
2024-25,Regular+Season,MEM,Memphis Grizzlies,82,48,34,240.3,121.7,403.0,205.1,19.6,2.91,2.21,0.302,7.5,4.3,24.2,0.662,0.691,0.867
2024-25,Regular+Season,MIA,Miami Heat,82,37,45,243.1,110.6,408.9,220.6,21.2,3.12,2.33,0.271,8.8,5.1,20.8,0.606,0.453,0.858
2024-25,Regular+Season,MIL,Milwaukee Bucks,82,48,34,240.9,115.5,395.6,203.2,20.9,3.17,2.39,0.292,9.0,7.7,18.0,0.560,0.585,0.883
2024-25,Regular+Season,MIN,Minnesota Timberwolves,82,49,33,241.8,114.3,408.4,218.0,21.0,3.09,2.47,0.280,7.7,4.5,19.4,0.623,0.465,0.932
2024-25,Regular+Season,NOP,New Orleans Pelicans,82,21,61,240.9,109.8,408.7,213.1,20.8,3.06,2.46,0.269,9.8,2.8,21.6,0.581,0.509,0.819
2024-25,Regular+Season,NYK,New York Knicks,82,51,31,242.4,115.8,401.4,212.0,21.8,3.26,2.62,0.288,9.0,5.8,22.3,0.662,0.600,0.863
2024-25,Regular+Season,OKC,Oklahoma City Thunder,82,68,14,240.3,120.5,392.0,198.4,20.2,3.09,2.47,0.307,9.4,1.5,20.2,0.605,0.500,0.815
2024-25,Regular+Season,ORL,Orlando Magic,82,41,41,240.6,105.4,398.3,209.1,21.8,3.28,2.51,0.265,11.4,3.2,21.8,0.518,0.528,0.874
2024-25,Regular+Season,PHI,Philadelphia 76ers,82,24,58,241.5,109.6,407.0,212.2,21.5,3.16,2.52,0.269,7.7,3.8,17.4,0.521,0.666,0.825
2024-25,Regular+Season,PHX,Phoenix Suns,82,36,46,241.8,113.6,428.5,233.4,21.5,3.01,2.22,0.265,9.9,3.2,18.3,0.595,0.541,0.750
2024-25,Regular+Season,POR,Portland Trail Blazers,82,36,46,241.2,110.9,402.8,211.7,20.6,3.07,2.34,0.275,8.4,2.1,23.9,0.538,0.440,0.799
2024-25,Regular+Season,SAC,Sacramento Kings,82,40,42,242.4,115.7,408.7,218.1,20.8,3.05,2.32,0.283,11.5,6.5,22.5,0.561,0.658,0.872
2024-25,Regular+Season,SAS,San Antonio Spurs,82,34,48,240.6,113.9,411.0,210.6,20.4,2.98,2.22,0.277,11.3,4.4,22.0,0.551,0.456,0.856
2024-25,Regular+Season,TOR,Toronto Raptors,82,30,52,241.5,110.9,425.9,228.2,20.2,2.85,2.12,0.260,15.1,3.6,28.7,0.548,0.625,0.849
2024-25,Regular+Season,UTA,Utah Jazz,82,17,65,241.5,111.9,402.6,206.8,21.8,3.25,2.48,0.278,10.0,2.1,22.5,0.594,0.651,0.925
2024-25,Regular+Season,WAS,Washington Wizards,82,18,64,240.6,108.0,417.1,220.9,20.6,2.96,2.21,0.259,11.1,2.8,20.3,0.602,0.667,0.868
2024-25,Playoffs,BOS,Boston Celtics,11,6,5,242.3,105.7,352.2,160.2,20.9,3.57,2.88,0.300,7.2,6.5,20.1,0.658,0.431,0.833
2024-25,Playoffs,CLE,Cleveland Cavaliers,9,5,4,240.0,119.4,373.3,175.8,20.4,3.28,2.65,0.320,9.1,1.6,21.4,0.512,1.071,0.751
2024-25,Playoffs,DEN,Denver Nuggets,14,7,7,243.6,107.0,396.6,206.6,22.4,3.39,2.36,0.270,14.3,13.0,25.9,0.515,0.505,0.774
2024-25,Playoffs,DET,Detroit Pistons,6,2,4,240.0,106.7,360.2,177.0,20.5,3.41,2.56,0.296,10.8,3.8,22.2,0.492,0.696,0.850
2024-25,Playoffs,GSW,Golden State Warriors,12,5,7,240.0,103.1,434.6,238.8,20.7,2.86,2.07,0.237,9.8,2.2,22.1,0.462,0.308,0.675
2024-25,Playoffs,HOU,Houston Rockets,7,3,4,240.0,104.0,370.6,186.4,21.6,3.49,2.75,0.281,12.1,7.0,25.0,0.694,0.531,0.737
2024-25,Playoffs,IND,Indiana Pacers,23,15,8,242.2,114.1,436.7,233.0,20.8,2.85,2.24,0.261,8.1,4.3,18.3,0.715,0.697,0.846
2024-25,Playoffs,LAC,LA Clippers,7,3,4,243.6,108.3,372.4,182.3,20.9,3.37,2.60,0.291,12.1,3.3,23.9,0.588,0.304,0.838
2024-25,Playoffs,LAL,Los Angeles Lakers,5,1,4,240.0,100.4,381.4,191.2,20.5,3.23,2.47,0.263,6.2,3.4,18.2,0.839,0.529,0.681
2024-25,Playoffs,MEM,Memphis Grizzlies,4,0,4,240.0,100.5,409.5,199.5,22.0,3.23,2.46,0.245,8.0,5.5,20.3,0.500,0.364,0.926
2024-25,Playoffs,MIA,Miami Heat,4,0,4,240.0,95.5,379.8,201.5,21.6,3.41,2.67,0.251,6.8,6.3,13.3,0.296,0.560,0.679
2024-25,Playoffs,MIL,Milwaukee Bucks,5,1,4,245.0,110.2,373.4,177.0,20.4,3.27,2.49,0.295,6.2,8.6,19.0,0.548,0.186,0.884
2024-25,Playoffs,MIN,Minnesota Timberwolves,15,9,6,240.0,109.1,405.1,211.1,20.9,3.09,2.49,0.269,5.9,5.7,17.9,0.568,0.512,0.802
2024-25,Playoffs,NYK,New York Knicks,18,10,8,242.8,109.6,379.7,187.6,23.0,3.63,2.95,0.289,5.8,7.1,21.3,0.657,0.717,0.802
2024-25,Playoffs,OKC,Oklahoma City Thunder,23,16,7,241.1,114.7,368.3,173.4,20.5,3.33,2.72,0.311,8.7,1.7,21.0,0.683,0.575,0.803
2024-25,Playoffs,ORL,Orlando Magic,5,1,4,240.0,93.6,382.8,188.0,20.9,3.27,2.61,0.245,8.4,4.4,20.0,0.500,0.773,0.670
2024-25,PlayIn,ATL,Atlanta Hawks,2,0,2,252.5,104.5,391.5,197.0,19.5,2.99,2.37,0.267,8.5,0.5,24.5,0.706,0.000,0.776
2024-25,PlayIn,CHI,Chicago Bulls,1,0,1,240.0,90.0,428.0,226.0,18.6,2.60,2.00,0.210,9.0,6.0,13.0,0.444,0.000,0.923
2024-25,PlayIn,DAL,Dallas Mavericks,2,1,1,240.0,113.0,343.5,156.0,19.9,3.47,2.80,0.329,8.5,4.5,24.5,0.882,0.667,0.857
2024-25,PlayIn,GSW,Golden State Warriors,1,1,0,240.0,121.0,452.0,246.0,22.5,2.99,2.16,0.268,11.0,3.0,26.0,0.727,0.000,0.923
2024-25,PlayIn,MEM,Memphis Grizzlies,2,1,1,240.0,118.0,375.5,180.0,20.8,3.33,2.55,0.314,7.0,4.5,28.5,0.571,0.222,0.825
2024-25,PlayIn,MIA,Miami Heat,2,2,0,252.5,116.0,435.5,235.5,24.4,3.36,2.68,0.266,10.5,6.5,21.5,0.524,0.308,0.814
2024-25,PlayIn,ORL,Orlando Magic,1,1,0,240.0,120.0,438.0,246.0,22.7,3.11,2.44,0.274,7.0,1.0,25.0,0.286,0.000,1.280
2024-25,PlayIn,SAC,Sacramento Kings,1,0,1,240.0,106.0,385.0,203.0,21.6,3.37,2.71,0.275,9.0,2.0,18.0,0.333,0.000,0.889
2024-25,IST,ATL,Atlanta Hawks,6,4,2,240.0,115.8,409.7,209.8,19.6,2.86,2.17,0.283,10.0,2.3,32.2,0.817,0.929,0.855
2024-25,IST,BOS,Boston Celtics,4,3,1,240.0,120.5,397.0,193.5,21.9,3.31,2.55,0.304,5.5,7.8,17.0,0.727,0.935,0.897
2024-25,IST,BKN,Brooklyn Nets,4,1,3,240.0,109.0,438.0,246.3,21.5,2.95,2.20,0.249,7.8,2.0,16.8,0.323,0.750,0.776
2024-25,IST,CHA,Charlotte Hornets,4,0,4,240.0,101.5,387.8,200.5,21.2,3.28,2.57,0.262,8.8,1.5,18.8,0.800,0.667,0.920
2024-25,IST,CHI,Chicago Bulls,4,2,2,240.0,129.5,445.3,229.0,19.2,2.58,2.03,0.291,7.5,7.0,17.3,0.800,0.464,0.870
2024-25,IST,CLE,Cleveland Cavaliers,4,2,2,240.0,120.0,396.0,197.3,20.4,3.09,2.48,0.303,11.5,2.3,21.5,0.717,2.000,0.942
2024-25,IST,DAL,Dallas Mavericks,5,3,2,240.0,119.4,406.2,196.4,20.3,2.99,2.23,0.294,10.4,5.6,27.2,0.538,0.750,0.890
2024-25,IST,DEN,Denver Nuggets,4,2,2,240.0,113.8,420.3,225.8,20.6,2.95,2.08,0.271,23.5,7.3,29.5,0.394,0.448,0.746
2024-25,IST,DET,Detroit Pistons,4,3,1,246.2,114.8,404.5,208.3,21.9,3.24,2.57,0.284,12.5,5.5,22.0,0.560,0.273,0.909
2024-25,IST,GSW,Golden State Warriors,5,3,2,240.0,112.0,449.8,248.2,20.4,2.72,2.10,0.249,10.2,3.6,23.0,0.667,0.556,0.774
2024-25,IST,HOU,Houston Rockets,6,4,2,244.2,109.3,394.3,207.3,21.3,3.25,2.61,0.277,11.2,7.7,21.5,0.567,0.696,0.713
2024-25,IST,IND,Indiana Pacers,4,0,4,240.0,111.3,444.0,225.5,19.9,2.69,2.06,0.251,7.5,4.8,19.3,0.733,0.842,0.766
2024-25,IST,LAC,LA Clippers,4,2,2,240.0,106.8,382.0,191.0,21.4,3.36,2.65,0.279,10.3,5.0,18.5,0.293,0.800,0.595
2024-25,IST,LAL,Los Angeles Lakers,4,2,2,240.0,109.3,415.3,218.3,19.9,2.87,1.98,0.263,12.8,6.0,21.3,0.549,0.500,1.024
2024-25,IST,MEM,Memphis Grizzlies,4,1,3,240.0,116.0,449.0,240.8,19.6,2.62,1.87,0.258,7.3,3.5,28.3,0.414,0.571,0.956
2024-25,IST,MIA,Miami Heat,4,2,2,246.3,117.3,418.3,233.3,21.4,3.08,2.27,0.280,7.3,5.5,19.8,0.828,0.409,0.722
2024-25,IST,MIL,Milwaukee Bucks,6,6,0,240.0,114.3,405.7,211.2,21.5,3.19,2.40,0.282,8.3,5.5,16.8,0.620,0.606,0.851
2024-25,IST,MIN,Minnesota Timberwolves,4,2,2,252.5,110.5,421.8,224.0,22.2,3.15,2.57,0.262,8.3,6.0,16.8,0.485,0.667,0.866
2024-25,IST,NOP,New Orleans Pelicans,4,1,3,240.0,102.3,426.8,230.0,22.2,3.12,2.46,0.240,10.5,3.0,18.3,0.310,0.667,0.726
2024-25,IST,NYK,New York Knicks,5,4,1,240.0,111.0,385.6,204.2,21.3,3.32,2.73,0.288,7.6,5.4,21.8,0.316,0.630,0.826
2024-25,IST,OKC,Oklahoma City Thunder,6,5,1,240.0,111.0,396.7,210.7,20.0,3.03,2.43,0.280,8.7,1.5,21.7,0.500,0.000,0.692
2024-25,IST,ORL,Orlando Magic,5,3,2,240.0,110.0,389.8,203.0,21.4,3.30,2.56,0.282,9.6,2.4,23.8,0.583,0.333,1.042
2024-25,IST,PHI,Philadelphia 76ers,4,2,2,240.0,102.0,392.0,205.0,21.0,3.21,2.54,0.260,8.3,4.8,15.0,0.364,0.526,0.867
2024-25,IST,PHX,Phoenix Suns,4,3,1,240.0,108.5,400.0,217.3,20.6,3.09,2.38,0.271,7.0,4.8,16.5,0.607,0.737,0.833
2024-25,IST,POR,Portland Trail Blazers,4,2,2,240.0,107.5,412.0,222.3,21.3,3.10,2.39,0.261,10.5,2.5,22.3,0.667,0.400,1.011
2024-25,IST,SAC,Sacramento Kings,4,1,3,246.3,110.0,413.0,220.5,19.9,2.89,2.19,0.266,13.8,6.8,21.8,0.691,0.667,0.874
2024-25,IST,SAS,San Antonio Spurs,4,2,2,240.0,111.5,414.0,212.3,20.4,2.96,2.14,0.269,13.5,6.5,24.5,0.370,0.538,0.755
2024-25,IST,TOR,Toronto Raptors,4,1,3,240.0,103.3,425.8,233.3,20.5,2.89,2.20,0.243,18.3,2.8,32.8,0.466,0.636,0.802
2024-25,IST,UTA,Utah Jazz,4,0,4,240.0,112.8,424.5,230.0,22.1,3.13,2.17,0.266,11.0,5.5,24.5,0.659,0.773,1.061
2024-25,IST,WAS,Washington Wizards,4,0,4,240.0,102.0,419.0,220.0,21.4,3.06,2.32,0.243,11.8,3.3,20.8,0.638,0.846,0.807
2025-26,Regular+Season,ATL,Atlanta Hawks,39,18,21,241.3,118.4,427.1,224.7,20.0,2.81,2.11,0.277,9.9,3.4,23.1,0.711,0.710,0.908
2025-26,Regular+Season,BOS,Boston Celtics,36,23,13,240.0,117.6,397.1,200.1,21.5,3.25,2.62,0.296,5.8,1.3,20.4,0.695,0.468,0.914
2025-26,Regular+Season,BKN,Brooklyn Nets,34,11,23,240.7,109.3,419.3,227.7,21.3,3.05,2.25,0.261,11.5,1.6,22.0,0.536,0.464,0.916
2025-26,Regular+Season,CHA,Charlotte Hornets,38,13,25,242.0,115.4,410.7,214.6,21.8,3.19,2.54,0.281,8.2,1.6,22.5,0.550,0.508,0.780
2025-26,Regular+Season,CHI,Chicago Bulls,37,17,20,241.4,117.1,458.2,253.7,19.9,2.61,1.99,0.256,10.3,4.6,22.5,0.581,0.320,0.799
2025-26,Regular+Season,CLE,Cleveland Cavaliers,38,21,17,241.3,119.2,419.7,213.6,19.7,2.81,2.14,0.284,11.3,2.6,27.0,0.554,0.444,0.828
2025-26,Regular+Season,DAL,Dallas Mavericks,37,14,23,243.4,113.1,395.3,192.6,21.3,3.23,2.61,0.286,10.1,3.4,19.7,0.616,0.508,0.922
2025-26,Regular+Season,DEN,Denver Nuggets,37,25,12,242.7,124.1,408.8,213.1,21.6,3.18,2.25,0.304,16.9,9.8,25.3,0.681,0.704,1.003
2025-26,Regular+Season,DET,Detroit Pistons,36,27,9,241.4,118.0,410.3,218.6,21.2,3.10,2.38,0.288,12.6,4.7,27.8,0.663,0.706,0.895
2025-26,Regular+Season,GSW,Golden State Warriors,38,20,18,241.3,115.0,466.3,262.8,21.5,2.76,2.02,0.247,10.2,3.9,26.6,0.518,0.408,0.770
2025-26,Regular+Season,HOU,Houston Rockets,34,22,12,244.4,118.9,405.4,209.7,22.7,3.35,2.56,0.293,12.2,7.0,28.5,0.596,0.636,0.752
2025-26,Regular+Season,IND,Indiana Pacers,38,7,31,241.3,110.8,439.7,231.3,20.4,2.78,2.14,0.252,7.6,4.3,20.3,0.655,0.636,0.782
2025-26,Regular+Season,LAC,LA Clippers,36,13,23,241.4,112.1,389.3,192.4,22.2,3.42,2.66,0.288,10.6,7.8,22.4,0.638,0.638,0.901
2025-26,Regular+Season,LAL,Los Angeles Lakers,35,23,12,240.0,116.3,391.8,186.7,21.3,3.27,2.46,0.297,10.6,4.9,24.5,0.667,0.669,0.948
2025-26,Regular+Season,MEM,Memphis Grizzlies,37,16,21,241.4,115.2,434.3,236.6,20.2,2.79,2.08,0.265,7.3,7.1,26.4,0.621,0.659,0.836
2025-26,Regular+Season,MIA,Miami Heat,35,19,16,240.7,120.1,432.1,226.4,18.8,2.61,2.08,0.278,6.5,4.1,20.1,0.740,0.566,0.884
2025-26,Regular+Season,MIL,Milwaukee Bucks,36,16,20,241.4,113.6,404.8,209.0,21.1,3.13,2.39,0.281,8.4,7.1,17.7,0.573,0.603,0.873
2025-26,Regular+Season,MIN,Minnesota Timberwolves,37,24,13,242.0,119.6,429.7,231.0,20.7,2.89,2.25,0.278,7.2,5.1,19.5,0.670,0.574,0.961
2025-26,Regular+Season,NOP,New Orleans Pelicans,39,8,31,242.6,114.5,408.3,208.5,21.3,3.13,2.54,0.280,7.9,4.6,20.7,0.584,0.539,0.969
2025-26,Regular+Season,NYK,New York Knicks,37,24,13,240.0,119.7,415.0,216.4,21.6,3.13,2.48,0.288,6.8,3.5,19.5,0.570,0.573,0.748
2025-26,Regular+Season,OKC,Oklahoma City Thunder,38,31,7,243.3,121.4,380.6,183.9,20.6,3.24,2.68,0.319,9.6,2.5,21.1,0.595,0.604,0.892
2025-26,Regular+Season,ORL,Orlando Magic,38,21,17,242.0,116.6,418.5,219.5,20.9,2.99,2.23,0.279,9.1,2.9,22.2,0.499,0.606,0.904
2025-26,Regular+Season,PHI,Philadelphia 76ers,35,20,15,244.3,117.6,441.4,236.3,21.6,2.94,2.23,0.266,6.8,4.2,19.3,0.584,0.596,0.858
2025-26,Regular+Season,PHX,Phoenix Suns,37,22,15,240.7,114.8,407.1,211.1,20.5,3.02,2.35,0.282,8.4,2.3,22.8,0.732,0.640,0.822
2025-26,Regular+Season,POR,Portland Trail Blazers,38,18,20,241.3,116.5,411.7,210.3,20.6,3.00,2.34,0.283,8.2,2.0,24.9,0.588,0.539,0.784
2025-26,Regular+Season,SAC,Sacramento Kings,37,8,29,242.0,109.9,395.9,200.5,21.1,3.19,2.52,0.278,12.1,4.6,23.8,0.702,0.576,0.830
2025-26,Regular+Season,SAS,San Antonio Spurs,37,26,11,240.7,119.0,405.9,204.9,20.4,3.02,2.20,0.293,9.4,3.4,21.5,0.530,0.648,0.879
2025-26,Regular+Season,TOR,Toronto Raptors,38,23,15,241.3,114.0,421.6,225.7,20.4,2.90,2.09,0.270,11.6,4.6,25.9,0.601,0.534,0.797
2025-26,Regular+Season,UTA,Utah Jazz,36,12,24,244.2,119.8,420.3,216.9,21.3,3.04,2.25,0.285,9.6,2.2,21.7,0.757,0.738,0.884
2025-26,Regular+Season,WAS,Washington Wizards,36,10,26,241.4,113.5,401.9,202.9,20.5,3.07,2.40,0.282,10.3,3.2,20.0,0.653,0.591,0.968
2025-26,IST,ATL,Atlanta Hawks,4,2,2,240.0,117.0,431.8,233.5,20.2,2.81,2.12,0.271,8.8,4.0,26.8,0.886,0.750,0.963
2025-26,IST,BOS,Boston Celtics,4,2,2,240.0,110.3,391.3,192.8,21.2,3.25,2.62,0.282,4.5,1.5,22.0,0.556,0.333,0.716
2025-26,IST,BKN,Brooklyn Nets,4,1,3,240.0,105.3,408.8,218.0,21.5,3.15,2.37,0.257,10.0,1.0,18.8,0.275,0.500,0.840
2025-26,IST,CHA,Charlotte Hornets,4,1,3,246.3,116.5,416.5,214.0,22.7,3.26,2.60,0.280,7.3,1.0,23.3,0.862,0.000,0.903
2025-26,IST,CHI,Chicago Bulls,4,1,3,240.0,117.0,476.5,266.0,19.5,2.45,1.87,0.246,10.5,3.5,22.3,0.524,0.143,0.831
2025-26,IST,CLE,Cleveland Cavaliers,4,2,2,240.0,123.0,408.3,204.8,19.8,2.91,2.32,0.301,13.0,2.5,31.0,0.462,0.600,0.718
2025-26,IST,DAL,Dallas Mavericks,4,1,3,252.5,117.0,412.5,202.3,22.1,3.22,2.61,0.284,9.0,0.8,18.8,0.528,0.000,1.067
2025-26,IST,DEN,Denver Nuggets,4,2,2,240.0,121.0,408.8,219.5,21.0,3.08,2.12,0.296,13.8,8.0,26.0,0.727,0.750,0.827
2025-26,IST,DET,Detroit Pistons,4,2,2,240.0,115.5,398.5,213.0,20.6,3.10,2.43,0.290,11.8,5.5,27.0,0.660,0.773,0.806
2025-26,IST,GSW,Golden State Warriors,4,1,3,240.0,109.0,459.3,259.0,21.1,2.75,1.98,0.237,9.0,3.3,28.3,0.444,0.385,0.796
2025-26,IST,HOU,Houston Rockets,4,2,2,240.0,115.8,411.3,218.5,22.0,3.21,2.51,0.281,13.3,8.8,29.8,0.491,0.457,0.647
2025-26,IST,IND,Indiana Pacers,4,1,3,240.0,107.8,430.8,232.0,21.4,2.97,2.32,0.250,7.3,4.3,20.8,0.552,0.588,0.855
2025-26,IST,LAC,LA Clippers,4,2,2,252.5,121.0,399.3,191.5,23.4,3.51,2.77,0.303,10.8,7.8,21.8,0.884,0.516,0.943
2025-26,IST,LAL,Los Angeles Lakers,5,4,1,240.0,123.6,379.6,167.6,20.3,3.21,2.38,0.326,9.2,3.2,23.6,0.674,0.938,0.941
2025-26,IST,MEM,Memphis Grizzlies,4,3,1,246.3,118.8,437.0,239.0,20.7,2.85,2.08,0.272,7.0,6.5,27.5,0.500,0.692,0.800
2025-26,IST,MIA,Miami Heat,4,2,2,240.0,127.3,440.8,239.8,18.6,2.53,1.99,0.289,7.3,4.5,25.0,0.414,0.611,0.870
2025-26,IST,MIL,Milwaukee Bucks,3,2,1,248.3,127.3,405.7,200.7,21.8,3.23,2.31,0.314,8.0,11.0,18.0,0.500,0.273,1.056
2025-26,IST,MIN,Minnesota Timberwolves,4,2,2,240.0,119.8,424.8,224.3,21.0,2.97,2.38,0.282,7.0,3.3,22.3,0.786,0.846,0.854
2025-26,IST,NOP,New Orleans Pelicans,4,0,4,246.3,117.8,415.5,220.0,21.6,3.11,2.54,0.283,10.5,4.8,18.8,0.357,0.368,0.827
2025-26,IST,NYK,New York Knicks,6,5,1,240.0,126.8,407.5,211.8,22.0,3.23,2.57,0.311,6.8,4.5,17.0,0.585,0.481,0.863
2025-26,IST,OKC,Oklahoma City Thunder,6,5,1,240.0,126.5,381.8,183.0,20.3,3.20,2.63,0.331,10.5,1.2,21.8,0.587,0.000,0.847
2025-26,IST,ORL,Orlando Magic,6,5,1,240.0,120.2,418.5,215.3,20.6,2.96,2.16,0.287,9.2,2.5,21.5,0.582,0.400,0.891
2025-26,IST,PHI,Philadelphia 76ers,4,1,3,240.0,107.8,426.0,220.8,20.7,2.91,2.26,0.253,7.5,2.5,14.3,0.367,0.600,0.702
2025-26,IST,PHX,Phoenix Suns,5,3,2,240.0,110.4,412.4,210.2,21.1,3.07,2.46,0.268,10.0,1.6,24.8,0.580,0.250,0.952
2025-26,IST,POR,Portland Trail Blazers,4,2,2,240.0,113.5,419.5,219.3,19.7,2.82,2.16,0.271,9.5,2.0,32.3,0.684,0.125,0.775
2025-26,IST,SAC,Sacramento Kings,4,0,4,240.0,107.5,401.5,204.5,20.9,3.12,2.46,0.268,13.5,3.8,26.3,0.796,0.733,0.933
2025-26,IST,SAS,San Antonio Spurs,6,5,1,240.0,121.0,406.2,201.7,20.3,3.00,2.19,0.298,8.5,2.5,20.8,0.451,0.667,0.768
2025-26,IST,TOR,Toronto Raptors,5,4,1,240.0,111.8,415.0,222.2,20.4,2.95,2.16,0.269,11.0,6.6,26.0,0.655,0.576,0.792
2025-26,IST,UTA,Utah Jazz,4,1,3,240.0,108.3,422.5,222.5,21.0,2.99,2.20,0.256,9.0,1.3,24.0,0.861,1.200,0.719
2025-26,IST,WAS,Washington Wizards,4,1,3,240.0,110.8,397.0,197.0,20.3,3.07,2.40,0.279,7.5,3.0,15.8,0.633,0.667,0.762
