SEASON,SEASON_TYPE,TEAM_ABB,GP,W,L,MIN,DREB,DREB_CONTEST,DREB_CONTEST_PCT,DREB_CHANCES,DREB_CHANCE_PCT,DREB_CHANCE_DEFER,DREB_CHANCE_PCT_ADJ
2015-16,regular-season,-,48,34,229.5,33.8,8.2,24.2,62.3,54.2,5.2,59.2,0
2015-16,regular-season,-,47,34,232.4,33.3,8.9,26.7,56.3,59.2,4.3,64.1,0
2015-16,regular-season,-,21,61,227.1,31.9,7.5,23.5,52.2,61.1,4.2,66.4,0
2015-16,regular-season,-,48,34,233.6,35.0,8.0,22.7,60.6,57.7,5.1,63.0,0
2015-16,regular-season,-,42,40,231.1,35.2,9.2,26.1,61.9,56.9,5.3,62.3,0
2015-16,regular-season,-,57,25,226.6,33.9,8.2,24.3,55.8,60.7,4.5,66.0,0
2015-16,regular-season,-,42,40,231.9,33.9,8.4,24.9,57.0,59.5,4.6,64.7,0
2015-16,regular-season,-,33,49,232.1,33.1,8.4,25.2,56.1,59.0,4.7,64.5,0
2015-16,regular-season,-,44,38,232.7,33.9,9.1,26.9,55.3,61.2,4.5,66.6,0
2015-16,regular-season,-,73,9,232.8,36.2,10.2,28.1,63.4,57.1,5.2,62.2,0
2015-16,regular-season,-,41,41,225.3,31.7,8.7,27.4,53.7,59.0,4.0,63.7,0
2015-16,regular-season,-,45,37,232.6,33.9,8.7,25.5,58.9,57.5,4.8,62.6,0
2015-16,regular-season,-,53,29,222.5,33.2,8.3,25.1,58.6,56.6,4.2,61.0,0
2015-16,regular-season,-,17,65,229.8,32.3,7.1,22.0,55.9,57.7,4.3,62.5,0
2015-16,regular-season,-,42,40,230.5,30.4,7.8,25.6,50.7,60.0,4.1,65.3,0
2015-16,regular-season,-,48,34,234.4,34.3,8.8,25.8,60.0,57.1,4.8,62.1,0
2015-16,regular-season,-,33,49,230.3,31.2,8.5,27.2,54.5,57.2,3.9,61.6,0
2015-16,regular-season,-,29,53,224.2,31.5,8.9,28.2,52.3,60.3,3.7,65.0,0
2015-16,regular-season,-,30,52,230.7,33.1,8.0,24.3,53.8,61.5,4.3,66.8,0
2015-16,regular-season,-,32,50,231.2,34.0,8.1,23.9,57.5,59.1,4.8,64.5,0
2015-16,regular-season,-,55,27,226.8,35.6,8.6,24.1,60.5,58.8,4.8,63.8,0
2015-16,regular-season,-,35,46,230.1,33.0,8.9,26.9,54.2,60.7,4.5,66.2,0
2015-16,regular-season,-,10,72,229.7,31.7,7.6,24.0,56.9,55.8,4.8,60.9,0
2015-16,regular-season,-,23,59,225.6,33.3,8.7,26.2,54.7,60.9,4.4,66.2,0
2015-16,regular-season,-,44,38,231.9,33.9,8.8,26.0,57.7,58.8,5.0,64.3,0
2015-16,regular-season,-,33,48,228.2,33.6,8.0,23.7,56.7,59.3,4.6,64.6,0
2015-16,regular-season,-,67,15,223.8,34.5,9.0,26.2,55.9,61.7,4.3,66.8,0
2015-16,regular-season,-,55,26,232.1,33.2,8.8,26.6,58.2,57.0,4.4,61.7,0
2015-16,regular-season,-,40,42,230.1,32.5,7.7,23.8,55.8,58.3,4.6,63.5,0
2015-16,regular-season,-,41,41,231.6,32.8,7.4,22.6,56.7,57.8,4.8,63.2,0
2015-16,playoffs,-,4,6,232.6,35.3,10.0,28.3,66.6,53.0,5.9,58.2,0
2015-16,playoffs,-,2,4,237.8,35.3,7.2,20.3,63.8,55.4,4.2,59.2,0
2015-16,playoffs,-,3,4,232.5,29.7,7.3,24.5,55.6,53.5,2.9,56.4,0
2015-16,playoffs,-,16,5,224.4,32.6,7.2,22.2,53.4,61.0,3.3,65.0,0
2015-16,playoffs,-,1,4,237.5,25.8,6.2,24.0,55.4,46.6,5.2,51.4,0
2015-16,playoffs,-,0,4,231.5,30.8,7.5,24.4,58.8,52.3,4.5,56.7,0
2015-16,playoffs,-,15,9,232.5,32.7,8.9,27.1,61.8,53.0,5.0,57.6,0
2015-16,playoffs,-,1,4,227.4,32.8,7.0,21.3,52.6,62.4,4.2,67.8,0
2015-16,playoffs,-,3,4,232.1,30.1,7.6,25.1,64.9,46.5,5.6,50.8,0
2015-16,playoffs,-,2,4,220.3,34.8,9.0,25.8,60.3,57.7,4.0,61.8,0
2015-16,playoffs,-,0,4,232.3,27.3,6.5,23.9,48.8,55.9,4.5,61.6,0
2015-16,playoffs,-,7,7,240.1,35.1,7.2,20.5,64.1,54.8,4.4,58.9,0
2015-16,playoffs,-,11,7,227.9,34.4,9.1,26.3,57.7,59.7,4.3,64.6,0
2015-16,playoffs,-,5,6,232.3,34.7,5.0,14.4,56.2,61.8,4.2,66.8,0
2015-16,playoffs,-,6,4,225.6,31.6,8.3,26.3,55.2,57.2,4.1,61.8,0
2015-16,playoffs,-,10,10,231.4,29.6,9.3,31.3,52.4,56.4,4.2,61.2,0
2016-17,regular-season,-,43,39,230.9,34.0,8.8,25.7,63.2,53.8,5.2,58.7,0
2016-17,regular-season,-,53,29,233.5,32.9,8.1,24.7,58.1,56.6,4.4,61.2,0
2016-17,regular-season,-,20,61,231.7,35.1,7.7,22.0,62.2,56.3,5.1,61.4,0
2016-17,regular-season,-,36,46,232.8,34.8,8.1,23.2,60.3,57.6,5.2,63.1,0
2016-17,regular-season,-,41,41,232.4,34.1,8.4,24.5,60.7,56.2,4.9,61.1,0
2016-17,regular-season,-,51,31,227.5,34.4,8.3,24.2,58.3,59.0,4.3,63.7,0
2016-17,regular-season,-,32,49,228.2,30.8,7.5,24.3,53.2,57.8,4.3,62.9,0
2016-17,regular-season,-,39,42,233.3,34.6,8.6,24.8,58.1,59.5,5.1,65.3,0
2016-17,regular-season,-,37,45,230.8,34.6,8.8,25.5,57.4,60.3,5.3,66.5,0
2016-17,regular-season,-,67,15,229.1,35.0,9.4,26.8,61.3,57.1,4.8,62.0,0
2016-17,regular-season,-,55,27,234.1,33.5,8.5,25.5,59.6,56.2,4.7,61.0,0
2016-17,regular-season,-,42,39,232.8,33.1,8.0,24.3,57.4,57.7,4.6,62.7,0
2016-17,regular-season,-,51,31,223.5,34.0,8.4,24.6,56.4,60.3,3.9,64.7,0
2016-17,regular-season,-,26,56,228.3,32.1,7.5,23.5,55.3,58.2,4.5,63.3,0
2016-17,regular-season,-,43,39,230.8,32.0,8.1,25.3,53.4,59.8,4.5,65.2,0
2016-17,regular-season,-,41,41,233.5,33.0,8.4,25.4,60.8,54.3,5.2,59.3,0
2016-17,regular-season,-,42,40,224.6,31.5,8.1,25.6,54.9,57.4,4.2,62.1,0
2016-17,regular-season,-,31,51,229.8,31.0,8.3,26.9,52.1,59.4,3.9,64.2,0
2016-17,regular-season,-,34,48,230.0,35.1,9.1,25.9,60.6,57.9,4.5,62.5,0
2016-17,regular-season,-,31,51,231.4,33.2,7.8,23.6,57.8,57.4,4.5,62.3,0
2016-17,regular-season,-,47,35,226.2,34.4,8.2,23.7,57.7,59.6,4.3,64.3,0
2016-17,regular-season,-,29,53,225.9,33.3,8.6,25.7,55.5,60.1,4.4,65.2,0
2016-17,regular-season,-,28,54,229.9,33.0,8.4,25.4,57.7,57.2,4.7,62.2,0
2016-17,regular-season,-,23,57,228.5,33.1,8.0,24.1,57.5,57.5,4.7,62.6,0
2016-17,regular-season,-,41,41,235.0,33.5,8.7,26.0,61.9,54.1,5.3,59.2,0
2016-17,regular-season,-,32,50,228.2,32.3,7.5,23.1,53.6,60.3,3.9,65.1,0
2016-17,regular-season,-,61,20,223.9,33.9,8.7,25.7,57.0,59.5,3.9,63.9,0
2016-17,regular-season,-,50,31,232.4,32.6,8.7,26.6,59.1,55.2,5.0,60.2,0
2016-17,regular-season,-,51,31,230.9,33.8,7.9,23.3,59.2,57.1,4.9,62.3,0
2016-17,regular-season,-,49,33,228.3,32.5,7.6,23.3,55.4,58.7,4.3,63.6,0
2016-17,playoffs,-,2,4,234.2,33.0,10.3,31.3,59.5,55.5,4.5,60.0,0
2016-17,playoffs,-,9,9,227.8,28.5,7.2,25.1,54.9,51.9,4.7,56.7,0
2016-17,playoffs,-,2,4,227.3,34.0,7.3,21.6,59.2,57.5,5.0,62.8,0
2016-17,playoffs,-,13,5,220.1,32.9,8.9,27.2,58.3,56.4,4.2,60.8,0
2016-17,playoffs,-,16,1,231.6,36.5,9.7,26.6,65.2,56.0,5.8,61.4,0
2016-17,playoffs,-,6,5,233.4,33.0,9.7,29.5,63.7,51.8,6.2,57.3,0
2016-17,playoffs,-,0,4,236.4,30.3,4.3,14.0,53.0,57.1,3.8,61.4,0
2016-17,playoffs,-,3,4,223.0,30.0,6.7,22.4,49.6,60.5,3.7,65.4,0
2016-17,playoffs,-,2,4,229.8,27.8,6.7,24.0,49.2,56.6,4.0,61.6,0
2016-17,playoffs,-,2,4,228.7,29.8,6.3,21.2,56.5,52.8,5.7,58.7,0
2016-17,playoffs,-,1,4,234.3,31.4,8.4,26.8,58.6,53.6,3.4,56.9,0
2016-17,playoffs,-,0,4,232.1,34.0,8.8,25.7,61.0,55.7,4.5,60.2,0
2016-17,playoffs,-,8,8,232.4,31.7,7.0,22.1,55.2,57.4,3.4,61.2,0
2016-17,playoffs,-,4,6,225.8,32.5,7.6,23.4,51.8,62.7,3.4,67.1,0
2016-17,playoffs,-,4,7,226.0,32.4,5.1,15.7,53.1,61.0,3.5,65.3,0
2016-17,playoffs,-,7,6,233.2,31.8,7.8,24.4,55.8,57.0,4.2,61.6,0
2017-18,regular-season,-,24,57,228.3,32.9,7.5,22.7,58.6,56.1,4.5,60.8,0
2017-18,regular-season,-,52,27,233.7,35.1,8.4,24.0,60.5,58.0,4.5,62.6,0
2017-18,regular-season,-,27,53,231.8,34.7,7.1,20.4,60.4,57.4,4.3,61.8,0
2017-18,regular-season,-,36,46,229.5,35.4,7.5,21.1,59.2,59.8,4.4,64.7,0
2017-18,regular-season,-,27,54,233.3,35.0,6.8,19.4,59.7,58.7,4.9,63.9,0
2017-18,regular-season,-,50,32,224.8,33.6,7.2,21.4,55.7,60.4,3.6,64.6,0
2017-18,regular-season,-,24,58,234.0,33.1,7.4,22.5,57.7,57.4,4.7,62.5,0
2017-18,regular-season,-,45,36,231.7,33.6,8.2,24.3,56.6,59.3,3.7,63.4,0
2017-18,regular-season,-,39,43,225.5,33.6,8.0,23.7,59.1,56.9,4.3,61.3,0
2017-18,regular-season,-,58,24,227.3,35.1,8.7,24.8,62.3,56.3,4.4,60.6,0
2017-18,regular-season,-,65,17,234.7,34.5,7.6,22.1,58.1,59.3,4.3,64.0,0
2017-18,regular-season,-,48,34,231.0,32.7,7.3,22.4,57.3,57.1,3.9,61.3,0
2017-18,regular-season,-,41,40,227.8,33.7,7.5,22.4,57.6,58.4,4.2,63.0,0
2017-18,regular-season,-,35,46,234.5,35.7,8.1,22.8,61.2,58.4,4.3,62.9,0
2017-18,regular-season,-,22,60,228.4,31.0,7.0,22.6,54.1,57.3,3.7,61.6,0
2017-18,regular-season,-,43,38,236.6,34.1,8.0,23.4,60.4,56.5,4.5,61.0,0
2017-18,regular-season,-,44,37,228.4,31.4,7.1,22.8,55.1,57.0,3.8,61.2,0
2017-18,regular-season,-,47,35,227.3,31.6,8.0,25.4,54.3,58.3,3.7,62.6,0
2017-18,regular-season,-,48,34,227.8,35.6,8.6,24.1,60.3,59.0,3.9,63.1,0
2017-18,regular-season,-,28,53,226.5,33.6,7.7,22.8,57.6,58.3,3.8,62.5,0
2017-18,regular-season,-,48,32,230.1,32.6,7.2,22.2,57.1,57.1,3.8,61.1,0
2017-18,regular-season,-,25,57,224.8,32.7,7.7,23.5,55.9,58.5,3.8,62.7,0
2017-18,regular-season,-,52,29,230.1,36.6,8.6,23.5,64.3,56.9,4.7,61.4,0
2017-18,regular-season,-,21,61,225.2,33.9,7.4,21.8,58.7,57.7,4.1,62.0,0
2017-18,regular-season,-,49,33,229.9,35.3,8.5,24.0,60.6,58.2,4.7,63.1,0
2017-18,regular-season,-,27,55,229.5,31.4,6.4,20.2,53.9,58.3,3.7,62.6,0
2017-18,regular-season,-,47,35,224.7,33.9,7.6,22.3,57.6,58.8,4.0,63.2,0
2017-18,regular-season,-,59,23,231.2,34.2,8.1,23.6,60.6,56.5,4.3,60.8,0
2017-18,regular-season,-,48,34,231.6,34.2,7.2,21.1,59.5,57.5,4.1,61.8,0
2017-18,regular-season,-,43,39,233.1,33.1,6.7,20.3,57.0,58.0,4.0,62.4,0
2017-18,playoffs,-,11,8,233.5,32.8,6.2,18.9,54.9,59.8,4.0,64.5,0
2017-18,playoffs,-,12,10,223.3,31.6,7.3,23.0,54.2,58.3,3.8,62.7,0
2017-18,playoffs,-,16,5,229.4,35.9,9.9,27.5,62.0,57.8,3.5,61.3,0
2017-18,playoffs,-,11,6,233.5,34.2,6.5,18.9,56.2,60.9,4.6,66.3,0
2017-18,playoffs,-,3,4,227.6,31.9,7.9,24.7,52.7,60.4,4.9,66.6,0
2017-18,playoffs,-,1,4,228.6,31.4,7.0,22.3,62.2,50.5,6.2,56.1,0
2017-18,playoffs,-,3,4,227.6,33.0,7.4,22.5,58.4,56.5,3.6,60.2,0
2017-18,playoffs,-,1,4,226.9,36.6,7.8,21.3,62.0,59.0,4.4,63.5,0
2017-18,playoffs,-,5,4,228.1,37.7,8.9,23.6,58.4,64.4,3.4,68.5,0
2017-18,playoffs,-,2,4,225.8,34.7,7.5,21.6,58.8,58.9,5.2,64.6,0
2017-18,playoffs,-,5,5,230.8,36.0,8.6,23.9,60.6,59.4,3.9,63.5,0
2017-18,playoffs,-,0,4,233.2,32.0,5.8,18.0,52.5,61.0,4.5,66.7,0
2017-18,playoffs,-,1,4,214.2,29.2,6.2,21.2,49.6,58.9,4.0,64.0,0
2017-18,playoffs,-,4,6,223.7,30.7,7.0,22.8,57.4,53.5,4.3,57.8,0
2017-18,playoffs,-,5,6,236.4,35.6,7.4,20.7,65.8,54.1,5.2,58.8,0
2017-18,playoffs,-,2,4,235.3,31.5,8.2,25.9,54.5,57.8,3.5,61.8,0
2018-19,regular-season,-,29,53,231.9,34.4,7.6,22.1,58.7,58.6,4.7,63.7,0
2018-19,regular-season,-,49,33,236.7,34.7,7.4,21.4,58.6,59.3,4.9,64.7,0
2018-19,regular-season,-,42,40,233.7,35.6,7.8,21.9,62.5,57.0,5.7,62.7,0
2018-19,regular-season,-,39,43,232.5,33.9,8.2,24.2,57.5,58.9,5.3,65.0,0
2018-19,regular-season,-,22,59,232.5,34.2,7.1,20.9,56.4,60.5,4.7,66.1,0
2018-19,regular-season,-,19,63,227.0,31.9,6.8,21.2,52.9,60.2,4.6,66.0,0
2018-19,regular-season,-,33,49,225.0,35.2,7.8,22.1,57.2,61.5,4.7,67.0,0
2018-19,regular-season,-,54,28,228.1,34.5,7.7,22.4,56.6,60.9,4.5,66.2,0
2018-19,regular-season,-,41,41,225.0,33.6,7.8,23.3,54.2,61.9,4.2,67.1,0
2018-19,regular-season,-,57,25,233.6,36.4,8.7,23.9,60.4,60.3,5.1,65.8,0
2018-19,regular-season,-,53,29,231.0,31.8,7.3,23.0,55.1,57.7,4.7,63.2,0
2018-19,regular-season,-,48,34,227.1,33.7,7.4,21.9,57.1,59.0,4.9,64.5,0
2018-19,regular-season,-,48,34,231.6,35.8,8.0,22.4,59.7,60.0,5.5,66.1,0
2018-19,regular-season,-,37,45,231.9,36.4,8.3,22.8,59.9,60.7,5.2,66.5,0
2018-19,regular-season,-,33,49,233.0,33.0,8.1,24.6,54.4,60.6,4.5,66.1,0
2018-19,regular-season,-,39,43,232.9,35.1,7.7,22.0,59.9,58.6,5.7,64.8,0
2018-19,regular-season,-,60,22,235.3,40.4,8.5,21.0,64.5,62.7,5.4,68.4,0
2018-19,regular-season,-,36,46,232.4,33.5,7.8,23.3,56.5,59.3,4.9,64.9,0
2018-19,regular-season,-,33,49,228.5,36.2,9.0,24.8,57.6,62.8,4.9,68.6,0
2018-19,regular-season,-,17,64,231.4,34.3,7.1,20.7,56.7,60.4,4.9,66.1,0
2018-19,regular-season,-,48,33,231.7,35.5,7.2,20.2,58.8,60.5,4.5,65.5,0
2018-19,regular-season,-,40,40,229.3,35.3,8.5,24.1,56.2,62.8,4.3,68.0,0
2018-19,regular-season,-,51,30,229.7,36.9,8.3,22.5,60.2,61.3,5.0,66.8,0
2018-19,regular-season,-,19,63,229.2,31.2,7.0,22.5,53.9,58.0,4.6,63.3,0
2018-19,regular-season,-,53,29,232.0,36.2,8.1,22.4,59.1,61.2,4.9,66.8,0
2018-19,regular-season,-,39,43,229.5,34.4,7.9,23.1,57.2,60.1,4.7,65.5,0
2018-19,regular-season,-,48,34,231.7,35.5,7.4,20.9,57.6,61.6,4.7,67.0,0
2018-19,regular-season,-,58,24,233.6,35.6,8.9,25.0,58.8,60.5,4.4,65.4,0
2018-19,regular-season,-,50,31,227.1,36.3,7.5,20.6,59.1,61.4,5.2,67.4,0
2018-19,regular-season,-,31,50,233.0,32.6,7.5,23.2,55.6,58.6,4.3,63.5,0
2018-19,playoffs,-,5,4,229.9,40.3,7.9,19.6,64.9,62.2,6.0,68.5,0
2018-19,playoffs,-,1,4,226.6,29.2,7.8,26.7,53.2,54.9,4.4,59.8,0
2018-19,playoffs,-,7,7,237.0,34.6,8.7,25.2,58.9,58.9,4.7,64.0,0
2018-19,playoffs,-,0,4,228.6,31.5,7.5,23.8,53.0,59.4,4.8,65.3,0
2018-19,playoffs,-,14,8,233.5,33.2,8.4,25.3,57.4,57.8,4.8,63.0,0
2018-19,playoffs,-,6,5,236.4,33.3,8.0,24.0,58.1,57.3,5.0,62.7,0
2018-19,playoffs,-,0,4,235.0,32.3,6.8,20.9,55.5,58.1,4.5,63.2,0
2018-19,playoffs,-,2,4,225.0,30.2,4.5,14.9,50.5,59.7,3.5,64.2,0
2018-19,playoffs,-,10,5,237.2,41.8,7.2,17.2,65.3,64.0,5.3,69.7,0
2018-19,playoffs,-,1,4,231.9,32.8,10.2,31.1,60.4,54.3,6.0,60.3,0
2018-19,playoffs,-,1,4,231.1,33.8,5.0,14.8,52.2,64.8,3.6,69.5,0
2018-19,playoffs,-,7,5,221.1,37.1,7.9,21.3,60.3,61.5,5.3,67.3,0
2018-19,playoffs,-,8,8,234.8,33.8,9.6,28.5,55.6,60.7,4.6,66.2,0
2018-19,playoffs,-,3,4,227.1,34.4,10.1,29.5,56.1,61.3,4.1,66.2,0
2018-19,playoffs,-,16,8,231.9,34.0,8.3,24.4,56.4,60.4,3.9,64.8,0
2018-19,playoffs,-,1,4,236.5,35.4,7.6,21.5,61.8,57.3,4.2,61.5,0
2019-20,regular-season,-,20,47,234.8,33.4,7.2,21.7,55.4,60.2,4.8,65.9,0
2019-20,regular-season,-,48,24,232.8,35.4,7.7,21.7,57.3,61.8,5.4,68.2,0
2019-20,regular-season,-,35,37,234.9,37.3,7.9,21.3,59.8,62.4,5.2,68.3,0
2019-20,regular-season,-,23,41,233.7,31.8,7.4,23.4,51.9,61.2,4.6,67.3,0
2019-20,regular-season,-,22,43,232.0,31.4,6.6,21.1,50.8,61.8,4.4,67.7,0
2019-20,regular-season,-,19,46,227.2,33.4,7.8,23.5,51.6,64.8,4.2,70.5,0
2019-20,regular-season,-,41,32,232.6,36.2,8.0,22.1,56.5,64.1,5.3,70.7,0
2019-20,regular-season,-,46,27,231.1,33.4,7.8,23.4,53.0,63.0,4.4,68.7,0
2019-20,regular-season,-,20,45,226.7,32.0,7.2,22.6,52.4,61.1,4.9,67.3,0
2019-20,regular-season,-,15,50,233.5,32.9,8.0,24.4,54.7,60.1,5.3,66.5,0
2019-20,regular-season,-,44,28,230.9,34.5,8.1,23.5,56.2,61.4,4.6,66.8,0
2019-20,regular-season,-,45,28,231.2,34.1,7.7,22.7,57.2,59.6,5.1,65.5,0
2019-20,regular-season,-,49,23,231.6,37.0,7.9,21.4,58.4,63.3,4.6,68.8,0
2019-20,regular-season,-,52,19,224.6,35.0,7.7,21.9,55.5,63.1,4.4,68.6,0
2019-20,regular-season,-,34,39,228.9,36.2,8.3,23.0,57.9,62.5,5.0,68.5,0
2019-20,regular-season,-,44,28,236.6,35.8,7.4,20.7,56.6,63.3,5.8,70.5,0
2019-20,regular-season,-,55,17,231.3,42.2,9.1,21.5,65.0,65.0,5.8,71.3,0
2019-20,regular-season,-,19,45,234.9,34.3,8.2,24.0,54.2,63.3,4.8,69.4,0
2019-20,regular-season,-,30,41,231.7,35.4,8.5,23.9,57.5,61.5,5.2,67.6,0
2019-20,regular-season,-,21,45,230.0,34.5,7.1,20.5,54.6,63.1,5.0,69.4,0
2019-20,regular-season,-,44,28,230.9,34.7,8.0,23.1,55.6,62.3,4.9,68.4,0
2019-20,regular-season,-,33,40,232.1,34.2,8.1,23.8,55.0,62.2,4.9,68.3,0
2019-20,regular-season,-,43,30,226.0,35.0,7.1,20.4,54.1,64.7,4.7,70.9,0
2019-20,regular-season,-,34,38,231.8,33.5,7.4,22.1,53.6,62.6,4.6,68.4,0
2019-20,regular-season,-,34,39,230.8,35.1,8.0,22.7,57.0,61.5,5.1,67.5,0
2019-20,regular-season,-,31,40,235.1,32.8,7.7,23.3,54.2,60.6,4.9,66.7,0
2019-20,regular-season,-,31,39,229.4,35.4,6.7,19.1,56.1,63.1,4.9,69.2,0
2019-20,regular-season,-,52,19,234.7,35.9,8.1,22.7,59.4,60.5,5.3,66.4,0
2019-20,regular-season,-,44,28,231.2,35.8,7.2,20.2,56.3,63.6,4.6,69.2,0
2019-20,regular-season,-,25,47,230.0,31.9,7.2,22.5,52.8,60.3,4.6,66.1,0
2019-20,play-in,-,0,1,240.0,37.0,6.0,16.2,59.0,62.7,11.0,77.1,0
2019-20,play-in,-,1,0,240.0,30.0,7.0,23.3,62.0,48.4,5.0,52.6,0
2019-20,ist,-,0,1,251.1,37.0,4.0,10.8,60.0,61.7,6.0,68.5,0
2019-20,ist,-,1,0,265.0,41.0,13.0,31.7,65.0,63.1,5.0,68.3,0
2020-21,regular-season,-,41,31,228.9,35.1,8.1,23.1,56.7,61.8,5.3,68.2,0
2020-21,regular-season,-,36,36,227.7,33.6,7.6,22.5,54.3,61.9,4.9,68.0,0
2020-21,regular-season,-,48,24,232.4,35.5,8.0,22.5,58.0,61.3,4.6,66.6,0
2020-21,regular-season,-,33,39,233.3,33.2,7.9,23.8,54.3,61.1,4.8,67.0,0
2020-21,regular-season,-,31,41,234.7,35.3,7.9,22.4,55.6,63.6,5.1,70.0,0
2020-21,regular-season,-,22,50,230.5,32.3,8.1,25.1,51.0,63.4,4.4,69.4,0
2020-21,regular-season,-,42,30,227.8,34.2,7.1,20.7,54.1,63.3,5.1,69.9,0
2020-21,regular-season,-,47,25,231.8,33.9,8.0,23.5,52.8,64.2,4.6,70.3,0
2020-21,regular-season,-,20,52,229.6,32.8,6.9,21.0,53.0,61.9,5.1,68.5,0
2020-21,regular-season,-,39,33,229.7,35.0,7.7,22.1,58.6,59.8,5.9,66.5,0
2020-21,regular-season,-,17,55,229.6,33.2,7.6,22.9,53.6,61.9,4.8,67.9,0
2020-21,regular-season,-,34,38,233.2,33.7,7.1,21.0,56.2,59.9,5.1,65.8,0
2020-21,regular-season,-,47,25,227.6,34.6,8.1,23.3,55.1,62.8,5.0,69.1,0
2020-21,regular-season,-,42,30,232.4,34.6,6.9,19.9,54.8,63.1,4.6,69.0,0
2020-21,regular-season,-,38,34,231.7,35.3,8.5,24.0,55.6,63.5,4.9,69.7,0
2020-21,regular-season,-,40,32,230.8,33.4,7.2,21.4,55.4,60.3,5.3,66.7,0
2020-21,regular-season,-,46,26,228.8,37.8,8.3,21.8,59.3,63.8,5.0,69.7,0
2020-21,regular-season,-,23,49,230.7,33.0,8.1,24.7,53.5,61.7,4.8,67.8,0
2020-21,regular-season,-,31,41,233.5,35.6,8.2,23.0,56.1,63.4,4.8,69.3,0
2020-21,regular-season,-,41,31,233.9,35.5,7.5,21.1,56.5,62.8,5.0,68.9,0
2020-21,regular-season,-,22,50,233.8,35.6,8.4,23.6,55.6,64.1,4.7,70.0,0
2020-21,regular-season,-,21,51,232.5,35.1,8.0,22.7,54.6,64.2,5.2,70.9,0
2020-21,regular-season,-,49,23,225.2,35.0,7.8,22.2,54.9,63.8,4.8,69.9,0
2020-21,regular-season,-,51,21,232.4,34.2,7.5,21.9,54.4,62.8,5.4,69.7,0
2020-21,regular-season,-,42,30,230.9,33.9,7.8,23.1,52.4,64.7,4.6,70.9,0
2020-21,regular-season,-,31,41,228.7,32.0,7.9,24.7,52.2,61.3,5.0,67.9,0
2020-21,regular-season,-,33,39,230.1,34.6,8.4,24.4,53.2,64.9,4.5,71.0,0
2020-21,regular-season,-,27,45,229.6,32.1,7.4,23.0,54.3,59.2,4.9,65.1,0
2020-21,regular-season,-,52,20,231.6,37.6,7.5,19.8,59.6,63.0,5.5,69.5,0
2020-21,regular-season,-,34,38,229.1,35.5,7.9,22.1,55.9,63.6,4.7,69.4,0
2020-21,playoffs,-,10,8,226.3,33.3,8.2,24.5,56.9,58.4,5.1,64.1,0
2020-21,playoffs,-,1,4,226.8,28.8,5.6,19.4,47.2,61.0,4.8,67.9,0
2020-21,playoffs,-,7,5,229.6,34.3,10.0,29.1,57.7,59.5,5.0,65.2,0
2020-21,playoffs,-,3,4,230.4,30.3,5.1,17.0,50.1,60.4,4.9,66.9,0
2020-21,playoffs,-,4,6,224.3,31.9,8.4,26.3,51.0,62.5,4.1,68.0,0
2020-21,playoffs,-,10,9,227.6,32.4,7.1,22.0,55.4,58.4,5.3,64.5,0
2020-21,playoffs,-,2,4,226.4,32.7,8.0,24.5,50.3,64.9,4.5,71.3,0
2020-21,playoffs,-,1,4,232.7,30.0,8.2,27.3,54.0,55.6,5.0,61.2,0
2020-21,playoffs,-,0,4,229.8,33.3,8.8,26.3,56.5,58.8,5.3,64.9,0
2020-21,playoffs,-,16,7,234.9,36.1,8.7,24.1,56.0,64.5,4.8,70.5,0
2020-21,playoffs,-,1,4,231.0,34.6,8.2,23.7,56.2,61.6,5.0,67.6,0
2020-21,playoffs,-,7,5,212.5,35.7,9.7,27.1,55.8,64.0,4.3,69.4,0
2020-21,playoffs,-,14,8,231.6,34.7,8.1,23.3,55.5,62.6,5.2,69.1,0
2020-21,playoffs,-,2,4,228.5,32.3,5.2,16.0,52.8,61.2,3.7,65.8,0
2020-21,playoffs,-,6,5,224.4,33.0,5.5,16.5,52.8,62.5,4.1,67.7,0
2020-21,playoffs,-,1,4,218.9,32.8,5.2,15.9,52.8,62.1,3.6,66.7,0
2020-21,play-in,-,1,0,227.8,35.0,14.0,40.0,54.0,64.8,2.0,67.3,0
2020-21,play-in,-,0,1,226.6,29.0,8.0,27.6,49.0,59.2,5.0,65.9,0
2020-21,play-in,-,0,2,248.2,37.0,9.5,25.7,69.0,53.6,7.5,60.2,0
2020-21,play-in,-,1,1,224.7,36.5,7.5,20.5,56.5,64.6,6.5,73.0,0
2020-21,play-in,-,1,0,234.2,36.0,7.0,19.4,56.0,64.3,3.0,67.9,0
2020-21,play-in,-,2,0,237.9,38.0,8.5,22.4,69.5,54.7,6.5,60.3,0
2020-21,play-in,-,0,1,237.1,40.0,12.0,30.0,59.0,67.8,5.0,74.1,0
2020-21,play-in,-,1,1,225.7,40.5,12.5,30.9,66.5,60.9,7.5,68.6,0
2021-22,regular-season,-,43,39,231.3,33.9,7.5,22.1,54.3,62.6,4.6,68.3,0
2021-22,regular-season,-,51,30,234.9,35.6,8.5,23.9,56.4,63.2,5.0,69.4,0
2021-22,regular-season,-,44,38,231.0,34.1,7.8,23.0,55.6,61.4,5.0,67.4,0
2021-22,regular-season,-,43,38,236.8,33.9,8.1,23.9,55.8,60.7,5.0,66.7,0
2021-22,regular-season,-,46,36,231.1,33.6,7.7,23.0,53.1,63.4,4.7,69.5,0
2021-22,regular-season,-,44,38,230.2,34.0,8.0,23.7,55.5,61.2,5.1,67.3,0
2021-22,regular-season,-,52,30,232.6,33.8,7.9,23.3,55.5,60.9,5.4,67.5,0
2021-22,regular-season,-,48,34,227.7,34.9,8.2,23.4,52.6,66.4,4.3,72.2,0
2021-22,regular-season,-,23,58,232.6,32.0,7.1,22.1,52.5,61.0,4.6,66.8,0
2021-22,regular-season,-,53,28,233.4,35.7,8.4,23.4,58.3,61.2,5.4,67.5,0
2021-22,regular-season,-,20,62,228.8,32.4,7.3,22.5,52.1,62.3,4.4,68.0,0
2021-22,regular-season,-,25,57,231.0,32.6,7.1,21.9,54.4,59.9,5.0,66.0,0
2021-22,regular-season,-,42,39,232.2,34.8,8.0,23.1,56.2,62.0,5.2,68.3,0
2021-22,regular-season,-,33,49,233.9,34.5,7.8,22.7,54.2,63.6,4.0,68.7,0
2021-22,regular-season,-,55,26,230.5,34.9,7.9,22.6,54.5,64.1,4.8,70.4,0
2021-22,regular-season,-,53,29,233.4,33.9,7.4,21.9,56.3,60.1,5.9,67.2,0
2021-22,regular-season,-,51,31,231.9,36.5,7.9,21.5,57.6,63.2,5.1,69.3,0
2021-22,regular-season,-,46,36,228.8,32.9,7.3,22.3,52.7,62.5,4.6,68.5,0
2021-22,regular-season,-,35,46,230.4,33.2,7.3,22.1,52.7,63.0,4.4,68.8,0
2021-22,regular-season,-,36,45,231.5,34.7,8.0,23.1,56.4,61.5,4.8,67.3,0
2021-22,regular-season,-,24,58,232.7,35.2,8.3,23.5,56.4,62.4,4.8,68.2,0
2021-22,regular-season,-,22,60,229.4,35.2,7.6,21.6,56.3,62.5,5.3,68.9,0
2021-22,regular-season,-,51,31,226.3,33.8,7.3,21.6,53.7,63.0,4.6,68.9,0
2021-22,regular-season,-,63,18,231.4,35.4,8.3,23.4,56.0,63.3,4.8,69.2,0
2021-22,regular-season,-,27,55,229.5,32.5,6.9,21.1,52.8,61.4,4.5,67.2,0
2021-22,regular-season,-,29,52,233.0,33.2,6.8,20.5,54.0,61.5,5.0,67.9,0
2021-22,regular-season,-,34,48,230.4,34.3,8.4,24.5,57.1,60.2,5.3,66.3,0
2021-22,regular-season,-,48,34,233.4,32.0,7.2,22.4,52.3,61.1,4.9,67.4,0
2021-22,regular-season,-,49,33,231.4,35.6,7.7,21.8,56.7,62.7,4.9,68.6,0
2021-22,regular-season,-,35,47,233.5,34.1,7.2,21.1,55.0,62.1,5.5,69.0,0
2021-22,playoffs,-,1,4,224.5,30.8,7.0,22.7,51.2,60.2,4.6,66.1,0
2021-22,playoffs,-,14,10,233.9,33.9,8.5,25.1,56.0,60.6,5.1,66.7,0
2021-22,playoffs,-,0,4,235.0,25.5,5.0,19.6,44.8,57.0,3.5,61.8,0
2021-22,playoffs,-,1,4,235.4,35.8,7.0,19.6,57.6,62.2,6.2,69.6,0
2021-22,playoffs,-,9,9,230.8,30.0,6.3,21.1,49.4,60.7,4.4,66.7,0
2021-22,playoffs,-,1,4,209.0,30.6,5.2,17.0,47.0,65.1,1.8,67.7,0
2021-22,playoffs,-,16,6,231.1,34.1,8.3,24.4,57.9,58.9,5.1,64.6,0
2021-22,playoffs,-,6,6,235.2,33.4,6.3,18.7,54.7,61.1,4.3,66.3,0
2021-22,playoffs,-,11,7,229.5,31.2,6.9,22.2,52.2,59.8,5.1,66.3,0
2021-22,playoffs,-,7,5,232.9,40.7,7.6,18.6,58.9,69.0,5.6,76.3,0
2021-22,playoffs,-,2,4,233.2,33.0,8.0,24.2,58.0,56.9,5.0,62.3,0
2021-22,playoffs,-,2,4,230.1,30.5,5.8,19.1,48.0,63.5,4.8,70.7,0
2021-22,playoffs,-,6,6,227.3,31.3,7.7,24.5,50.6,61.9,3.8,66.9,0
2021-22,playoffs,-,7,6,230.9,30.7,6.2,20.3,53.0,57.9,4.5,63.2,0
2021-22,playoffs,-,2,4,230.3,27.5,5.5,20.0,45.7,60.2,4.0,66.0,0
2021-22,playoffs,-,2,4,238.9,35.5,6.2,17.4,53.5,66.4,4.2,72.0,0
2021-22,play-in,-,2,0,234.7,37.0,9.5,25.7,59.0,62.7,6.0,69.8,0
2021-22,play-in,-,1,0,232.4,33.0,9.0,27.3,63.0,52.4,6.0,57.9,0
2021-22,play-in,-,0,1,240.0,30.0,4.0,13.3,51.0,58.8,5.0,65.2,0
2021-22,play-in,-,0,2,236.7,29.0,8.5,29.3,46.0,63.0,4.5,69.9,0
2021-22,play-in,-,0,2,222.8,32.5,6.5,20.0,58.5,55.6,4.5,60.2,0
2021-22,play-in,-,1,0,231.3,37.0,4.0,10.8,51.0,72.5,4.0,78.7,0
2021-22,play-in,-,2,0,236.3,41.0,9.0,22.0,62.0,66.1,4.0,70.7,0
2021-22,play-in,-,0,1,234.1,26.0,11.0,42.3,44.0,59.1,6.0,68.4,0
2022-23,regular-season,-,41,41,229.7,33.2,8.6,26.0,52.9,62.7,4.7,68.9,0
2022-23,regular-season,-,57,25,236.7,35.6,8.5,23.7,57.5,62.0,5.6,68.6,0
2022-23,regular-season,-,45,37,225.6,32.3,7.2,22.3,54.5,59.3,4.6,64.7,0
2022-23,regular-season,-,27,55,234.3,33.5,7.7,22.9,55.0,61.0,5.0,67.2,0
2022-23,regular-season,-,39,42,229.0,33.9,7.8,23.0,53.9,62.8,4.5,68.5,0
2022-23,regular-season,-,51,31,228.4,31.4,8.0,25.5,51.1,61.5,4.5,67.4,0
2022-23,regular-season,-,38,44,231.6,31.2,7.2,23.2,51.0,61.2,4.4,66.9,0
2022-23,regular-season,-,53,29,228.0,32.9,8.3,25.1,52.0,63.3,4.2,68.8,0
2022-23,regular-season,-,17,64,232.5,31.3,6.9,22.0,52.0,60.1,4.5,65.8,0
2022-23,regular-season,-,43,38,230.8,34.0,8.0,23.5,56.6,60.0,5.0,65.9,0
2022-23,regular-season,-,22,60,229.2,32.9,8.1,24.6,51.8,63.4,4.3,69.1,0
2022-23,regular-season,-,35,47,233.6,31.4,7.2,22.9,54.3,57.8,5.6,64.4,0
2022-23,regular-season,-,44,38,229.4,33.4,8.1,24.2,53.9,62.0,4.8,68.0,0
2022-23,regular-season,-,43,39,232.9,35.7,9.1,25.5,56.5,63.2,5.2,69.6,0
2022-23,regular-season,-,51,31,233.0,34.6,8.0,23.0,57.3,60.3,4.6,65.6,0
2022-23,regular-season,-,44,38,232.1,30.9,7.1,23.0,52.3,59.1,5.3,65.7,0
2022-23,regular-season,-,58,24,231.4,37.5,8.0,21.4,59.3,63.2,5.3,69.4,0
2022-23,regular-season,-,41,40,225.2,32.7,7.4,22.5,53.6,61.1,4.4,66.5,0
2022-23,regular-season,-,42,40,232.4,33.1,8.2,24.7,53.2,62.3,4.5,68.1,0
2022-23,regular-season,-,47,35,233.4,34.0,7.8,22.9,54.6,62.4,4.4,67.8,0
2022-23,regular-season,-,40,42,231.9,32.3,7.7,23.8,54.9,58.8,5.3,65.1,0
2022-23,regular-season,-,34,48,230.6,33.1,7.0,21.3,53.1,62.3,4.9,68.7,0
2022-23,regular-season,-,54,28,230.6,32.2,6.9,21.4,52.7,61.1,4.7,67.1,0
2022-23,regular-season,-,45,37,232.1,32.4,7.0,21.7,52.6,61.6,4.7,67.6,0
2022-23,regular-season,-,33,48,230.9,31.1,7.2,23.0,51.0,61.1,4.6,67.2,0
2022-23,regular-season,-,48,34,225.5,32.9,7.4,22.5,51.6,63.7,4.4,69.7,0
2022-23,regular-season,-,21,58,233.3,31.9,7.5,23.4,52.8,60.5,5.1,66.8,0
2022-23,regular-season,-,41,41,232.5,30.3,7.1,23.6,48.6,62.4,4.5,68.7,0
2022-23,regular-season,-,37,45,230.0,34.1,7.8,23.0,54.6,62.4,4.4,67.8,0
2022-23,regular-season,-,35,47,233.0,34.2,8.0,23.3,55.1,62.0,5.0,68.2,0
2022-23,playoffs,-,2,4,235.3,31.7,5.3,16.8,52.2,60.7,4.0,65.7,0
2022-23,playoffs,-,11,9,235.5,33.6,8.0,23.7,54.1,62.1,4.5,67.7,0
2022-23,playoffs,-,0,4,224.7,29.3,7.8,26.5,51.3,57.1,4.0,61.9,0
2022-23,playoffs,-,1,4,224.4,28.0,7.2,25.7,52.8,53.0,5.2,58.8,0
2022-23,playoffs,-,16,4,235.2,34.7,8.1,23.3,53.4,65.0,4.9,71.5,0
2022-23,playoffs,-,6,7,225.6,34.5,9.5,27.6,57.8,59.7,5.2,65.6,0
2022-23,playoffs,-,1,4,222.8,28.2,7.8,27.7,47.0,60.0,3.4,64.7,0
2022-23,playoffs,-,8,8,223.5,35.6,9.6,27.1,56.2,63.3,4.9,69.4,0
2022-23,playoffs,-,2,4,243.1,33.3,6.5,19.5,54.8,60.8,4.2,65.8,0
2022-23,playoffs,-,13,10,223.3,31.0,6.8,22.0,52.4,59.2,5.0,65.5,0
2022-23,playoffs,-,1,4,216.6,34.2,8.0,23.4,48.6,70.4,3.0,75.0,0
2022-23,playoffs,-,1,4,227.9,30.8,7.4,24.0,49.4,62.3,4.0,67.8,0
2022-23,playoffs,-,6,5,236.0,32.5,7.6,23.5,54.8,59.2,4.5,64.6,0
2022-23,playoffs,-,7,4,228.3,33.0,6.8,20.7,52.4,63.0,4.5,68.9,0
2022-23,playoffs,-,6,5,218.7,30.8,8.2,26.5,48.9,63.0,3.4,67.7,0
2022-23,playoffs,-,3,4,235.0,33.7,7.6,22.5,53.3,63.3,3.7,68.0,0
2022-23,play-in,-,1,0,240.0,41.0,13.0,31.7,64.0,64.1,10.0,75.9,0
2022-23,play-in,-,1,1,221.6,30.0,8.5,28.3,52.5,57.1,4.0,61.9,0
2022-23,play-in,-,1,0,263.2,36.0,5.0,13.9,51.0,70.6,4.0,76.6,0
2022-23,play-in,-,1,1,233.7,37.0,9.0,24.3,57.5,64.3,7.5,74.0,0
2022-23,play-in,-,1,1,232.3,35.5,11.5,32.4,60.0,59.2,5.0,64.5,0
2022-23,play-in,-,0,1,240.0,34.0,18.0,52.9,58.0,58.6,7.0,66.7,0
2022-23,play-in,-,1,1,240.0,27.5,4.0,14.5,49.5,55.6,6.0,63.2,0
2022-23,play-in,-,0,1,237.9,34.0,5.0,14.7,54.0,63.0,8.0,73.9,0
2023-24,regular-season,-,36,46,231.6,32.1,7.3,22.8,51.4,62.5,4.4,68.4,0
2023-24,regular-season,-,63,18,235.3,35.7,8.0,22.4,58.8,60.7,5.7,67.2,0
2023-24,regular-season,-,32,47,234.1,32.7,7.1,21.7,55.8,58.6,5.3,64.7,0
2023-24,regular-season,-,20,61,228.0,30.9,6.7,21.6,51.6,59.9,4.5,65.5,0
2023-24,regular-season,-,39,42,229.4,32.5,7.1,21.7,52.2,62.3,4.6,68.4,0
2023-24,regular-season,-,48,34,231.9,33.4,7.6,22.6,54.6,61.2,5.1,67.5,0
2023-24,regular-season,-,49,32,229.3,33.1,7.4,22.3,55.2,60.0,4.9,65.8,0
2023-24,regular-season,-,55,25,225.6,33.7,8.9,26.2,52.5,64.3,4.4,70.2,0
2023-24,regular-season,-,14,67,231.9,32.8,6.8,20.6,53.5,61.3,4.8,67.3,0
2023-24,regular-season,-,46,35,230.4,34.3,7.8,22.8,56.6,60.6,5.3,66.8,0
2023-24,regular-season,-,41,41,231.7,33.9,7.7,22.7,54.9,61.8,5.2,68.3,0
2023-24,regular-season,-,47,35,226.6,31.4,6.8,21.7,52.1,60.4,4.7,66.4,0
2023-24,regular-season,-,50,31,228.8,32.7,7.4,22.6,52.2,62.7,4.6,68.7,0
2023-24,regular-season,-,46,35,225.3,34.4,7.9,23.0,53.9,63.8,4.3,69.3,0
2023-24,regular-season,-,27,55,233.5,31.6,6.4,20.1,53.7,58.8,5.0,64.9,0
2023-24,regular-season,-,46,35,231.0,32.9,7.2,21.8,53.7,61.3,5.1,67.8,0
2023-24,regular-season,-,49,33,231.1,34.7,7.4,21.3,56.2,61.8,4.7,67.4,0
2023-24,regular-season,-,56,26,226.1,34.2,7.9,23.1,54.8,62.4,4.9,68.5,0
2023-24,regular-season,-,49,32,232.0,33.6,7.3,21.8,55.3,60.7,5.2,67.0,0
2023-24,regular-season,-,50,32,230.9,32.4,7.8,24.1,53.2,60.9,5.3,67.6,0
2023-24,regular-season,-,57,25,230.4,33.2,8.4,25.4,55.7,59.6,5.4,66.0,0
2023-24,regular-season,-,47,35,226.9,31.8,6.6,20.6,51.5,61.7,4.9,68.1,0
2023-24,regular-season,-,46,35,230.8,31.7,7.0,22.0,53.2,59.6,4.7,65.4,0
2023-24,regular-season,-,48,32,230.5,33.9,7.6,22.5,55.6,61.1,4.9,66.9,0
2023-24,regular-season,-,20,61,235.7,30.1,6.6,21.8,50.5,59.5,4.3,65.0,0
2023-24,regular-season,-,46,36,229.5,33.1,7.0,21.3,53.3,62.0,5.0,68.4,0
2023-24,regular-season,-,21,60,226.7,33.8,7.3,21.5,54.1,62.4,4.4,67.9,0
2023-24,regular-season,-,25,56,229.6,31.8,6.9,21.7,51.4,61.8,4.5,67.7,0
2023-24,regular-season,-,31,50,231.1,33.4,8.0,23.9,53.8,62.0,5.1,68.5,0
2023-24,regular-season,-,15,67,225.6,31.8,6.8,21.4,53.0,59.9,4.7,65.8,0
2023-24,playoffs,-,16,3,236.1,33.4,8.2,24.6,53.1,62.9,4.3,68.4,0
2023-24,playoffs,-,5,7,225.2,31.1,7.2,23.1,54.8,56.8,6.3,64.1,0
2023-24,playoffs,-,13,9,230.9,32.2,8.0,25.0,53.7,60.0,4.6,65.6,0
2023-24,playoffs,-,7,5,231.7,32.6,6.4,19.7,49.9,65.3,5.0,72.5,0
2023-24,playoffs,-,8,9,231.2,31.1,6.7,21.6,52.0,59.7,4.1,64.9,0
2023-24,playoffs,-,2,4,231.0,30.8,7.7,24.9,49.3,62.5,5.0,69.5,0
2023-24,playoffs,-,1,4,238.0,33.2,8.0,24.1,52.4,63.4,5.4,70.6,0
2023-24,playoffs,-,1,4,233.0,30.6,7.0,22.9,49.6,61.7,4.8,68.3,0
2023-24,playoffs,-,2,4,234.9,33.2,6.0,18.1,56.3,58.9,4.8,64.4,0
2023-24,playoffs,-,9,7,226.0,31.8,6.7,21.0,48.8,65.2,4.9,72.4,0
2023-24,playoffs,-,0,4,233.8,33.3,6.8,20.3,48.0,69.3,4.0,75.6,0
2023-24,playoffs,-,7,6,228.7,29.3,5.6,19.2,48.6,60.3,5.1,67.3,0
2023-24,playoffs,-,6,4,228.7,32.8,8.8,26.8,56.6,58.0,6.4,65.3,0
2023-24,playoffs,-,3,4,230.1,33.0,5.7,17.3,52.7,62.6,4.9,69.0,0
2023-24,playoffs,-,2,4,241.3,30.5,8.0,26.2,59.3,51.4,4.7,55.8,0
2023-24,playoffs,-,0,4,224.6,25.3,7.8,30.7,49.0,51.5,3.8,55.8,0
2023-24,play-in,-,0,1,215.1,26.0,5.0,19.2,40.0,65.0,3.0,70.3,0
2023-24,play-in,-,1,1,239.1,34.0,5.0,14.7,53.0,64.2,6.5,73.1,0
2023-24,play-in,-,0,1,240.0,34.0,6.0,17.6,74.0,45.9,10.0,53.1,0
2023-24,play-in,-,1,0,203.5,35.0,12.0,34.3,47.0,74.5,2.0,77.8,0
2023-24,play-in,-,1,1,237.2,33.5,9.0,26.9,58.5,57.3,4.5,62.0,0
2023-24,play-in,-,1,1,222.5,37.0,8.0,21.6,59.5,62.2,5.5,68.5,0
2023-24,play-in,-,1,0,236.5,34.0,6.0,17.6,58.0,58.6,4.0,63.0,0
2023-24,play-in,-,1,1,221.9,30.0,7.5,25.0,45.0,66.7,3.5,72.3,0
2023-24,ist,-,1,3,234.4,28.3,9.0,31.9,45.0,62.8,2.8,66.9,0
2023-24,ist,-,3,2,235.4,36.4,6.2,17.0,58.6,62.1,6.6,70.0,0
2023-24,ist,-,3,1,240.0,36.3,9.0,24.8,63.3,57.3,6.3,63.6,0
2023-24,ist,-,1,3,232.4,33.3,6.5,19.5,54.5,61.0,8.0,71.5,0
2023-24,ist,-,0,4,232.1,29.5,4.5,15.3,49.8,59.3,3.0,63.1,0
2023-24,ist,-,3,1,234.7,36.8,10.0,27.2,62.0,59.3,4.8,64.2,0
2023-24,ist,-,2,2,226.2,27.0,5.5,20.4,49.0,55.1,4.0,60.0,0
2023-24,ist,-,2,2,227.2,33.0,8.0,24.2,51.8,63.8,3.8,68.8,0
2023-24,ist,-,0,4,227.7,31.8,7.0,22.0,55.5,57.2,3.8,61.4,0
2023-24,ist,-,2,2,233.8,33.8,8.3,24.4,54.3,62.2,4.0,67.2,0
2023-24,ist,-,2,2,227.5,35.3,8.5,24.1,57.8,61.0,5.3,67.1,0
2023-24,ist,-,6,0,224.1,30.2,6.5,21.5,53.0,56.9,3.2,60.5,0
2023-24,ist,-,1,3,225.7,29.8,5.8,19.3,42.8,69.6,3.3,75.3,0
2023-24,ist,-,5,0,225.8,35.6,10.4,29.2,62.0,57.4,4.2,61.6,0
2023-24,ist,-,0,4,234.0,28.3,6.5,23.0,46.3,61.1,3.5,66.1,0
2023-24,ist,-,2,2,229.3,30.0,7.3,24.2,46.3,64.9,4.3,71.4,0
2023-24,ist,-,5,1,232.7,35.8,7.5,20.9,61.3,58.4,5.7,64.4,0
2023-24,ist,-,3,1,233.2,36.5,9.8,26.7,59.3,61.6,5.5,67.9,0
2023-24,ist,-,4,1,232.6,34.6,8.0,23.1,60.0,57.7,5.0,62.9,0
2023-24,ist,-,3,2,231.9,35.4,5.6,15.8,55.6,63.7,7.0,72.8,0
2023-24,ist,-,1,3,218.2,30.3,9.3,30.6,54.3,55.8,4.8,61.1,0
2023-24,ist,-,3,1,228.3,31.0,5.8,18.5,51.3,60.5,5.0,67.0,0
2023-24,ist,-,2,2,235.3,32.0,6.3,19.5,55.3,57.9,5.3,64.0,0
2023-24,ist,-,3,2,237.9,32.6,7.2,22.1,54.2,60.1,4.2,65.2,0
2023-24,ist,-,1,3,237.4,28.0,7.0,25.0,46.3,60.5,4.3,66.7,0
2023-24,ist,-,4,1,226.8,33.4,6.0,18.0,53.6,62.3,5.8,69.9,0
2023-24,ist,-,0,4,210.3,32.0,5.3,16.4,49.5,64.6,4.0,70.3,0
2023-24,ist,-,1,3,219.7,31.8,7.3,22.8,53.8,59.1,4.3,64.1,0
2023-24,ist,-,2,2,231.5,31.0,7.8,25.0,49.0,63.3,3.0,67.4,0
2023-24,ist,-,0,4,230.7,28.5,7.3,25.4,50.0,57.0,2.8,60.3,0
2024-25,regular-season,-,40,42,230.8,32.6,7.7,23.5,53.1,61.4,4.7,67.4,0
2024-25,regular-season,-,61,21,233.1,33.7,8.7,25.8,56.2,59.9,5.4,66.2,0
2024-25,regular-season,-,26,56,233.8,30.4,7.6,24.9,50.9,59.8,5.1,66.4,0
2024-25,regular-season,-,19,63,228.8,33.0,7.8,23.8,54.7,60.2,5.4,66.8,0
2024-25,regular-season,-,39,43,230.2,35.8,8.8,24.5,58.3,61.4,5.4,67.7,0
2024-25,regular-season,-,64,18,228.6,34.2,8.9,26.1,57.0,60.1,5.5,66.5,0
2024-25,regular-season,-,39,43,230.5,32.9,8.3,25.1,55.9,58.9,5.8,65.7,0
2024-25,regular-season,-,50,31,232.7,34.6,9.1,26.2,55.7,62.2,5.4,68.9,0
2024-25,regular-season,-,44,38,227.1,33.4,7.8,23.3,55.1,60.6,5.5,67.2,0
2024-25,regular-season,-,48,34,233.3,32.8,8.2,25.0,54.9,59.8,5.4,66.3,0
2024-25,regular-season,-,52,30,231.3,33.8,8.6,25.5,55.2,61.3,4.9,67.3,0
2024-25,regular-season,-,50,32,232.5,32.6,7.5,22.9,54.7,59.6,5.4,66.1,0
2024-25,regular-season,-,50,32,229.2,33.5,8.8,26.1,53.7,62.4,4.8,68.5,0
2024-25,regular-season,-,50,32,226.2,32.8,8.6,26.2,54.0,60.7,4.9,66.7,0
2024-25,regular-season,-,48,33,230.6,34.3,7.0,20.3,58.7,58.4,5.8,64.8,0
2024-25,regular-season,-,37,45,232.4,33.7,8.2,24.3,54.7,61.5,5.5,68.4,0
2024-25,regular-season,-,48,34,228.9,35.1,7.9,22.4,55.4,63.5,4.9,69.6,0
2024-25,regular-season,-,49,33,229.4,33.2,8.0,24.2,54.6,60.9,5.3,67.5,0
2024-25,regular-season,-,21,61,232.0,31.5,7.2,22.9,53.8,58.5,5.2,64.8,0
2024-25,regular-season,-,50,31,230.1,31.9,8.7,27.4,52.2,61.0,4.9,67.3,0
2024-25,regular-season,-,68,14,230.4,34.1,9.3,27.3,57.7,59.1,5.6,65.5,0
2024-25,regular-season,-,41,41,227.0,30.7,7.5,24.3,50.7,60.5,5.2,67.4,0
2024-25,regular-season,-,24,58,229.2,29.4,7.0,23.7,50.9,57.8,4.7,63.7,0
2024-25,regular-season,-,36,46,231.2,32.9,8.0,24.4,53.3,61.8,4.6,67.7,0
2024-25,regular-season,-,36,46,233.1,31.4,7.5,23.9,53.1,59.2,4.7,64.9,0
2024-25,regular-season,-,40,42,229.3,33.2,7.9,23.8,53.1,62.5,5.2,69.3,0
2024-25,regular-season,-,34,48,228.0,32.7,8.3,25.2,54.7,59.8,5.7,66.7,0
2024-25,regular-season,-,30,52,228.1,32.5,7.4,22.7,53.8,60.5,5.0,66.7,0
2024-25,regular-season,-,17,65,232.2,33.4,7.7,23.0,55.4,60.4,5.5,67.0,0
2024-25,regular-season,-,18,64,232.6,33.1,7.8,23.6,55.3,59.9,5.2,66.1,0
2024-25,playoffs,-,6,5,234.0,32.3,7.5,23.4,57.5,56.2,5.2,61.7,0
2024-25,playoffs,-,5,4,229.7,32.3,5.4,16.8,53.9,60.0,5.4,66.7,0
2024-25,playoffs,-,7,7,235.2,34.1,10.6,31.0,54.0,63.2,5.0,69.7,0
2024-25,playoffs,-,2,4,231.0,32.8,8.0,24.4,55.3,59.3,5.3,65.7,0
2024-25,playoffs,-,5,7,231.3,28.3,7.9,28.0,52.5,53.8,5.2,59.7,0
2024-25,playoffs,-,3,4,234.6,33.3,9.6,28.8,55.0,60.5,4.0,65.3,0
2024-25,playoffs,-,15,8,231.0,32.5,7.5,23.1,56.1,58.0,5.5,64.3,0
2024-25,playoffs,-,3,4,228.5,29.4,6.4,21.8,51.7,56.9,4.9,62.8,0
2024-25,playoffs,-,1,4,227.4,29.4,5.6,19.0,54.6,53.8,6.0,60.5,0
2024-25,playoffs,-,0,4,239.9,34.0,8.8,25.7,68.8,49.5,9.0,56.9,0
2024-25,playoffs,-,0,4,219.1,27.3,8.8,32.1,47.8,57.1,3.5,61.6,0
2024-25,playoffs,-,1,4,224.8,33.2,5.6,16.9,51.2,64.8,4.0,70.3,0
2024-25,playoffs,-,9,6,233.6,30.5,9.1,29.8,54.1,56.4,5.9,63.3,0
2024-25,playoffs,-,10,8,229.9,30.8,7.8,25.2,52.7,58.5,4.6,64.0,0
2024-25,playoffs,-,16,7,230.9,32.1,8.1,25.3,55.6,57.8,5.3,63.9,0
2024-25,playoffs,-,1,4,223.6,28.4,7.0,24.6,47.6,59.7,6.0,68.3,0
2024-25,play-in,-,0,2,236.2,33.0,6.0,18.2,53.0,62.3,4.0,67.3,0
2024-25,play-in,-,0,1,230.1,31.0,5.0,16.1,45.0,68.9,5.0,77.5,0
2024-25,play-in,-,1,1,221.6,30.0,10.0,33.3,59.5,50.4,8.0,58.3,0
2024-25,play-in,-,1,0,227.9,26.0,11.0,42.3,45.0,57.8,2.0,60.5,0
2024-25,play-in,-,1,1,237.3,34.0,8.5,25.0,59.5,57.1,8.0,66.0,0
2024-25,play-in,-,2,0,251.1,38.5,11.0,28.6,59.5,64.7,3.0,68.1,0
2024-25,play-in,-,1,0,204.9,42.0,10.0,23.8,61.0,68.9,6.0,76.4,0
2024-25,play-in,-,0,1,232.0,29.0,6.0,20.7,42.0,69.0,5.0,78.4,0
2024-25,ist,-,4,2,230.2,34.8,7.2,20.6,56.0,62.2,5.7,69.2,0
2024-25,ist,-,3,1,238.9,33.5,8.0,23.9,55.5,60.4,5.3,66.7,0
2024-25,ist,-,1,3,237.2,27.5,6.0,21.8,49.5,55.6,6.0,63.2,0
2024-25,ist,-,0,4,231.0,32.0,8.5,26.6,55.5,57.7,7.8,67.0,0
2024-25,ist,-,2,2,228.1,37.3,8.5,22.8,60.8,61.3,7.5,70.0,0
2024-25,ist,-,2,2,227.7,33.0,8.0,24.2,53.8,61.4,4.8,67.3,0
2024-25,ist,-,3,2,228.0,34.0,9.6,28.2,58.2,58.4,4.0,62.7,0
2024-25,ist,-,2,2,227.7,33.5,9.8,29.1,57.3,58.5,5.0,64.1,0
2024-25,ist,-,3,1,240.1,37.0,9.8,26.4,59.8,61.9,5.8,68.5,0
2024-25,ist,-,3,2,233.4,35.4,7.2,20.3,59.2,59.8,5.2,65.6,0
2024-25,ist,-,4,2,232.9,34.7,8.3,24.0,59.0,58.8,5.3,64.6,0
2024-25,ist,-,0,4,223.5,28.3,5.5,19.5,46.0,61.4,4.8,68.5,0
2024-25,ist,-,2,2,220.4,34.0,7.5,22.1,53.0,64.2,4.0,69.4,0
2024-25,ist,-,2,2,213.3,33.3,8.8,26.3,51.8,64.3,3.8,69.3,0
2024-25,ist,-,1,3,240.0,33.8,7.5,22.2,63.5,53.1,5.3,57.9,0
2024-25,ist,-,2,2,240.7,29.0,6.8,23.3,44.3,65.5,3.8,71.6,0
2024-25,ist,-,6,0,230.1,34.3,8.3,24.3,57.2,60.1,7.0,68.4,0
2024-25,ist,-,2,2,235.2,33.8,10.0,29.6,55.3,61.1,4.3,66.2,0
2024-25,ist,-,1,3,231.2,32.8,9.5,29.0,56.8,57.7,6.5,65.2,0
2024-25,ist,-,4,1,229.6,35.8,11.4,31.8,59.4,60.3,4.8,65.6,0
2024-25,ist,-,5,1,221.1,33.2,8.2,24.6,58.3,56.9,6.7,64.2,0
2024-25,ist,-,3,2,228.3,31.2,7.2,23.1,48.4,64.5,4.8,71.6,0
2024-25,ist,-,2,2,216.5,26.8,6.3,23.4,49.5,54.0,4.0,58.8,0
2024-25,ist,-,3,1,225.0,37.8,9.8,25.8,56.3,67.1,5.0,73.7,0
2024-25,ist,-,2,2,236.0,27.5,6.8,24.5,45.3,60.8,4.0,66.7,0
2024-25,ist,-,1,3,235.5,33.5,7.8,23.1,57.8,58.0,6.0,64.7,0
2024-25,ist,-,2,2,232.3,32.0,9.8,30.5,50.8,63.1,4.3,68.8,0
2024-25,ist,-,1,3,237.6,36.3,7.8,21.4,65.8,55.1,6.3,60.9,0
2024-25,ist,-,0,4,220.5,28.5,5.8,20.2,48.8,58.5,4.0,63.7,0
2024-25,ist,-,0,4,234.5,38.5,8.3,21.4,57.0,67.5,6.3,75.9,0
2025-26,regular-season,-,16,19,227.8,31.6,8.6,27.3,52.6,60.0,4.4,65.5,0
2025-26,regular-season,-,21,12,230.6,31.5,8.2,26.1,56.7,55.5,6.3,62.5,0
2025-26,regular-season,-,10,21,225.3,29.1,8.5,29.0,49.9,58.3,4.7,64.4,0
2025-26,regular-season,-,11,22,232.5,32.5,8.3,25.5,57.5,56.6,6.0,63.2,0
2025-26,regular-season,-,16,17,230.5,35.0,8.2,23.5,57.5,60.9,5.4,67.2,0
2025-26,regular-season,-,19,16,233.6,32.4,9.1,28.0,56.2,57.7,6.4,65.1,0
2025-26,regular-season,-,12,23,233.3,34.4,7.8,22.8,60.0,57.3,5.5,63.1,0
2025-26,regular-season,-,23,10,233.1,33.8,9.8,29.1,53.6,63.0,5.4,70.1,0
2025-26,regular-season,-,24,9,229.9,32.6,8.7,26.6,56.4,57.8,4.8,63.2,0
2025-26,regular-season,-,18,16,229.6,32.1,9.1,28.3,55.5,57.9,5.5,64.2,0
2025-26,regular-season,-,21,10,230.9,32.7,9.4,28.6,52.5,62.2,4.2,67.5,0
2025-26,regular-season,-,6,28,231.9,31.5,6.5,20.6,55.1,57.1,5.6,63.5,0
2025-26,regular-season,-,12,21,227.0,31.0,8.5,27.4,53.6,57.7,5.3,64.1,0
2025-26,regular-season,-,20,11,225.2,30.8,8.7,28.2,50.7,60.8,4.1,66.2,0
2025-26,regular-season,-,15,18,233.5,34.7,8.0,23.0,58.4,59.4,6.9,67.4,0
2025-26,regular-season,-,18,14,230.3,34.9,10.4,29.7,59.1,59.1,6.0,65.7,0
2025-26,regular-season,-,14,19,222.1,31.8,8.1,25.5,55.0,57.8,5.2,63.8,0
2025-26,regular-season,-,21,13,229.2,33.0,8.4,25.5,55.3,59.6,5.5,66.2,0
2025-26,regular-season,-,8,27,233.2,30.8,8.6,27.8,54.0,57.0,5.7,63.8,0
2025-26,regular-season,-,23,10,229.3,32.5,7.6,23.5,54.9,59.2,5.9,66.3,0
2025-26,regular-season,-,29,5,232.8,35.1,8.9,25.2,56.6,62.1,5.4,68.7,0
2025-26,regular-season,-,19,15,230.4,33.0,8.5,25.7,54.4,60.6,5.1,67.0,0
2025-26,regular-season,-,18,14,236.0,32.2,8.2,25.5,56.5,57.0,4.8,62.3,0
2025-26,regular-season,-,19,14,232.2,30.0,7.5,25.1,52.7,57.0,5.3,63.3,0
2025-26,regular-season,-,14,20,229.3,31.2,7.9,25.3,54.0,57.8,5.2,64.1,0
2025-26,regular-season,-,8,26,231.4,30.4,8.2,27.1,52.8,57.6,5.3,64.0,0
2025-26,regular-season,-,24,9,232.3,34.5,9.3,27.1,56.8,60.7,5.3,67.0,0
2025-26,regular-season,-,20,15,227.6,31.9,8.4,26.5,53.7,59.3,5.4,65.9,0
2025-26,regular-season,-,12,21,230.8,32.6,8.8,26.9,52.5,62.2,5.0,68.8,0
2025-26,regular-season,-,8,24,231.0,32.8,8.3,25.4,56.7,57.9,5.2,63.8,0
2025-26,ist,-,2,2,230.8,35.0,10.3,29.3,59.0,59.3,4.3,63.9,0
2025-26,ist,-,2,2,234.6,30.8,6.8,22.0,54.0,56.9,4.8,62.4,0
2025-26,ist,-,1,3,218.4,27.3,7.5,27.5,48.8,55.9,3.5,60.2,0
2025-26,ist,-,1,3,239.3,32.3,6.5,20.2,55.0,58.6,6.3,66.2,0
2025-26,ist,-,1,3,218.2,34.3,7.3,21.2,57.5,59.6,5.3,65.6,0
2025-26,ist,-,2,2,236.8,32.8,8.3,25.2,55.5,59.0,5.0,64.9,0
2025-26,ist,-,1,3,247.5,34.0,7.5,22.1,54.8,62.1,5.3,68.7,0
2025-26,ist,-,2,2,238.0,31.8,9.3,29.1,55.8,57.0,5.5,63.2,0
2025-26,ist,-,2,2,232.1,34.5,9.8,28.3,60.3,57.3,5.5,63.0,0
2025-26,ist,-,1,3,225.2,27.5,8.3,30.0,52.3,52.6,6.3,59.8,0
2025-26,ist,-,2,2,212.2,26.0,9.3,35.6,45.8,56.8,2.8,60.5,0
2025-26,ist,-,1,3,237.2,36.0,8.3,22.9,53.5,67.3,5.3,74.6,0
2025-26,ist,-,2,2,225.4,29.5,8.0,27.1,53.3,55.4,5.5,61.8,0
2025-26,ist,-,4,0,223.5,31.0,9.3,29.8,52.5,59.0,2.5,62.0,0
2025-26,ist,-,3,1,241.5,35.0,7.0,20.0,55.5,63.1,7.8,73.3,0
2025-26,ist,-,2,2,226.6,33.0,10.5,31.8,58.8,56.2,7.8,64.7,0
2025-26,ist,-,2,1,212.9,34.3,11.0,32.0,52.3,65.6,5.3,73.0,0
2025-26,ist,-,2,2,231.2,33.0,7.8,23.5,59.3,55.7,6.3,62.3,0
2025-26,ist,-,0,4,241.7,31.0,9.8,31.5,52.0,59.6,6.3,67.8,0
2025-26,ist,-,4,1,232.5,31.0,8.4,27.1,55.2,56.2,4.8,61.5,0
2025-26,ist,-,4,0,220.6,33.8,10.5,31.1,55.3,61.1,6.0,68.5,0
2025-26,ist,-,5,0,231.3,34.8,8.6,24.7,54.2,64.2,4.0,69.3,0
2025-26,ist,-,1,3,226.2,31.5,9.8,31.0,56.5,55.8,4.0,60.0,0
2025-26,ist,-,3,1,235.5,33.5,10.0,29.9,54.8,61.2,5.8,68.4,0
2025-26,ist,-,2,2,230.5,30.5,7.8,25.4,53.0,57.5,5.8,64.6,0
2025-26,ist,-,0,4,236.5,31.3,9.3,29.6,52.8,59.2,4.5,64.8,0
2025-26,ist,-,3,1,234.2,30.3,6.8,22.3,51.0,59.3,4.5,65.1,0
2025-26,ist,-,4,1,232.3,33.8,7.6,22.5,56.4,59.9,5.2,66.0,0
2025-26,ist,-,1,3,216.8,30.8,7.5,24.4,49.0,62.8,4.3,68.7,0
2025-26,ist,-,1,3,219.5,27.8,7.0,25.2,49.5,56.1,4.8,62.0,0
