SEASON,SEASON_TYPE,TEAM_ABB,GP,W,L,MIN,PTS,DRIVE_PTS,DRIVE_FG_PCT,CATCH_SHOOT_PTS,CATCH_SHOOT_FG_PCT,PULL_UP_PTS,PULL_UP_FG_PCT,PAINT_TOUCH_PTS,PAINT_TOUCH_FG_PCT,POST_TOUCH_PTS,POST_TOUCH_FG_PCT,ELBOW_TOUCH_PTS,ELBOW_TOUCH_FG_PCT,EFF_FG_PCT
2015-16,regular-season,-,48,34,241.8,102.8,19.4,43.9,32.5,38.7,13.1,36.5,18.7,62.2,5.5,44.7,6.0,53.6,51.6,0
2015-16,regular-season,-,47,34,241.2,105.6,19.9,43.1,27.3,35.4,16.3,35.9,20.7,58.4,4.5,38.1,6.5,53.6,48.8,0
2015-16,regular-season,-,21,61,240.9,98.6,16.0,44.1,24.3,38.5,15.7,36.9,19.7,57.9,9.5,46.8,10.5,52.5,49.2,0
2015-16,regular-season,-,48,34,242.1,103.4,18.6,43.3,31.3,38.7,17.9,35.9,15.8,60.0,6.1,43.6,5.9,53.7,50.2,0
2015-16,regular-season,-,42,40,242.7,101.6,20.2,43.2,29.4,40.8,16.8,36.1,19.3,56.3,7.2,39.7,6.5,51.4,48.7,0
2015-16,regular-season,-,57,25,242.1,104.3,17.6,44.2,29.6,39.1,18.6,36.5,18.8,60.3,7.0,46.5,5.5,57.7,52.4,0
2015-16,regular-season,-,42,40,244.0,102.3,18.8,46.3,31.8,38.3,17.1,36.9,16.7,62.7,7.2,45.9,6.2,50.5,50.2,0
2015-16,regular-season,-,33,49,241.8,101.9,16.5,39.0,24.2,36.7,15.8,36.1,24.1,59.0,6.1,42.9,7.8,51.8,48.9,0
2015-16,regular-season,-,44,38,242.4,102.0,19.6,44.2,24.1,36.5,19.9,37.7,21.9,56.4,7.4,41.7,4.8,48.8,49.1,0
2015-16,regular-season,-,73,9,242.4,114.9,15.6,48.6,34.7,42.1,21.6,42.6,21.9,60.3,5.7,44.3,7.1,50.8,56.3,0
2015-16,regular-season,-,41,41,241.8,106.5,19.1,43.4,26.3,36.8,16.0,35.1,21.4,61.0,4.7,42.9,6.1,57.7,51.6,0
2015-16,regular-season,-,45,37,242.4,102.2,14.7,42.7,26.5,36.9,19.2,36.7,20.4,61.4,5.5,42.5,7.9,53.0,49.7,0
2015-16,regular-season,-,53,29,241.8,104.5,16.5,46.2,27.9,39.9,23.5,38.9,18.7,65.4,3.2,41.7,6.5,54.0,52.4,0
2015-16,regular-season,-,17,65,240.6,97.3,18.0,42.9,21.5,34.5,22.4,35.2,16.6,56.1,5.5,36.6,6.1,49.4,46.0,0
2015-16,regular-season,-,42,40,241.8,99.1,17.5,42.3,24.2,36.9,14.0,37.5,20.7,54.9,12.0,43.2,7.1,51.9,47.7,0
2015-16,regular-season,-,48,34,241.8,100.0,21.4,47.9,23.8,38.2,15.2,37.6,22.9,63.3,6.8,44.9,7.7,53.5,50.8,0
2015-16,regular-season,-,33,49,241.8,99.0,18.2,43.9,19.7,36.9,13.1,36.8,24.2,60.5,8.3,44.4,6.7,48.8,49.9,0
2015-16,regular-season,-,29,53,242.4,102.4,16.8,44.7,23.1,39.5,15.2,34.6,23.7,61.3,9.6,44.5,9.3,51.3,49.8,0
2015-16,regular-season,-,30,52,241.2,102.7,21.1,44.5,24.6,38.7,21.0,38.5,17.2,58.7,6.1,40.0,6.8,51.8,49.8,0
2015-16,regular-season,-,32,50,241.5,98.4,11.9,42.3,29.3,38.5,18.8,38.5,20.2,56.3,13.2,44.0,9.3,44.6,48.3,0
2015-16,regular-season,-,55,27,241.8,110.2,18.0,45.8,26.5,40.0,20.4,39.5,22.8,61.8,5.6,52.0,8.0,55.8,52.4,0
2015-16,regular-season,-,35,46,242.5,102.0,18.8,43.0,30.9,39.5,14.1,36.2,19.3,59.6,7.1,48.2,5.8,52.0,50.0,0
2015-16,regular-season,-,10,72,241.5,97.4,19.6,42.0,27.2,35.6,13.0,32.8,18.9,61.3,5.9,46.9,6.6,46.8,48.7,0
2015-16,regular-season,-,23,59,240.3,100.9,16.9,43.0,26.9,36.9,17.0,35.5,20.7,57.6,6.5,37.9,6.0,49.9,48.7,0
2015-16,regular-season,-,44,38,241.5,105.1,19.7,43.5,27.8,38.5,23.5,40.5,16.4,59.4,2.1,40.6,7.0,53.6,51.1,0
2015-16,regular-season,-,33,48,241.5,106.7,18.7,43.0,26.0,38.0,13.8,37.2,23.4,59.8,6.2,45.5,8.3,56.9,51.1,0
2015-16,regular-season,-,67,15,240.3,103.5,16.6,46.5,28.0,41.3,18.2,40.6,21.8,63.8,12.8,48.9,5.5,52.0,52.6,0
2015-16,regular-season,-,55,26,240.9,102.7,25.6,45.3,25.4,38.9,17.1,37.2,16.4,57.9,4.4,43.9,4.5,58.3,50.4,0
2015-16,regular-season,-,40,42,243.4,97.7,20.8,42.4,24.6,37.7,17.8,37.6,17.1,58.7,3.2,44.3,7.8,51.4,50.1,0
2015-16,regular-season,-,41,41,240.9,104.1,16.4,44.8,29.7,38.6,17.9,37.6,20.0,60.6,5.0,46.1,7.3,53.8,51.1,0
2015-16,playoffs,-,4,6,242.5,100.1,19.9,43.1,27.8,33.8,13.8,32.2,18.3,62.9,7.8,51.7,4.9,45.2,49.4,0
2015-16,playoffs,-,2,4,244.2,93.8,22.7,43.6,23.8,28.2,14.5,31.4,16.7,59.2,2.5,33.3,3.8,29.6,43.2,0
2015-16,playoffs,-,3,4,240.0,90.3,25.3,43.8,14.1,33.3,18.1,33.5,12.9,51.6,7.7,42.4,6.3,40.0,43.2,0
2015-16,playoffs,-,16,5,240.0,104.8,17.7,47.4,29.1,43.1,22.9,39.5,16.9,64.3,4.9,37.3,4.1,57.1,54.4,0
2015-16,playoffs,-,1,4,240.0,93.8,20.8,47.9,22.8,34.6,16.6,37.6,15.4,55.4,7.4,40.0,8.6,47.4,47.4,0
2015-16,playoffs,-,0,4,240.0,95.0,25.8,58.6,22.8,40.5,21.0,43.2,14.8,68.3,7.3,37.5,4.3,50.0,53.7,0
2015-16,playoffs,-,15,9,241.0,107.7,17.7,47.4,32.2,40.1,21.2,39.6,18.5,60.1,4.8,34.2,6.3,53.2,52.9,0
2015-16,playoffs,-,1,4,240.0,91.2,20.2,41.7,19.0,32.7,18.6,32.5,19.0,53.4,6.2,36.7,5.2,40.7,43.0,0
2015-16,playoffs,-,3,4,240.0,93.7,16.4,34.6,26.7,42.2,17.1,39.9,15.9,51.6,2.1,29.4,6.6,56.3,49.5,0
2015-16,playoffs,-,2,4,240.0,98.3,25.0,47.2,19.0,42.7,22.7,30.8,16.3,64.2,4.0,36.0,7.8,50.0,47.1,0
2015-16,playoffs,-,0,4,240.0,81.0,13.5,35.4,20.3,39.0,14.0,35.1,19.8,49.2,8.3,46.9,6.3,43.5,42.3,0
2015-16,playoffs,-,7,7,245.4,96.9,26.7,49.7,17.6,31.5,22.6,42.2,16.6,64.5,5.4,49.2,4.5,44.4,50.0,0
2015-16,playoffs,-,11,7,240.0,106.4,17.5,36.1,24.9,38.4,21.8,39.0,20.6,63.3,4.7,49.3,6.7,54.4,50.1,0
2015-16,playoffs,-,5,6,242.3,105.0,19.6,35.5,28.5,39.7,25.6,36.6,15.5,52.6,1.5,42.9,6.6,48.2,48.3,0
2015-16,playoffs,-,6,4,240.0,102.0,15.6,42.8,28.7,45.0,17.9,35.6,18.0,55.1,14.2,49.1,7.2,45.6,51.9,0
2015-16,playoffs,-,10,10,243.8,93.4,24.5,43.3,18.7,32.2,21.8,37.2,15.9,60.8,2.7,40.4,4.8,65.0,46.3,0
2016-17,regular-season,-,43,39,242.4,103.2,20.0,43.8,27.4,36.9,16.6,38.6,21.1,61.7,5.7,46.8,4.5,50.3,50.4,0
2016-17,regular-season,-,53,29,240.9,108.0,20.3,46.9,32.2,37.6,17.0,37.2,18.7,62.6,5.8,49.1,4.4,56.0,52.5,0
2016-17,regular-season,-,20,61,240.9,105.8,23.5,46.1,28.6,35.9,14.0,34.4,17.7,62.3,7.4,47.8,7.0,56.2,50.7,0
2016-17,regular-season,-,36,46,241.8,104.9,20.5,44.2,27.4,37.1,21.1,36.7,17.1,62.6,4.8,49.2,6.9,56.4,50.1,0
2016-17,regular-season,-,41,41,241.2,102.9,19.9,44.4,25.5,37.3,18.0,35.5,20.7,58.9,7.7,45.7,6.7,51.8,48.7,0
2016-17,regular-season,-,51,31,242.4,110.3,19.6,47.5,33.3,39.3,20.9,40.0,15.6,64.3,5.4,41.6,5.9,65.0,54.7,0
2016-17,regular-season,-,32,49,241.2,97.7,19.0,47.0,31.3,37.2,22.0,39.4,12.7,65.8,6.1,45.6,5.0,57.5,50.4,0
2016-17,regular-season,-,39,42,240.9,111.4,20.3,45.4,30.3,40.0,15.0,34.2,23.9,62.4,7.3,49.2,6.4,56.5,52.8,0
2016-17,regular-season,-,37,45,241.5,101.3,19.5,45.8,23.9,36.9,23.7,39.4,22.1,59.6,7.2,42.5,5.5,55.4,49.2,0
2016-17,regular-season,-,67,15,241.2,115.9,14.3,47.8,35.1,41.9,19.6,39.9,24.3,66.0,4.8,45.6,8.0,55.1,56.3,0
2016-17,regular-season,-,55,27,241.2,115.3,20.3,45.9,32.4,36.9,17.4,35.1,22.1,65.0,2.0,47.5,7.6,62.5,54.5,0
2016-17,regular-season,-,42,39,242.2,105.0,18.1,45.0,29.5,39.8,17.4,39.7,20.2,62.7,7.1,45.8,7.6,53.8,51.6,0
2016-17,regular-season,-,51,31,240.9,108.7,18.1,47.8,26.9,39.4,25.0,41.6,19.5,66.5,6.2,49.6,5.1,56.7,53.7,0
2016-17,regular-season,-,26,56,240.3,104.6,20.8,44.4,22.5,37.2,20.6,35.9,20.2,59.7,4.8,40.8,7.4,53.7,50.1,0
2016-17,regular-season,-,43,39,242.7,100.5,16.2,43.2,29.1,37.7,14.9,35.5,19.6,55.5,11.2,44.6,6.8,48.5,49.1,0
2016-17,regular-season,-,41,41,241.2,103.2,21.0,44.0,29.8,37.5,15.2,37.0,19.6,60.4,4.4,44.3,5.2,49.2,51.2,0
2016-17,regular-season,-,42,40,241.2,103.6,20.0,46.0,28.0,38.3,11.5,36.3,22.2,61.1,6.7,46.5,6.9,52.8,52.7,0
2016-17,regular-season,-,31,51,241.5,105.6,18.0,45.0,24.8,38.7,17.0,37.5,22.5,61.3,11.4,47.3,7.3,57.7,51.1,0
2016-17,regular-season,-,34,48,242.7,104.3,21.0,45.7,27.6,37.2,18.0,36.7,17.3,63.2,6.5,43.4,7.4,53.0,50.4,0
2016-17,regular-season,-,31,51,242.1,104.3,16.6,42.6,29.3,38.6,21.4,39.5,19.2,58.3,7.2,42.7,8.5,54.2,49.6,0
2016-17,regular-season,-,47,35,241.5,106.6,17.0,43.2,23.9,34.5,16.8,35.9,22.7,57.9,9.2,51.6,8.2,54.3,50.0,0
2016-17,regular-season,-,29,53,241.5,101.1,18.3,43.6,29.1,36.5,16.1,36.0,19.3,60.3,6.3,42.2,7.1,55.9,48.9,0
2016-17,regular-season,-,28,54,241.8,102.4,20.7,45.1,29.7,36.3,13.3,32.6,20.4,60.0,6.5,45.6,7.3,56.8,50.1,0
2016-17,regular-season,-,23,57,241.9,107.7,22.1,44.2,21.6,34.8,21.6,37.8,22.0,60.3,4.4,41.4,6.8,48.7,49.2,0
2016-17,regular-season,-,41,41,243.1,107.9,22.2,44.9,27.3,39.2,23.1,40.9,16.6,57.9,3.7,46.7,6.6,54.4,52.0,0
2016-17,regular-season,-,32,50,242.4,102.8,17.9,44.8,27.3,39.2,16.9,38.6,20.2,58.8,8.1,49.1,8.1,54.3,51.6,0
2016-17,regular-season,-,61,20,241.5,105.3,16.9,44.0,31.3,41.9,19.1,39.0,19.2,64.4,8.6,44.4,6.0,52.5,52.4,0
2016-17,regular-season,-,50,31,241.2,106.7,26.4,48.8,25.6,37.4,21.4,41.6,16.7,59.0,4.6,45.8,4.2,57.5,51.7,0
2016-17,regular-season,-,51,31,240.9,100.7,21.8,46.6,25.3,38.5,19.0,38.6,21.9,64.0,3.5,45.7,6.4,54.8,52.6,0
2016-17,regular-season,-,49,33,242.1,109.2,20.2,48.5,28.8,40.4,20.5,41.0,20.3,60.3,5.3,45.1,7.3,56.6,52.8,0
2016-17,playoffs,-,2,4,240.0,105.5,26.8,47.2,14.2,24.4,24.8,44.3,22.5,62.4,7.7,56.7,3.3,30.4,49.3,0
2016-17,playoffs,-,9,9,241.4,105.2,18.7,45.6,33.8,38.3,15.6,34.3,19.2,63.7,4.2,43.6,5.0,57.6,53.2,0
2016-17,playoffs,-,2,4,240.0,96.5,21.3,44.8,24.0,36.7,14.3,32.3,22.0,66.3,6.8,46.9,4.8,65.0,48.3,0
2016-17,playoffs,-,13,5,240.0,116.2,20.2,49.3,33.3,46.2,22.6,38.3,15.4,59.4,5.1,46.1,5.6,64.5,57.9,0
2016-17,playoffs,-,16,1,240.0,119.3,15.9,53.2,32.2,40.0,24.4,42.5,21.3,68.4,7.4,53.8,7.6,61.9,56.7,0
2016-17,playoffs,-,6,5,242.3,107.7,27.8,47.5,23.9,37.7,20.9,31.1,18.3,65.9,1.7,47.1,4.9,61.1,51.4,0
2016-17,playoffs,-,0,4,240.0,108.8,21.3,50.0,28.0,39.6,26.8,44.1,17.5,55.6,3.5,55.6,10.5,58.3,53.0,0
2016-17,playoffs,-,3,4,240.0,97.7,24.1,52.6,20.3,38.8,22.4,36.4,17.9,69.7,3.4,50.0,3.7,57.9,52.6,0
2016-17,playoffs,-,2,4,244.2,96.3,17.8,45.6,25.2,39.0,17.5,39.1,12.0,46.3,10.8,44.0,7.5,50.0,51.0,0
2016-17,playoffs,-,2,4,240.0,93.2,16.5,39.6,26.7,41.5,15.0,35.6,18.8,51.1,6.2,60.0,4.7,44.4,50.3,0
2016-17,playoffs,-,1,4,240.0,104.2,16.8,37.7,21.2,31.7,21.2,38.8,22.2,69.9,5.6,27.8,4.4,58.8,49.0,0
2016-17,playoffs,-,0,4,240.0,101.5,24.0,40.9,25.3,34.6,24.8,36.8,15.5,60.5,2.3,42.9,4.3,70.0,45.8,0
2016-17,playoffs,-,8,8,243.1,107.1,24.9,50.0,24.9,36.0,21.3,40.9,22.3,65.2,9.4,43.8,5.4,56.7,51.2,0
2016-17,playoffs,-,4,6,240.0,96.7,24.4,52.7,25.5,36.1,15.7,39.6,15.4,56.1,3.4,37.8,5.3,53.7,49.3,0
2016-17,playoffs,-,4,7,240.0,97.8,24.7,46.7,24.9,40.1,17.3,31.1,17.6,69.1,1.4,30.0,7.6,66.7,51.5,0
2016-17,playoffs,-,7,6,241.9,108.1,18.1,46.0,24.7,33.9,22.9,43.2,19.5,57.9,4.8,39.3,8.0,54.5,50.5,0
2017-18,regular-season,-,24,57,240.3,103.4,23.0,42.9,30.5,38.5,17.6,36.8,17.8,63.7,1.0,36.1,6.0,55.9,51.1,0
2017-18,regular-season,-,52,27,241.6,103.9,20.7,45.9,30.3,39.6,20.5,39.6,15.7,57.7,6.5,42.5,5.2,55.1,51.7,0
2017-18,regular-season,-,27,53,242.2,106.9,23.9,45.6,31.9,37.5,16.1,34.1,16.6,59.2,3.3,46.3,5.5,54.0,51.5,0
2017-18,regular-season,-,36,46,241.2,108.2,21.8,46.0,24.9,37.7,23.0,37.5,19.0,63.8,7.2,43.9,4.9,50.8,50.8,0
2017-18,regular-season,-,27,55,242.1,102.9,18.8,41.0,29.1,37.4,19.8,36.0,17.7,59.9,5.6,49.6,5.8,54.1,49.7,0
2017-18,regular-season,-,50,32,240.6,110.9,20.1,51.2,30.3,38.5,19.0,36.9,18.7,64.7,6.0,50.1,4.7,60.8,54.7,0
2017-18,regular-season,-,24,58,241.5,102.3,20.0,43.9,31.4,39.6,20.6,34.9,16.2,65.7,5.2,46.3,5.1,60.5,51.3,0
2017-18,regular-season,-,46,36,242.4,110.0,22.8,47.1,29.5,40.0,16.4,36.6,20.3,63.3,6.6,46.0,4.6,56.4,53.6,0
2017-18,regular-season,-,39,43,241.5,103.8,20.9,42.6,29.1,38.6,19.0,38.6,19.0,57.7,4.1,45.1,4.5,47.3,51.2,0
2017-18,regular-season,-,58,24,240.6,113.5,13.3,47.9,32.3,43.4,24.2,42.4,22.7,66.2,5.9,46.8,8.8,60.5,56.9,0
2017-18,regular-season,-,65,17,240.9,112.4,23.5,49.6,29.5,36.8,24.4,38.8,16.4,63.3,2.8,49.2,5.4,56.7,55.1,0
2017-18,regular-season,-,48,34,240.9,105.6,20.4,49.4,27.1,39.5,21.3,41.1,16.6,60.9,5.6,47.9,7.8,52.8,52.5,0
2017-18,regular-season,-,42,40,240.3,109.0,24.1,45.8,20.6,36.7,19.5,37.2,22.6,66.3,4.8,45.2,5.1,63.8,52.7,0
2017-18,regular-season,-,35,47,242.7,108.1,20.7,45.9,26.5,36.0,14.7,33.8,20.6,63.8,6.2,45.6,6.4,55.0,51.7,0
2017-18,regular-season,-,22,60,240.3,99.3,21.2,46.0,27.1,37.8,15.5,35.2,17.9,58.4,5.3,39.5,5.7,49.9,50.0,0
2017-18,regular-season,-,43,38,243.1,103.4,22.7,47.7,31.5,36.8,14.4,36.0,17.8,63.0,3.8,43.3,5.0,48.7,52.0,0
2017-18,regular-season,-,44,37,241.9,106.7,21.9,50.0,24.9,37.8,19.5,40.2,18.8,63.3,3.6,50.2,5.7,54.3,53.1,0
2017-18,regular-season,-,47,35,241.5,109.5,23.8,48.9,23.8,39.8,20.0,37.4,22.3,66.1,9.2,50.7,6.6,58.4,52.3,0
2017-18,regular-season,-,48,34,243.4,111.7,22.9,50.9,27.4,36.8,18.3,39.8,23.2,65.7,6.9,45.5,6.5,54.5,54.1,0
2017-18,regular-season,-,28,53,241.9,104.4,17.6,44.4,26.9,39.2,19.3,37.4,21.9,62.6,8.9,46.6,9.1,55.7,50.9,0
2017-18,regular-season,-,48,32,241.9,108.2,19.1,47.2,29.0,37.8,20.7,36.1,19.9,61.2,5.3,47.2,7.0,57.9,51.5,0
2017-18,regular-season,-,25,57,240.6,103.4,22.0,45.0,29.5,37.2,15.2,35.2,17.7,59.3,4.0,43.6,6.2,54.5,51.2,0
2017-18,regular-season,-,52,29,241.2,109.9,17.3,45.4,33.5,38.6,15.1,39.0,22.1,63.6,8.9,46.7,5.5,54.0,53.5,0
2017-18,regular-season,-,21,61,240.3,103.9,21.5,42.4,24.2,35.6,18.0,34.4,20.0,62.0,3.6,43.3,6.2,51.4,49.5,0
2017-18,regular-season,-,49,33,240.9,105.6,20.3,43.2,24.2,38.1,24.6,39.6,17.2,60.4,4.6,43.0,5.3,52.1,51.1,0
2017-18,regular-season,-,27,55,240.9,98.8,17.4,41.8,25.6,40.5,20.2,37.0,18.8,59.0,7.5,42.9,7.4,49.3,50.2,0
2017-18,regular-season,-,47,35,240.6,102.7,20.1,46.0,26.0,36.9,19.4,38.8,20.7,62.4,10.8,45.6,5.9,54.4,50.7,0
2017-18,regular-season,-,59,23,241.8,111.7,24.9,48.1,30.8,37.5,16.8,37.3,19.8,67.1,3.5,51.1,6.4,57.7,53.9,0
2017-18,regular-season,-,48,34,240.9,104.1,23.3,45.2,26.3,38.5,19.5,37.0,19.6,67.5,1.1,39.4,7.5,55.7,52.7,0
2017-18,regular-season,-,43,39,242.1,106.6,19.2,46.2,30.7,41.9,19.1,37.5,18.7,61.3,4.7,46.7,6.7,53.4,52.5,0
2017-18,playoffs,-,11,8,242.6,101.4,19.7,41.6,25.3,38.5,18.8,34.3,15.9,64.0,7.8,49.6,3.2,50.0,50.0,0
2017-18,playoffs,-,12,10,242.3,101.1,21.9,51.1,24.7,34.9,17.5,33.4,15.4,60.0,5.5,41.4,4.0,54.3,51.2,0
2017-18,playoffs,-,16,5,241.2,110.4,13.1,45.3,29.1,40.1,26.7,39.9,20.1,68.2,6.9,53.5,6.7,57.1,54.5,0
2017-18,playoffs,-,11,6,240.0,104.9,26.9,47.0,20.6,33.9,26.5,35.3,14.6,62.4,1.1,47.4,4.4,66.7,51.4,0
2017-18,playoffs,-,3,4,240.0,100.6,19.7,53.9,24.1,40.7,16.7,31.4,15.6,60.8,5.0,55.6,6.0,55.6,54.2,0
2017-18,playoffs,-,1,4,240.0,103.4,17.0,37.5,32.2,42.4,17.0,36.7,11.0,43.6,1.6,57.1,3.8,44.4,50.7,0
2017-18,playoffs,-,3,4,243.6,101.9,25.6,55.3,25.6,38.3,22.0,43.8,13.4,81.5,4.0,56.5,1.9,60.0,56.1,0
2017-18,playoffs,-,1,4,240.0,101.6,24.0,44.7,23.2,41.2,15.0,32.4,15.2,45.8,11.0,54.3,4.4,42.9,51.5,0
2017-18,playoffs,-,5,4,240.0,110.0,23.6,47.4,23.6,34.9,20.1,35.5,25.6,72.0,4.0,36.4,9.2,55.6,53.3,0
2017-18,playoffs,-,2,4,240.0,101.2,16.8,40.6,20.7,36.5,30.0,38.7,13.3,58.1,5.0,45.5,5.7,48.4,49.0,0
2017-18,playoffs,-,5,5,242.5,108.8,20.1,53.1,31.5,38.1,11.7,30.4,21.6,55.1,7.5,40.9,4.7,42.6,49.3,0
2017-18,playoffs,-,0,4,240.0,105.5,25.3,57.7,26.8,35.6,19.0,36.3,15.3,60.0,4.5,45.0,5.0,69.2,51.2,0
2017-18,playoffs,-,1,4,240.0,96.8,18.8,49.4,18.6,26.4,21.6,34.8,19.0,64.9,10.4,44.4,4.4,47.1,46.3,0
2017-18,playoffs,-,4,6,242.5,107.3,25.7,49.8,25.8,43.4,14.2,32.2,17.9,54.3,2.3,39.1,6.6,51.9,53.6,0
2017-18,playoffs,-,5,6,240.0,102.4,24.8,44.6,22.7,38.5,17.4,34.5,19.6,64.7,0.5,18.2,4.0,54.3,52.0,0
2017-18,playoffs,-,2,4,240.0,107.2,20.2,43.2,23.7,39.8,24.5,41.0,18.8,70.7,2.7,53.3,5.7,55.2,51.3,0
2018-19,regular-season,-,29,53,242.1,113.3,25.7,46.0,30.1,36.2,17.2,34.7,25.1,62.7,2.9,47.5,5.5,55.9,52.2,0
2018-19,regular-season,-,49,33,241.2,112.4,22.0,49.6,34.0,39.5,22.1,37.9,18.1,62.7,6.0,51.9,6.3,59.4,53.4,0
2018-19,regular-season,-,42,40,243.7,112.2,30.9,48.0,27.3,36.2,20.6,36.5,18.5,62.3,0.9,40.6,6.2,58.1,52.0,0
2018-19,regular-season,-,39,43,241.8,110.7,29.7,46.9,26.7,37.2,23.2,37.9,17.0,62.5,2.0,52.8,4.7,51.4,51.4,0
2018-19,regular-season,-,22,59,242.8,105.1,29.1,46.3,23.3,35.8,18.5,36.8,15.6,61.4,6.0,47.1,6.3,55.9,50.5,0
2018-19,regular-season,-,19,63,240.9,104.5,25.4,45.1,22.8,36.4,22.7,37.9,18.3,59.2,3.6,37.0,5.4,50.3,50.3,0
2018-19,regular-season,-,33,49,241.2,108.9,24.9,48.2,28.2,34.7,20.3,36.0,19.4,65.9,5.2,46.4,4.8,55.3,51.9,0
2018-19,regular-season,-,54,28,240.6,110.7,22.1,46.3,29.6,37.7,18.4,37.9,20.7,63.5,7.9,48.0,7.1,57.8,52.7,0
2018-19,regular-season,-,41,41,242.1,107.0,20.8,46.2,27.6,35.6,19.0,37.1,20.2,57.2,6.3,43.5,4.2,52.1,50.9,0
2018-19,regular-season,-,57,25,241.5,117.7,15.7,49.6,34.7,40.7,26.6,43.2,19.5,67.1,6.5,52.5,7.4,59.3,56.5,0
2018-19,regular-season,-,53,29,241.8,113.9,25.7,49.0,27.9,37.3,26.5,35.8,17.9,63.0,2.3,51.7,5.7,62.2,54.2,0
2018-19,regular-season,-,48,34,240.3,108.0,19.4,45.7,28.2,40.5,17.7,37.1,20.2,64.3,6.8,48.8,10.3,60.6,53.0,0
2018-19,regular-season,-,48,34,241.8,115.1,26.9,46.6,25.5,39.9,21.2,40.4,22.9,61.8,6.6,47.6,7.1,56.8,52.9,0
2018-19,regular-season,-,37,45,241.2,111.8,22.9,47.3,25.4,34.4,18.1,36.4,22.8,64.5,4.3,48.2,8.3,59.2,52.7,0
2018-19,regular-season,-,33,49,242.4,103.5,21.2,45.1,26.4,37.0,16.5,34.8,21.5,60.8,7.5,48.6,8.4,52.7,50.8,0
2018-19,regular-season,-,39,43,240.6,105.7,22.5,43.3,29.2,36.9,16.1,35.0,22.7,63.2,3.5,44.3,5.1,49.3,51.5,0
2018-19,regular-season,-,60,22,241.2,118.1,29.7,55.0,31.5,35.9,18.2,36.4,18.5,64.0,4.6,49.8,5.5,62.3,55.0,0
2018-19,regular-season,-,36,46,241.8,112.5,23.3,44.5,29.0,37.7,17.5,35.6,21.1,62.5,10.6,49.1,7.2,57.0,51.1,0
2018-19,regular-season,-,33,49,240.9,115.4,25.7,50.3,26.3,36.2,16.9,35.9,25.4,65.9,7.9,46.3,8.5,54.1,52.9,0
2018-19,regular-season,-,17,64,241.2,104.6,24.7,42.6,24.1,34.3,22.5,37.8,17.8,63.2,4.3,45.8,4.3,55.2,48.9,0
2018-19,regular-season,-,48,33,242.2,114.4,24.0,46.3,28.8,36.4,19.7,35.6,22.5,61.7,6.2,50.5,7.5,54.8,51.4,0
2018-19,regular-season,-,40,40,241.3,107.6,19.5,45.0,32.0,37.8,19.0,36.8,21.4,62.5,6.6,45.2,7.9,56.7,51.8,0
2018-19,regular-season,-,51,30,241.5,115.2,21.5,50.3,29.7,37.6,18.6,37.6,22.2,62.3,9.2,47.6,7.3,54.2,53.2,0
2018-19,regular-season,-,19,63,242.4,107.5,24.2,44.8,24.5,35.3,20.2,37.0,22.4,65.8,5.0,51.7,7.3,57.1,51.4,0
2018-19,regular-season,-,53,29,242.1,114.7,22.5,48.1,23.3,35.7,26.8,41.6,21.0,61.7,6.8,50.0,6.4,53.2,52.8,0
2018-19,regular-season,-,39,43,240.6,114.2,21.3,44.3,27.3,40.0,22.5,36.9,24.2,62.8,7.0,43.0,7.7,51.8,52.4,0
2018-19,regular-season,-,48,34,241.5,111.7,23.4,51.0,28.5,42.1,26.2,40.7,18.5,62.9,11.4,47.6,5.5,56.6,53.4,0
2018-19,regular-season,-,58,24,242.4,114.4,25.0,49.5,34.7,40.5,17.0,36.7,17.8,63.6,6.4,49.4,8.1,59.4,54.3,0
2018-19,regular-season,-,50,31,240.9,112.0,26.5,47.8,28.8,37.3,17.1,35.7,25.3,69.9,1.1,47.9,6.2,55.6,54.0,0
2018-19,regular-season,-,31,50,243.1,114.2,25.8,49.6,29.9,36.0,18.2,36.6,19.7,66.5,3.7,46.3,6.1,56.6,53.2,0
2018-19,playoffs,-,5,4,240.0,102.1,23.8,43.3,30.7,36.7,23.1,38.8,11.4,56.2,3.8,44.8,4.8,50.0,49.1,0
2018-19,playoffs,-,1,4,240.0,111.4,33.2,40.4,14.6,25.7,29.6,40.1,20.2,56.3,0.0,0.0,6.6,46.4,48.0,0
2018-19,playoffs,-,7,7,247.1,109.1,23.6,41.0,23.0,36.1,21.9,39.6,19.7,57.7,6.3,45.7,7.7,46.8,49.6,0
2018-19,playoffs,-,0,4,240.0,98.0,21.3,35.1,28.8,34.2,22.8,38.7,20.3,61.0,1.3,22.2,8.5,52.0,44.4,0
2018-19,playoffs,-,14,8,242.3,114.1,15.8,49.2,30.1,36.6,25.3,42.1,20.9,66.8,5.0,44.9,6.6,61.2,54.8,0
2018-19,playoffs,-,6,5,242.3,108.5,24.7,43.9,26.1,39.3,27.9,37.5,17.0,64.5,0.4,28.6,3.5,54.2,53.7,0
2018-19,playoffs,-,0,4,240.0,91.8,19.5,46.3,26.3,34.2,13.8,26.8,9.3,38.5,5.3,52.9,6.3,29.6,46.1,0
2018-19,playoffs,-,2,4,240.0,114.7,28.5,43.1,30.7,40.4,18.2,34.8,19.2,65.3,4.5,35.7,9.3,69.7,51.1,0
2018-19,playoffs,-,10,5,243.3,112.8,27.6,50.5,30.1,34.4,17.6,34.1,16.7,66.1,2.9,44.1,4.2,51.0,52.3,0
2018-19,playoffs,-,1,4,240.0,105.2,24.4,44.3,30.2,38.6,18.6,35.9,16.2,66.7,6.2,40.7,8.4,60.0,50.0,0
2018-19,playoffs,-,1,4,240.0,92.0,19.6,44.4,26.6,29.2,18.2,37.5,11.8,47.3,2.8,33.3,6.8,58.3,45.1,0
2018-19,playoffs,-,7,5,240.0,108.7,24.5,50.4,26.4,36.9,18.7,38.2,20.2,63.6,7.1,44.9,9.2,64.2,51.4,0
2018-19,playoffs,-,8,8,247.8,109.7,25.3,45.0,23.4,38.2,28.3,38.1,18.3,58.3,3.2,36.2,4.6,50.0,50.1,0
2018-19,playoffs,-,3,4,240.0,103.3,27.9,50.7,22.0,40.0,21.9,36.8,17.6,61.6,5.6,29.2,4.3,58.3,50.3,0
2018-19,playoffs,-,16,8,242.1,106.6,25.2,49.2,30.6,35.8,19.6,38.4,13.7,61.0,4.8,46.2,5.5,51.4,51.5,0
2018-19,playoffs,-,1,4,240.0,97.8,25.2,37.4,22.2,27.0,13.2,28.7,26.2,67.1,1.2,50.0,5.4,76.9,45.5,0
2019-20,regular-season,-,20,47,243.0,111.8,26.2,45.9,25.9,34.6,20.8,35.8,22.9,68.1,2.7,58.1,5.5,53.3,51.5,0
2019-20,regular-season,-,48,24,242.1,113.7,26.9,45.7,24.0,37.9,27.3,39.3,19.9,61.6,3.6,45.8,5.4,54.3,53.1,0
2019-20,regular-season,-,35,37,242.8,111.8,29.4,45.1,27.8,36.5,19.8,34.5,19.7,65.8,0.6,48.3,5.4,60.5,52.0,0
2019-20,regular-season,-,23,41,242.3,102.9,22.3,41.2,25.5,36.7,17.9,33.2,19.6,60.9,4.6,50.2,5.8,55.3,50.5,0
2019-20,regular-season,-,22,43,241.2,106.8,25.8,43.8,28.4,35.5,16.4,35.0,18.1,63.2,2.4,47.7,5.8,55.4,51.5,0
2019-20,regular-season,-,19,46,241.9,106.9,24.2,46.1,27.0,38.0,18.8,36.1,23.3,63.2,5.7,48.2,6.1,53.5,52.2,0
2019-20,regular-season,-,41,32,242.1,116.8,28.1,49.3,34.6,38.3,21.9,36.8,18.6,67.6,3.4,43.4,5.2,62.6,54.4,0
2019-20,regular-season,-,46,27,243.1,111.3,20.1,43.4,29.0,39.3,20.5,38.3,22.5,68.1,7.3,51.5,8.4,58.7,53.5,0
2019-20,regular-season,-,20,45,241.9,107.2,24.6,47.2,29.8,38.1,14.5,35.4,20.2,61.1,5.2,52.8,6.4,53.2,52.8,0
2019-20,regular-season,-,15,50,241.9,106.3,22.9,44.1,26.4,34.9,21.6,37.4,17.8,61.6,4.7,47.3,5.7,49.0,49.7,0
2019-20,regular-season,-,44,28,241.4,117.8,29.6,52.3,29.5,34.9,23.1,35.7,13.9,65.3,1.0,38.8,4.1,59.3,53.7,0
2019-20,regular-season,-,45,28,241.4,109.4,24.8,48.8,27.6,39.0,22.0,40.7,17.8,64.0,4.3,47.5,9.1,57.4,53.4,0
2019-20,regular-season,-,49,23,241.4,116.3,25.3,48.3,29.5,38.5,23.0,38.8,18.7,62.0,6.3,45.9,5.8,58.6,53.5,0
2019-20,regular-season,-,52,19,240.7,113.4,20.7,49.6,28.0,37.0,17.6,34.9,25.3,70.1,6.7,47.1,6.5,58.9,54.2,0
2019-20,regular-season,-,34,39,240.7,112.6,26.9,45.8,28.5,37.6,18.4,37.7,23.8,66.7,5.2,49.7,7.9,62.4,52.8,0
2019-20,regular-season,-,44,28,243.1,112.1,22.8,47.6,33.3,39.8,18.6,36.8,19.4,67.6,3.1,48.2,7.8,60.5,54.8,0
2019-20,regular-season,-,55,17,241.0,118.7,22.6,53.4,31.9,37.4,22.7,39.2,18.6,62.6,7.0,52.3,7.8,56.7,55.2,0
2019-20,regular-season,-,19,45,243.1,113.3,29.7,47.5,30.5,34.1,16.6,34.9,17.1,61.6,3.7,46.7,4.4,55.4,51.4,0
2019-20,regular-season,-,30,41,241.8,115.7,24.0,44.9,32.6,38.6,19.2,36.0,18.9,67.4,3.1,49.2,6.8,61.2,53.9,0
2019-20,regular-season,-,21,45,241.9,105.8,22.7,42.3,25.5,35.8,18.5,36.4,22.2,64.7,6.7,50.6,6.1,55.8,50.1,0
2019-20,regular-season,-,44,28,242.1,110.4,30.3,49.0,26.1,37.9,24.7,42.9,16.8,63.8,3.9,46.4,5.7,60.7,53.0,0
2019-20,regular-season,-,33,40,240.7,107.3,21.7,46.8,29.5,36.4,19.8,37.1,19.6,57.5,5.2,45.1,6.8,52.4,50.6,0
2019-20,regular-season,-,43,30,241.0,110.7,21.7,48.2,33.4,38.5,16.3,37.7,19.4,63.4,10.7,50.9,6.1,51.0,53.4,0
2019-20,regular-season,-,34,38,240.7,113.5,22.2,46.7,31.8,37.3,18.5,39.9,23.1,62.2,5.0,51.2,8.0,54.6,53.3,0
2019-20,regular-season,-,34,39,241.0,115.0,24.8,48.5,26.0,39.8,30.9,40.0,17.7,61.4,5.9,45.2,5.8,57.4,53.2,0
2019-20,regular-season,-,31,40,242.5,110.1,23.8,46.4,30.6,38.5,21.3,38.0,19.9,64.4,4.3,47.0,6.1,55.7,53.5,0
2019-20,regular-season,-,31,39,242.1,114.0,28.9,50.7,30.4,40.4,26.1,41.7,13.9,62.2,6.3,46.6,5.0,59.4,53.3,0
2019-20,regular-season,-,52,19,241.4,112.7,20.7,45.6,33.0,38.8,15.8,34.1,17.4,63.0,3.8,45.1,6.6,57.1,53.5,0
2019-20,regular-season,-,44,28,241.0,111.3,30.5,47.7,27.3,40.4,23.6,38.2,18.2,68.6,1.4,47.7,5.0,58.0,54.9,0
2019-20,regular-season,-,25,47,241.0,114.4,25.7,46.8,29.7,38.5,22.1,37.4,18.0,61.6,1.7,44.8,7.0,56.3,52.3,0
2019-20,playoffs,-,10,7,244.4,109.4,25.6,48.4,26.7,37.9,24.1,36.3,17.2,62.6,3.2,60.0,5.4,70.2,52.7,0
2019-20,playoffs,-,0,4,240.0,105.8,21.5,39.5,43.0,37.3,17.0,31.2,12.5,61.1,1.3,100,3.8,60.0,48.2,0
2019-20,playoffs,-,2,4,244.2,117.0,34.7,51.9,28.7,38.1,29.5,40.8,15.0,67.3,4.0,50.0,1.8,33.3,54.9,0
2019-20,playoffs,-,9,10,241.3,107.4,22.2,48.9,30.5,39.1,23.9,43.5,15.2,66.0,5.3,48.7,6.1,62.7,54.5,0
2019-20,playoffs,-,5,7,242.1,107.7,31.3,52.0,37.7,38.6,17.3,32.6,7.9,59.2,1.7,53.8,2.9,61.5,53.5,0
2019-20,playoffs,-,0,4,240.0,100.8,27.3,44.4,30.5,43.4,18.0,32.6,12.5,63.9,0.5,25.0,3.0,45.5,53.0,0
2019-20,playoffs,-,7,6,241.9,114.0,31.8,55.6,29.2,39.3,23.9,40.2,18.8,58.6,5.5,50.0,4.3,62.2,54.4,0
2019-20,playoffs,-,16,5,240.0,112.8,19.3,53.1,32.7,38.2,14.2,34.3,22.6,70.3,6.0,51.5,4.9,59.2,56.1,0
2019-20,playoffs,-,14,7,242.4,110.0,24.3,49.2,33.4,39.4,18.2,37.2,16.8,67.7,3.1,40.4,7.4,58.2,53.7,0
2019-20,playoffs,-,5,5,242.5,111.1,22.7,49.7,31.9,39.4,21.4,35.9,18.2,66.7,3.1,41.2,5.2,52.5,53.7,0
2019-20,playoffs,-,3,4,243.6,104.0,26.3,49.2,25.6,32.5,25.6,41.4,14.6,58.1,4.0,54.5,2.3,55.6,50.0,0
2019-20,playoffs,-,1,4,240.0,107.0,16.6,38.8,41.0,40.0,25.6,40.4,13.2,55.3,4.4,52.4,5.4,37.9,50.5,0
2019-20,playoffs,-,0,4,240.0,100.5,23.3,43.2,23.0,31.3,20.0,35.0,14.8,51.2,15.5,53.8,5.5,42.9,44.3,0
2019-20,playoffs,-,1,4,240.0,106.6,18.8,44.8,20.6,35.4,29.4,35.7,17.6,58.6,5.2,38.5,6.0,41.7,49.2,0
2019-20,playoffs,-,7,4,244.5,109.4,21.5,43.6,35.6,41.3,19.2,35.3,13.5,63.0,6.9,60.7,4.8,53.7,52.5,0
2019-20,playoffs,-,3,4,243.6,113.4,33.1,52.3,24.7,37.7,30.4,46.2,16.0,63.9,0.0,0.0,5.1,69.6,58.3,0
2019-20,play-in,-,0,1,240.0,122.0,33.0,38.7,29.0,55.0,25.0,42.9,22.0,56.3,6.0,66.7,8.0,80.0,56.5,0
2019-20,play-in,-,1,0,240.0,126.0,14.0,71.4,25.0,33.3,44.0,52.9,14.0,50.0,11.0,60.0,6.0,66.7,54.2,0
2019-20,ist,-,0,1,265.0,122.0,20.0,42.1,41.0,41.2,25.0,34.5,22.0,53.8,2.0,33.3,5.0,50.0,51.5,0
2019-20,ist,-,1,0,265.0,130.0,32.0,52.0,36.0,34.3,6.0,16.7,13.0,37.5,6.0,25.0,4.0,100,47.6,0
2020-21,regular-season,-,41,31,241.7,113.7,23.9,45.5,29.7,39.1,21.7,40.0,24.2,64.2,4.7,47.5,6.0,54.5,53.9,0
2020-21,regular-season,-,36,36,241.4,112.6,25.3,47.6,28.3,40.3,25.4,36.9,20.1,65.5,3.5,45.0,4.8,53.4,54.3,0
2020-21,regular-season,-,48,24,241.7,118.6,26.0,50.2,32.8,41.9,23.7,40.6,19.3,67.9,2.8,49.3,6.5,64.5,57.5,0
2020-21,regular-season,-,33,39,241.0,109.5,25.8,47.2,31.9,38.9,20.1,37.5,18.1,61.7,1.9,53.0,5.4,56.7,53.2,0
2020-21,regular-season,-,31,41,241.4,110.7,21.4,47.4,31.9,37.7,19.0,39.9,19.7,66.3,5.9,52.2,7.4,55.0,54.7,0
2020-21,regular-season,-,22,50,242.1,103.8,24.1,43.9,24.8,35.1,15.8,35.3,23.3,62.7,3.8,39.9,6.8,53.0,50.8,0
2020-21,regular-season,-,42,30,240.3,112.4,28.7,55.2,31.0,37.7,25.6,41.1,16.7,64.4,4.0,50.7,3.2,52.5,55.0,0
2020-21,regular-season,-,47,25,242.8,115.1,18.9,48.3,33.7,40.5,19.2,38.6,23.1,65.9,7.7,54.2,9.1,56.1,55.7,0
2020-21,regular-season,-,20,52,242.1,106.6,25.1,45.0,28.8,36.0,14.7,34.8,18.7,66.2,4.0,45.2,4.5,53.7,51.9,0
2020-21,regular-season,-,39,33,240.3,113.7,23.8,49.8,33.1,38.1,21.1,38.2,15.8,65.3,3.3,46.6,4.6,63.5,55.1,0
2020-21,regular-season,-,17,55,240.3,108.8,25.5,48.5,31.4,34.8,15.4,32.5,18.0,67.0,2.9,49.0,4.8,63.3,52.1,0
2020-21,regular-season,-,34,38,242.4,115.3,29.4,48.0,28.7,36.8,20.5,40.8,20.4,65.3,3.3,47.1,6.7,59.0,54.2,0
2020-21,regular-season,-,47,25,240.0,114.0,23.1,48.7,36.6,43.8,24.1,40.8,17.6,63.4,6.1,51.0,5.6,55.4,56.4,0
2020-21,regular-season,-,42,30,242.4,109.5,21.6,48.8,30.0,37.4,16.2,35.5,19.9,67.7,8.3,49.1,6.5,62.9,53.6,0
2020-21,regular-season,-,38,34,241.7,113.3,28.4,46.2,29.0,38.0,19.4,38.9,23.1,64.1,4.1,55.7,6.9,53.4,52.8,0
2020-21,regular-season,-,40,32,241.4,108.1,20.1,47.7,32.6,37.5,17.9,37.0,20.3,69.0,3.4,50.8,5.9,57.5,54.6,0
2020-21,regular-season,-,46,26,240.7,120.1,23.4,52.9,32.5,40.1,26.5,41.3,20.5,67.0,6.1,48.6,6.9,61.0,56.6,0
2020-21,regular-season,-,23,49,241.7,112.1,25.4,45.9,31.0,35.9,16.6,34.0,19.4,63.0,4.3,46.8,6.4,61.4,52.0,0
2020-21,regular-season,-,31,41,242.1,114.6,27.4,48.3,27.1,37.1,17.4,37.5,21.9,64.1,4.4,57.2,7.1,60.1,53.7,0
2020-21,regular-season,-,41,31,242.1,107.0,27.4,45.0,29.2,40.5,22.3,38.8,15.7,63.2,3.4,51.7,3.6,51.5,52.4,0
2020-21,regular-season,-,22,50,241.0,105.0,29.8,45.7,28.4,35.1,17.3,36.9,17.1,61.5,2.1,49.6,4.0,55.4,50.9,0
2020-21,regular-season,-,21,51,240.7,104.0,24.3,43.7,29.3,37.0,20.9,36.4,15.9,60.6,4.8,44.6,5.4,46.4,49.0,0
2020-21,regular-season,-,49,23,242.1,113.6,26.0,48.7,30.4,39.7,21.7,41.9,16.7,62.3,9.6,54.9,4.2,52.9,54.1,0
2020-21,regular-season,-,51,21,242.8,115.3,24.2,53.4,34.3,39.7,25.9,44.7,21.2,66.6,5.3,47.9,6.3,59.3,56.4,0
2020-21,regular-season,-,42,30,240.3,116.1,20.4,47.6,27.8,40.3,33.2,39.0,15.4,59.4,5.2,47.7,4.1,52.1,54.0,0
2020-21,regular-season,-,31,41,240.3,113.7,29.3,52.2,28.3,39.9,21.7,38.4,20.7,66.2,3.7,50.0,8.4,58.4,54.9,0
2020-21,regular-season,-,33,39,242.8,111.1,30.9,48.3,27.5,37.7,23.5,41.4,16.0,63.6,2.9,49.7,5.1,57.1,51.7,0
2020-21,regular-season,-,27,45,240.3,111.3,24.2,46.4,32.9,38.0,19.9,35.8,16.1,62.3,2.2,39.3,5.4,58.2,52.9,0
2020-21,regular-season,-,52,20,241.0,116.4,28.5,49.9,33.0,40.4,25.8,38.4,19.1,68.8,1.3,41.8,5.8,62.8,56.3,0
2020-21,regular-season,-,34,38,241.7,116.6,25.2,47.4,26.8,36.9,19.9,38.8,23.2,65.8,5.0,55.0,6.8,60.3,53.1,0
2020-21,playoffs,-,10,8,240.0,106.3,24.8,48.4,24.7,36.6,29.8,39.0,17.9,61.9,5.8,56.3,3.8,51.9,51.6,0
2020-21,playoffs,-,1,4,240.0,112.2,26.6,43.7,26.2,38.8,26.6,35.9,20.4,56.2,3.4,38.5,5.8,52.4,50.8,0
2020-21,playoffs,-,7,5,242.1,112.5,23.7,46.5,27.0,42.0,32.9,43.3,14.2,59.1,4.3,46.2,5.7,57.1,55.1,0
2020-21,playoffs,-,3,4,240.0,106.0,27.9,50.6,25.4,38.5,32.1,42.2,16.6,54.3,4.1,40.0,4.3,50.0,53.4,0
2020-21,playoffs,-,4,6,245.0,114.8,21.5,48.6,39.4,41.4,16.7,32.2,19.5,64.1,5.6,41.0,9.6,59.5,53.6,0
2020-21,playoffs,-,10,9,240.0,111.6,28.5,52.9,33.1,42.4,24.5,39.8,13.1,65.3,3.9,52.4,4.5,53.4,56.2,0
2020-21,playoffs,-,2,4,240.0,97.5,24.7,48.6,22.3,26.5,13.5,30.3,20.7,66.7,3.7,33.3,4.7,55.0,47.3,0
2020-21,playoffs,-,1,4,240.0,115.0,33.4,47.1,25.6,35.8,20.4,37.5,19.2,60.6,4.0,52.9,3.4,33.3,52.3,0
2020-21,playoffs,-,0,4,246.2,98.0,18.5,41.4,28.5,33.1,25.5,38.4,15.8,54.9,3.0,38.5,7.3,50.0,46.2,0
2020-21,playoffs,-,16,7,242.2,110.3,23.1,48.7,26.1,35.6,23.2,35.3,22.3,68.3,5.4,44.4,5.7,60.9,52.4,0
2020-21,playoffs,-,1,4,240.0,97.0,30.6,43.0,22.2,36.8,23.0,31.2,14.4,62.0,0.4,33.3,3.0,46.2,45.8,0
2020-21,playoffs,-,7,5,240.0,116.3,24.3,50.2,28.2,42.1,26.2,43.3,17.0,63.6,10.3,57.6,3.3,37.5,56.1,0
2020-21,playoffs,-,14,8,240.0,109.0,26.5,48.5,28.1,41.0,29.3,42.2,17.8,64.7,2.2,47.9,7.1,60.2,54.7,0
2020-21,playoffs,-,2,4,248.3,119.5,25.5,54.5,26.7,39.7,33.8,40.9,14.5,57.8,2.0,23.1,4.5,66.7,56.7,0
2020-21,playoffs,-,6,5,240.0,116.9,27.2,46.4,28.0,38.7,34.5,44.5,16.0,73.0,0.7,42.9,2.6,50.0,57.9,0
2020-21,playoffs,-,1,4,240.0,110.0,29.6,46.3,21.0,34.3,21.2,40.5,23.8,65.4,4.8,66.7,5.8,72.2,49.8,0
2020-21,play-in,-,1,0,240.0,118.0,34.0,47.8,29.0,40.0,26.0,30.3,18.0,46.7,4.0,100,3.0,50.0,47.4,0
2020-21,play-in,-,0,1,240.0,117.0,31.0,50.0,19.0,30.4,25.0,36.0,19.0,66.7,0.0,0.0,10.0,83.3,52.1,0
2020-21,play-in,-,0,2,252.5,106.0,21.5,43.2,34.5,42.1,17.0,33.3,12.5,52.4,1.0,20.0,2.0,50.0,52.3,0
2020-21,play-in,-,1,1,240.0,129.5,22.5,38.0,36.0,45.5,23.5,37.3,31.0,74.3,3.0,50.0,10.0,66.7,55.9,0
2020-21,play-in,-,1,0,240.0,103.0,14.0,35.7,38.0,40.0,0.0,0.0,23.0,55.6,7.0,33.3,11.0,44.4,46.2,0
2020-21,play-in,-,2,0,252.5,108.5,29.5,38.1,30.5,46.7,17.5,29.6,17.5,53.8,4.5,44.4,8.5,71.4,48.4,0
2020-21,play-in,-,0,1,240.0,96.0,26.0,32.3,25.0,47.4,21.0,23.8,21.0,66.7,0.0,0.0,7.0,100,39.2,0
2020-21,play-in,-,1,1,240.0,121.0,33.0,55.1,25.0,39.1,13.5,27.9,34.0,73.2,6.0,66.7,3.0,37.5,55.4,0
2021-22,regular-season,-,43,39,240.3,113.9,24.7,47.1,28.2,39.8,26.5,40.2,21.7,65.2,3.4,47.1,5.0,55.4,54.3,0
2021-22,regular-season,-,51,30,242.8,111.8,25.7,49.1,31.5,37.2,18.8,37.1,19.6,68.3,3.4,49.5,4.6,54.6,54.1,0
2021-22,regular-season,-,44,38,240.9,112.9,22.6,49.7,28.0,40.2,27.0,41.7,19.9,62.5,3.7,53.8,7.1,56.0,54.0,0
2021-22,regular-season,-,43,38,242.5,115.4,28.6,47.3,32.3,37.7,19.8,37.3,18.7,67.4,1.6,39.3,6.0,63.8,54.4,0
2021-22,regular-season,-,46,36,240.6,111.6,25.2,51.3,29.0,38.6,24.5,42.8,15.7,65.4,4.0,51.0,7.3,57.2,54.1,0
2021-22,regular-season,-,44,38,240.6,107.8,21.0,47.1,29.2,36.4,16.8,37.4,25.2,65.9,4.6,48.3,6.6,54.2,53.8,0
2021-22,regular-season,-,52,30,240.9,108.0,27.1,53.0,30.4,36.2,22.8,38.2,18.0,66.3,3.9,46.8,4.0,55.4,53.8,0
2021-22,regular-season,-,48,34,241.5,112.7,17.5,50.6,32.5,37.5,16.6,37.9,24.8,67.4,7.9,58.7,9.3,65.8,55.6,0
2021-22,regular-season,-,23,58,241.2,105.0,26.0,46.7,30.4,35.0,15.0,32.8,19.2,59.5,3.4,46.2,4.5,52.3,49.6,0
2021-22,regular-season,-,53,28,240.6,111.2,21.2,50.7,32.6,36.7,20.8,37.9,17.6,66.9,2.3,48.0,5.3,62.8,55.3,0
2021-22,regular-season,-,20,62,240.9,109.7,25.2,48.3,28.5,35.5,16.3,33.5,19.2,67.0,3.6,54.1,5.9,55.8,53.4,0
2021-22,regular-season,-,25,57,242.4,111.5,26.8,48.4,28.9,36.2,20.5,36.8,22.4,66.3,2.7,53.3,7.3,63.0,53.1,0
2021-22,regular-season,-,42,39,241.2,108.7,21.4,47.4,31.5,40.5,24.4,37.3,18.4,65.3,3.9,49.8,6.6,54.5,53.3,0
2021-22,regular-season,-,33,49,243.7,112.1,22.2,50.3,29.0,36.6,20.3,36.3,21.8,66.1,5.7,52.2,6.0,56.0,53.7,0
2021-22,regular-season,-,55,26,241.2,115.6,30.3,46.4,27.5,36.6,20.1,37.3,21.0,61.6,2.7,52.2,7.5,58.1,52.2,0
2021-22,regular-season,-,53,29,242.1,110.0,20.5,49.4,31.8,38.7,21.8,39.2,20.5,63.0,3.5,44.9,6.3,54.8,54.7,0
2021-22,regular-season,-,51,31,240.9,115.5,23.2,51.6,32.1,37.6,24.0,39.3,18.9,63.0,5.1,49.3,5.2,53.7,54.6,0
2021-22,regular-season,-,46,36,241.2,115.9,25.8,50.4,33.1,37.0,18.6,35.4,16.0,59.9,3.1,50.3,7.2,60.6,53.9,0
2021-22,regular-season,-,35,46,240.9,109.4,22.0,47.2,29.9,37.0,17.0,35.7,21.4,62.1,4.8,51.2,6.4,57.7,51.8,0
2021-22,regular-season,-,36,45,241.2,106.5,24.7,44.3,26.9,36.6,23.8,34.9,17.4,66.3,2.7,44.7,3.7,52.7,51.3,0
2021-22,regular-season,-,24,58,241.5,103.7,29.9,45.2,28.5,33.2,16.8,35.6,16.6,62.2,0.5,39.6,4.8,56.1,49.7,0
2021-22,regular-season,-,22,60,241.2,104.2,25.5,45.2,31.6,35.4,14.5,32.1,16.5,64.2,2.4,45.6,5.6,59.0,50.3,0
2021-22,regular-season,-,51,31,241.5,109.9,26.6,49.4,28.5,38.1,22.1,39.0,15.5,64.0,7.2,47.7,4.6,54.8,53.4,0
2021-22,regular-season,-,63,18,240.6,114.9,23.4,48.5,29.9,39.0,26.2,42.3,24.4,67.6,3.2,55.6,8.6,61.1,55.0,0
2021-22,regular-season,-,27,55,240.6,106.2,22.3,46.2,28.5,35.8,20.9,36.9,16.3,63.6,2.9,46.0,6.4,58.4,51.5,0
2021-22,regular-season,-,29,52,241.5,109.9,27.9,47.7,25.8,36.7,21.2,36.4,19.9,64.4,2.3,45.0,6.7,53.4,52.3,0
2021-22,regular-season,-,34,48,241.5,113.2,28.5,47.6,31.5,37.8,19.2,38.8,19.9,63.8,2.2,52.5,8.3,58.3,52.7,0
2021-22,regular-season,-,48,34,242.1,109.4,21.6,44.9,28.7,37.1,22.3,36.2,20.6,59.9,3.2,48.9,5.7,54.8,51.0,0
2021-22,regular-season,-,49,33,240.6,113.6,29.7,51.3,27.3,36.4,24.2,38.0,21.9,71.6,2.3,45.8,4.6,62.6,55.5,0
2021-22,regular-season,-,35,47,241.8,108.6,26.2,47.8,27.0,35.8,19.3,38.2,22.6,69.2,3.6,50.2,6.5,56.3,53.2,0
2021-22,playoffs,-,1,4,240.0,97.4,19.8,55.2,27.8,37.2,22.4,37.4,18.2,66.1,2.8,60.0,1.8,36.4,51.3,0
2021-22,playoffs,-,14,10,240.0,105.5,22.5,43.5,33.0,40.0,18.0,35.9,16.4,63.3,1.6,40.6,4.8,52.4,53.3,0
2021-22,playoffs,-,0,4,240.0,109.0,16.8,46.2,29.3,50.6,29.3,39.8,17.3,67.4,2.0,40.0,7.3,66.7,57.7,0
2021-22,playoffs,-,1,4,240.0,95.2,17.8,41.6,34.4,33.5,21.6,37.1,11.0,55.6,2.8,62.5,5.6,63.6,46.1,0
2021-22,playoffs,-,9,9,240.0,106.3,31.0,49.8,33.3,39.1,23.7,38.0,8.1,64.5,3.4,49.0,2.2,57.7,54.6,0
2021-22,playoffs,-,1,4,240.0,110.0,18.6,50.0,34.6,39.5,10.2,30.6,22.8,61.0,14.8,59.6,6.2,46.9,54.3,0
2021-22,playoffs,-,16,6,240.0,111.9,21.5,49.4,29.9,38.6,25.1,40.4,17.2,67.1,1.2,40.6,6.0,66.3,56.1,0
2021-22,playoffs,-,6,6,240.0,112.5,28.8,41.4,27.3,35.0,19.1,32.8,20.9,66.7,2.7,45.5,6.0,52.7,50.7,0
2021-22,playoffs,-,11,7,240.0,104.2,23.1,47.6,25.9,34.3,21.3,34.9,17.3,69.5,2.6,51.4,7.5,61.3,50.9,0
2021-22,playoffs,-,7,5,240.0,102.8,25.0,49.0,27.3,37.7,17.1,31.1,15.7,59.9,4.5,40.7,4.7,51.1,49.8,0
2021-22,playoffs,-,2,4,240.0,109.2,26.8,46.3,30.8,40.3,17.7,33.9,15.5,57.4,1.3,37.5,4.5,62.5,52.7,0
2021-22,playoffs,-,2,4,240.0,109.8,24.5,45.0,23.3,35.0,22.7,40.7,20.5,59.8,3.2,41.7,6.7,65.4,51.8,0
2021-22,playoffs,-,6,6,242.1,104.5,26.4,52.0,25.2,35.8,22.5,38.1,13.3,64.4,3.3,46.7,2.8,73.7,54.5,0
2021-22,playoffs,-,7,6,240.0,107.6,23.3,49.6,25.0,38.8,27.3,43.8,23.0,70.1,3.9,46.8,9.4,64.3,55.7,0
2021-22,playoffs,-,2,4,244.2,103.2,27.8,50.0,24.5,33.8,21.0,32.9,19.7,73.9,1.2,33.3,4.0,57.9,50.3,0
2021-22,playoffs,-,2,4,240.0,99.0,37.8,54.3,15.0,27.5,22.2,40.4,17.2,62.7,1.0,60.0,1.2,25.0,49.5,0
2022-23,regular-season,-,41,41,242.1,118.4,28.9,48.0,24.7,36.3,27.5,43.0,23.4,67.6,2.8,51.3,6.3,61.5,54.1,0
2022-23,regular-season,-,57,25,243.7,117.9,28.2,52.6,37.5,39.3,19.5,37.3,16.2,66.7,2.4,52.9,5.2,60.0,56.6,0
2022-23,regular-season,-,45,37,240.6,113.4,27.1,50.4,30.2,39.9,26.7,44.4,16.8,70.5,1.8,50.4,5.0,59.1,56.2,0
2022-23,regular-season,-,27,55,241.8,111.0,27.6,45.3,24.5,34.7,20.1,36.4,21.5,63.8,2.2,47.1,6.1,53.0,51.6,0
2022-23,regular-season,-,39,42,242.8,113.0,26.5,53.6,29.2,38.7,21.8,41.1,16.8,66.3,5.3,56.1,6.3,59.3,55.0,0
2022-23,regular-season,-,51,31,242.4,112.3,26.9,49.9,23.9,35.8,22.2,40.7,23.0,68.2,2.3,43.5,7.3,59.3,55.6,0
2022-23,regular-season,-,38,44,243.1,114.2,29.7,54.7,33.3,38.7,22.4,38.8,14.7,70.1,4.3,57.3,4.3,64.9,56.5,0
2022-23,regular-season,-,53,29,240.9,115.8,19.9,49.2,28.8,39.7,18.9,37.5,26.9,70.5,6.9,56.9,9.9,65.1,57.3,0
2022-23,regular-season,-,17,64,241.5,110.3,26.4,45.7,27.2,37.3,22.4,38.4,19.2,62.4,3.1,40.9,5.8,59.6,52.1,0
2022-23,regular-season,-,43,38,241.9,118.6,20.1,50.5,38.5,39.2,21.6,38.4,18.4,64.8,1.4,49.5,6.8,65.1,57.0,0
2022-23,regular-season,-,22,60,240.9,110.7,29.5,46.8,21.9,32.8,18.7,36.7,20.8,61.8,3.8,54.3,6.3,51.0,51.6,0
2022-23,regular-season,-,35,47,240.9,116.3,29.7,48.8,29.3,36.5,21.3,39.8,19.2,64.3,2.1,48.9,6.4,59.7,54.5,0
2022-23,regular-season,-,44,38,241.8,113.6,26.3,50.6,30.8,39.4,23.9,41.0,17.7,64.8,4.6,56.0,6.2,58.5,55.1,0
2022-23,regular-season,-,43,39,242.4,117.2,25.0,50.2,28.4,36.5,17.9,37.5,23.9,67.3,4.9,48.6,7.6,58.4,54.2,0
2022-23,regular-season,-,51,31,241.2,116.9,31.3,48.1,27.9,36.2,19.8,39.1,21.6,67.0,2.9,56.5,7.0,58.3,54.0,0
2022-23,regular-season,-,44,38,241.5,109.5,25.1,49.7,28.5,35.7,22.0,40.3,18.9,62.3,3.0,46.3,7.9,60.1,53.0,0
2022-23,regular-season,-,58,24,241.8,116.9,24.6,52.6,34.9,38.2,22.1,38.1,19.5,67.9,5.8,51.1,5.3,57.4,55.5,0
2022-23,regular-season,-,41,40,241.9,115.3,31.6,51.8,26.4,37.9,20.1,38.5,20.0,68.6,2.6,49.7,6.1,63.4,55.8,0
2022-23,regular-season,-,42,40,242.1,114.4,28.5,49.2,29.6,37.2,16.9,39.9,20.7,66.5,5.1,53.4,6.7,62.0,54.3,0
2022-23,regular-season,-,47,35,243.4,116.0,32.7,49.8,28.5,36.7,21.8,37.9,17.7,66.9,3.2,49.2,4.2,54.4,54.1,0
2022-23,regular-season,-,40,42,242.1,117.5,35.7,48.1,31.6,37.2,18.5,41.0,17.0,59.3,1.3,47.3,5.6,60.2,53.1,0
2022-23,regular-season,-,34,48,241.2,111.4,30.5,49.6,27.1,36.5,18.0,37.5,19.2,67.3,2.1,44.8,5.2,56.7,53.2,0
2022-23,regular-season,-,54,28,242.4,115.2,26.7,48.6,30.6,41.6,21.6,40.0,15.6,65.6,5.7,53.2,7.9,57.5,56.3,0
2022-23,regular-season,-,45,37,241.2,113.6,23.3,46.7,33.0,40.2,25.1,40.8,22.4,61.7,4.9,53.0,7.7,57.2,53.5,0
2022-23,regular-season,-,33,48,240.6,113.2,27.2,52.2,27.4,37.7,21.6,38.0,15.3,63.9,3.2,47.9,5.6,58.9,54.9,0
2022-23,regular-season,-,48,34,241.8,120.7,29.7,54.0,33.6,38.5,18.9,39.7,20.7,67.4,3.2,53.6,8.0,64.8,57.2,0
2022-23,regular-season,-,21,58,242.2,112.6,29.1,46.0,30.7,36.4,17.6,38.0,20.0,66.1,3.8,51.3,7.6,59.3,52.5,0
2022-23,regular-season,-,41,41,241.5,112.9,24.2,45.3,25.6,34.7,20.6,36.9,23.0,63.7,4.3,51.1,5.6,52.7,51.7,0
2022-23,regular-season,-,37,45,241.5,117.1,31.4,50.8,30.7,36.3,18.7,38.3,21.9,68.5,1.6,46.3,5.9,64.1,54.7,0
2022-23,regular-season,-,35,47,240.9,113.2,28.2,51.1,28.5,37.4,20.1,40.3,19.6,67.5,4.1,54.5,6.8,56.5,55.0,0
2022-23,playoffs,-,2,4,240.0,115.8,27.2,43.4,29.0,40.0,31.3,42.2,18.0,63.6,2.0,75.0,2.8,38.9,52.9,0
2022-23,playoffs,-,11,9,241.3,112.0,29.0,52.6,31.4,38.2,19.9,36.8,17.1,71.2,1.7,48.1,4.3,53.7,56.0,0
2022-23,playoffs,-,0,4,240.0,92.5,28.0,49.4,25.3,30.6,24.0,44.7,12.0,71.4,0.0,0.0,1.0,28.6,51.3,0
2022-23,playoffs,-,1,4,240.0,94.2,23.4,47.3,23.4,36.0,20.6,37.8,16.4,73.5,0.8,100,5.0,43.5,51.3,0
2022-23,playoffs,-,16,4,241.3,113.5,20.8,49.3,28.0,39.3,21.6,42.8,22.9,63.6,8.8,61.2,9.7,56.3,55.7,0
2022-23,playoffs,-,6,7,240.0,113.1,19.8,47.8,31.2,36.6,24.7,35.9,19.9,67.5,1.5,54.5,5.2,59.6,52.5,0
2022-23,playoffs,-,1,4,240.0,115.6,28.8,48.7,28.2,37.2,20.4,36.4,20.0,63.1,5.4,45.0,5.6,57.1,52.9,0
2022-23,playoffs,-,8,8,241.6,112.3,24.7,53.0,28.9,38.9,20.9,38.1,19.1,62.8,6.0,43.0,8.7,57.1,52.9,0
2022-23,playoffs,-,2,4,244.2,104.7,21.8,36.6,27.7,31.1,16.7,33.3,20.0,59.8,3.8,42.9,7.5,55.9,46.5,0
2022-23,playoffs,-,13,10,241.1,108.3,24.9,46.2,30.1,41.8,23.9,36.7,13.8,57.4,3.4,46.5,7.2,61.3,53.1,0
2022-23,playoffs,-,1,4,245.0,118.8,22.6,50.0,34.8,39.1,28.0,41.6,22.0,70.0,6.0,70.0,5.6,57.9,55.9,0
2022-23,playoffs,-,1,4,245.0,105.4,28.4,48.2,22.0,32.5,20.0,41.1,17.6,60.4,5.0,56.3,4.8,37.5,52.5,0
2022-23,playoffs,-,6,5,240.0,100.1,28.7,49.2,22.5,32.3,19.9,35.7,14.6,64.2,2.5,37.9,3.6,61.9,49.2,0
2022-23,playoffs,-,7,4,242.3,102.5,27.9,47.8,27.9,41.7,23.2,35.5,12.5,63.7,6.4,44.4,5.6,75.7,51.0,0
2022-23,playoffs,-,6,5,240.0,114.2,29.8,52.6,23.7,39.5,34.5,44.2,18.2,58.3,2.2,37.0,8.1,54.2,55.0,0
2022-23,playoffs,-,3,4,240.0,113.7,30.6,52.8,26.4,31.8,26.9,39.8,14.9,54.1,2.4,41.7,7.9,59.5,49.3,0
2022-23,play-in,-,1,0,240.0,116.0,30.0,54.2,27.0,31.0,13.0,27.3,26.0,70.6,2.0,25.0,8.0,80.0,52.1,0
2022-23,play-in,-,1,1,240.0,100.0,33.5,62.5,23.0,34.7,14.5,26.0,10.0,55.6,5.5,71.4,2.0,50.0,50.9,0
2022-23,play-in,-,1,0,265.0,108.0,27.0,36.4,24.0,28.6,14.0,26.1,25.0,68.8,4.0,100,14.0,83.3,46.7,0
2022-23,play-in,-,1,1,240.0,103.5,22.5,43.2,30.0,38.9,16.5,33.3,16.0,48.1,5.5,55.6,4.5,66.7,48.2,0
2022-23,play-in,-,1,1,252.5,111.0,23.0,47.5,35.5,45.3,15.0,31.6,19.0,66.7,1.0,50.0,3.0,100,56.3,0
2022-23,play-in,-,0,1,240.0,118.0,27.0,35.0,33.0,41.4,10.0,23.8,31.0,92.9,8.0,80.0,8.0,60.0,53.4,0
2022-23,play-in,-,1,1,240.0,109.0,32.5,45.3,26.5,29.5,18.5,37.5,12.5,56.3,0.0,0.0,3.0,33.3,47.5,0
2022-23,play-in,-,0,1,240.0,105.0,16.0,26.3,25.0,32.1,28.0,57.1,19.0,53.8,10.0,83.3,7.0,100,50.0,0
2023-24,regular-season,-,36,46,242.1,118.3,28.3,47.6,29.5,37.6,24.8,41.2,21.9,61.3,1.7,49.5,5.7,58.8,53.9,0
2023-24,regular-season,-,63,18,241.9,120.6,24.4,53.4,36.9,41.1,23.9,39.2,19.7,67.5,5.8,57.4,6.0,63.5,57.8,0
2023-24,regular-season,-,32,47,241.6,110.7,31.6,48.5,31.7,38.6,19.6,35.7,18.0,64.6,1.2,60.7,4.3,58.2,53.2,0
2023-24,regular-season,-,20,61,240.6,106.5,28.8,46.7,27.9,37.0,20.5,36.1,18.1,69.2,1.2,41.7,4.2,54.1,52.8,0
2023-24,regular-season,-,39,42,243.7,112.4,29.9,52.2,30.6,36.7,21.0,42.9,16.3,58.3,4.2,49.3,5.4,56.4,53.4,0
2023-24,regular-season,-,48,34,241.5,112.6,25.0,47.4,30.9,38.7,18.8,37.9,21.7,67.8,0.8,37.5,7.4,57.8,55.7,0
2023-24,regular-season,-,49,32,240.3,117.6,29.4,53.3,29.1,37.0,28.1,40.8,18.2,70.5,1.6,49.5,4.6,61.6,56.1,0
2023-24,regular-season,-,55,25,240.3,114.4,21.3,49.1,29.1,39.6,20.6,40.3,24.3,65.5,6.2,59.1,10.4,60.6,55.9,0
2023-24,regular-season,-,14,67,240.9,109.7,28.7,47.3,25.5,35.6,22.4,39.8,20.0,66.9,1.8,48.1,5.7,56.1,52.6,0
2023-24,regular-season,-,46,35,241.9,117.8,22.6,48.9,33.9,38.7,22.0,39.3,20.2,63.8,2.6,50.0,6.3,61.5,55.8,0
2023-24,regular-season,-,41,41,242.1,114.3,25.8,48.2,28.3,37.3,22.4,37.9,17.7,62.7,3.4,54.9,7.7,58.2,52.9,0
2023-24,regular-season,-,47,35,240.3,123.3,33.2,52.9,31.8,40.5,21.3,41.8,23.2,69.8,2.4,52.7,7.4,63.4,57.8,0
2023-24,regular-season,-,50,31,240.3,115.7,25.5,49.5,26.1,40.3,26.9,41.0,20.2,66.2,3.0,55.6,6.5,59.1,56.1,0
2023-24,regular-season,-,46,35,242.2,117.9,26.0,50.6,28.9,39.6,18.6,37.9,21.8,71.2,4.6,48.6,7.4,60.3,56.5,0
2023-24,regular-season,-,27,55,241.2,105.8,29.7,46.8,32.1,36.1,15.0,34.3,14.6,61.0,2.2,47.4,5.2,51.7,50.9,0
2023-24,regular-season,-,46,36,240.9,110.1,26.3,49.0,31.3,37.9,18.1,39.3,18.5,63.7,3.7,49.1,5.5,50.7,53.8,0
2023-24,regular-season,-,49,33,241.5,119.0,27.2,54.0,32.6,39.0,23.1,39.7,17.5,70.0,4.5,54.7,4.7,61.7,56.8,0
2023-24,regular-season,-,56,26,241.5,113.0,31.9,50.1,28.9,40.3,19.0,38.0,18.2,66.5,3.8,49.6,5.4,60.0,55.9,0
2023-24,regular-season,-,49,32,240.3,115.4,31.1,49.9,32.5,39.7,18.4,42.0,17.5,65.6,4.4,56.0,6.0,59.6,56.0,0
2023-24,regular-season,-,50,32,240.6,112.8,30.4,48.0,29.2,38.7,23.6,39.6,15.8,64.5,1.4,41.9,4.3,58.0,54.0,0
2023-24,regular-season,-,57,25,241.5,120.1,36.5,53.6,34.2,40.3,22.6,44.5,16.4,65.8,0.8,45.7,4.8,63.6,57.3,0
2023-24,regular-season,-,47,35,241.2,110.5,29.0,48.9,27.7,37.2,15.3,35.4,20.6,66.5,2.2,46.8,6.0,60.2,54.1,0
2023-24,regular-season,-,46,35,241.2,114.7,29.8,47.8,28.2,39.2,21.8,37.3,17.8,62.4,3.2,49.0,5.6,52.0,53.2,0
2023-24,regular-season,-,49,32,241.2,116.4,27.9,52.7,30.9,40.0,25.2,44.9,15.5,61.3,3.2,47.2,6.3,58.8,56.5,0
2023-24,regular-season,-,20,61,242.2,106.1,28.3,44.3,29.7,37.8,17.5,35.7,18.7,59.4,1.9,48.9,5.5,48.6,50.2,0
2023-24,regular-season,-,46,36,242.1,116.6,28.5,50.8,33.2,37.5,21.7,39.8,19.2,66.4,2.3,52.7,7.5,61.7,55.6,0
2023-24,regular-season,-,21,60,241.9,111.9,26.1,48.5,32.8,35.8,15.8,35.5,20.4,66.0,3.2,45.4,8.0,60.9,53.1,0
2023-24,regular-season,-,25,56,241.2,112.3,26.7,46.3,30.6,37.3,14.6,35.0,22.1,65.4,2.3,49.7,7.2,66.4,53.5,0
2023-24,regular-season,-,31,50,241.5,115.6,30.8,47.4,31.9,37.5,15.0,34.8,23.4,68.0,1.8,46.5,5.2,59.3,53.9,0
2023-24,regular-season,-,15,67,240.6,113.7,31.2,49.3,29.1,36.2,17.7,35.7,18.0,65.4,1.1,51.9,7.3,67.0,53.8,0
2023-24,playoffs,-,16,3,241.3,108.8,26.8,52.4,31.5,39.0,21.6,34.4,13.2,66.7,4.1,49.2,4.9,61.3,55.5,0
2023-24,playoffs,-,5,7,240.0,98.1,28.5,49.0,17.0,30.7,23.3,35.5,14.7,63.3,1.7,43.5,4.3,46.5,51.0,0
2023-24,playoffs,-,13,9,240.0,106.0,28.8,49.6,24.0,38.2,25.7,39.3,18.8,66.5,2.1,51.6,4.8,64.6,54.0,0
2023-24,playoffs,-,7,5,240.0,102.2,21.8,45.8,27.7,34.9,17.0,37.1,19.4,62.0,4.6,42.6,8.5,53.5,51.9,0
2023-24,playoffs,-,8,9,242.9,113.9,28.4,54.5,31.9,40.4,22.9,42.6,20.5,65.5,4.4,65.2,8.8,65.7,57.6,0
2023-24,playoffs,-,2,4,240.0,100.3,20.3,46.2,21.2,37.3,26.0,39.5,20.2,56.7,3.5,52.9,5.3,46.2,50.6,0
2023-24,playoffs,-,1,4,240.0,106.4,28.4,50.9,19.2,31.5,21.2,39.8,20.4,71.7,6.6,53.8,7.6,55.2,54.4,0
2023-24,playoffs,-,1,4,240.0,92.2,21.2,40.2,29.4,37.1,18.6,32.5,9.4,61.8,7.2,57.7,5.2,66.7,50.7,0
2023-24,playoffs,-,2,4,244.2,110.2,26.0,46.4,27.2,43.5,25.7,36.1,14.3,67.9,6.8,51.5,3.7,43.8,53.8,0
2023-24,playoffs,-,9,7,240.0,107.5,28.8,47.9,25.7,36.9,21.5,39.8,16.5,58.5,5.3,63.3,4.8,56.6,53.8,0
2023-24,playoffs,-,0,4,240.0,89.5,20.0,36.1,24.3,31.5,17.5,33.3,16.0,60.5,4.8,33.3,5.0,50.0,44.8,0
2023-24,playoffs,-,7,6,241.9,109.9,29.0,43.5,26.1,39.2,26.5,40.7,14.7,62.9,1.7,71.4,6.2,59.3,52.1,0
2023-24,playoffs,-,6,4,240.0,105.7,30.6,46.6,28.8,35.1,26.9,44.3,12.8,73.4,0.8,37.5,3.4,56.5,53.0,0
2023-24,playoffs,-,3,4,240.0,100.3,25.1,43.5,25.0,30.9,22.1,41.9,13.9,57.4,2.7,53.3,6.0,59.3,48.1,0
2023-24,playoffs,-,2,4,244.2,108.2,19.3,39.8,34.8,42.5,19.7,36.6,12.2,56.6,5.7,55.2,5.5,75.0,52.5,0
2023-24,playoffs,-,0,4,240.0,103.3,26.8,46.9,20.5,34.6,24.0,45.2,14.0,63.9,3.0,62.5,2.5,26.7,52.8,0
2023-24,play-in,-,0,1,240.0,116.0,25.0,40.9,16.0,27.3,39.0,39.0,33.0,73.7,2.0,33.3,8.0,66.7,51.1,0
2023-24,play-in,-,1,1,240.0,111.0,28.0,51.1,34.5,38.1,18.5,37.8,19.0,69.2,2.0,33.3,4.0,57.1,54.0,0
2023-24,play-in,-,0,1,240.0,94.0,18.0,50.0,18.0,35.3,18.0,24.1,17.0,50.0,2.0,20.0,4.0,50.0,47.5,0
2023-24,play-in,-,1,0,240.0,110.0,16.0,21.4,39.0,43.3,11.0,23.8,20.0,63.6,4.0,50.0,12.0,100,50.0,0
2023-24,play-in,-,1,1,240.0,108.0,24.0,46.3,33.5,38.3,21.5,39.1,17.0,60.0,2.0,50.0,8.0,75.0,52.3,0
2023-24,play-in,-,1,1,240.0,105.5,20.5,44.7,23.0,34.8,16.0,34.1,22.5,63.3,5.0,57.1,6.5,66.7,53.4,0
2023-24,play-in,-,1,0,240.0,105.0,23.0,58.8,35.0,40.0,11.0,27.8,18.0,44.4,2.0,0.0,2.0,0.0,48.8,0
2023-24,play-in,-,1,1,240.0,108.0,28.0,49.0,33.0,44.0,23.5,29.9,15.5,64.7,5.0,37.5,5.0,44.4,50.3,0
2023-24,ist,-,1,3,240.0,124.8,30.0,46.0,24.0,34.4,28.0,44.6,24.5,60.0,4.0,100,4.3,46.7,54.6,0
2023-24,ist,-,3,2,240.0,112.2,19.8,50.0,38.8,41.0,17.0,31.0,18.4,69.0,5.6,66.7,6.4,72.2,54.5,0
2023-24,ist,-,3,1,240.0,113.8,26.5,52.4,34.0,40.0,23.3,38.7,13.3,52.3,0.5,33.3,4.3,60.0,56.5,0
2023-24,ist,-,1,3,240.0,104.8,27.3,37.5,28.5,37.1,14.0,31.0,28.0,63.2,0.8,25.0,4.3,66.7,48.5,0
2023-24,ist,-,0,4,240.0,102.3,28.0,53.4,25.5,39.8,26.3,43.0,12.3,52.6,3.0,36.4,4.0,33.3,52.9,0
2023-24,ist,-,3,1,246.3,118.5,37.3,51.4,20.3,34.1,20.0,47.1,25.0,68.7,0.5,20.0,5.0,52.6,57.1,0
2023-24,ist,-,2,2,240.0,122.3,34.8,56.4,32.3,38.7,28.5,43.6,15.3,58.1,1.5,40.0,5.5,56.3,55.9,0
2023-24,ist,-,2,2,240.0,108.0,19.3,50.8,25.3,35.3,13.8,27.1,28.3,75.4,6.3,47.4,10.5,64.5,52.2,0
2023-24,ist,-,0,4,240.0,109.8,29.5,43.4,24.8,36.8,17.3,38.1,25.5,69.2,1.3,40.0,9.8,85.7,52.1,0
2023-24,ist,-,2,2,240.0,120.8,19.8,45.3,41.0,40.7,22.8,45.7,16.0,68.4,4.3,57.1,5.0,53.8,58.0,0
2023-24,ist,-,2,2,240.0,106.0,28.3,52.4,26.0,36.9,18.5,39.2,12.0,48.8,4.0,54.5,9.0,59.1,51.3,0
2023-24,ist,-,6,0,240.0,132.7,30.3,50.0,28.8,41.4,29.3,42.9,23.8,68.6,2.5,63.6,9.7,71.0,59.2,0
2023-24,ist,-,1,3,240.0,111.5,31.8,49.5,25.3,40.2,23.3,37.4,14.8,57.8,2.8,62.5,7.3,73.3,51.7,0
2023-24,ist,-,5,0,240.0,120.0,27.0,53.7,29.6,41.5,19.2,36.5,21.6,59.5,1.6,42.9,6.2,52.2,57.4,0
2023-24,ist,-,0,4,246.2,107.5,22.8,42.7,35.3,34.0,17.3,38.4,14.8,55.6,2.3,44.4,5.5,47.4,51.7,0
2023-24,ist,-,2,2,240.0,113.5,28.0,58.7,31.0,36.4,17.8,40.8,17.8,64.6,3.3,38.5,5.3,43.5,56.0,0
2023-24,ist,-,5,1,240.0,127.8,34.3,59.2,32.7,41.5,27.5,41.4,15.2,65.0,2.0,40.0,8.0,67.6,60.7,0
2023-24,ist,-,3,1,240.0,109.5,30.5,43.8,26.5,38.7,21.5,40.7,16.3,65.1,4.0,46.7,4.3,58.3,52.7,0
2023-24,ist,-,4,1,240.0,118.0,31.6,47.6,32.8,43.6,17.6,44.8,19.8,66.2,2.4,53.8,7.6,73.9,57.4,0
2023-24,ist,-,3,2,240.0,112.4,35.4,51.9,25.8,36.7,23.8,39.2,12.8,56.0,3.6,60.0,1.6,36.4,53.0,0
2023-24,ist,-,1,3,240.0,115.8,34.8,54.8,31.5,37.1,19.0,43.6,14.3,67.6,1.0,100,6.5,58.8,56.2,0
2023-24,ist,-,3,1,240.0,111.5,26.5,45.8,31.5,40.4,12.0,27.0,22.8,81.3,1.0,100,6.0,64.3,55.5,0
2023-24,ist,-,2,2,246.3,121.3,36.0,50.5,22.5,34.0,18.3,37.5,16.0,57.5,4.5,36.4,4.8,35.7,51.1,0
2023-24,ist,-,3,2,240.0,116.6,29.6,49.5,29.0,42.0,24.0,42.9,16.0,64.4,2.4,30.0,7.4,57.1,58.4,0
2023-24,ist,-,1,3,246.3,104.0,23.0,36.0,33.3,40.0,13.8,29.3,19.5,54.8,1.5,30.0,9.3,59.1,47.8,0
2023-24,ist,-,4,1,240.0,119.8,32.2,54.0,31.0,35.1,24.4,42.9,17.6,65.5,1.2,30.0,6.0,57.9,55.4,0
2023-24,ist,-,0,4,240.0,107.3,13.0,31.3,37.5,36.6,18.0,38.3,24.5,70.5,3.8,35.7,4.5,56.3,50.7,0
2023-24,ist,-,1,3,240.0,109.0,19.3,35.0,35.0,39.8,17.5,42.7,19.0,68.0,1.8,42.9,8.5,89.5,54.6,0
2023-24,ist,-,2,2,240.0,117.3,25.5,46.9,31.5,36.8,20.5,40.2,23.0,68.4,0.5,33.3,5.3,53.8,55.1,0
2023-24,ist,-,0,4,240.0,114.5,40.3,52.9,32.5,43.1,17.5,37.0,13.3,60.0,0.5,33.3,6.3,78.6,57.0,0
2024-25,regular-season,-,40,42,241.2,118.2,25.5,47.4,31.1,37.5,17.9,36.5,23.5,62.2,1.1,44.9,7.7,62.6,54.6,0
2024-25,regular-season,-,61,21,241.8,116.3,22.5,55.1,37.3,39.1,25.0,36.7,18.4,65.8,4.9,51.8,4.9,57.1,56.1,0
2024-25,regular-season,-,26,56,241.2,105.1,26.5,45.3,34.3,36.1,14.2,35.0,16.6,61.6,1.3,44.3,4.4,53.3,51.6,0
2024-25,regular-season,-,19,63,240.9,105.1,26.7,43.1,28.4,35.8,20.3,33.3,19.1,64.0,1.4,43.7,5.5,53.6,50.3,0
2024-25,regular-season,-,39,43,240.9,117.8,27.3,50.2,37.5,37.4,17.2,38.2,16.1,65.2,2.3,49.7,5.9,66.6,55.3,0
2024-25,regular-season,-,64,18,240.9,121.9,28.5,51.8,33.6,39.5,23.6,39.4,21.6,72.2,1.6,65.4,7.5,64.7,57.8,0
2024-25,regular-season,-,39,43,240.6,114.2,31.2,49.8,27.6,39.1,22.7,38.0,19.3,70.8,2.3,45.2,5.4,64.4,54.9,0
2024-25,regular-season,-,50,32,242.1,120.8,20.5,50.5,29.5,39.5,17.4,38.4,29.8,67.8,5.8,57.2,10.9,62.9,57.3,0
2024-25,regular-season,-,44,38,241.5,115.5,27.6,48.7,29.0,37.9,20.9,37.8,20.2,67.6,3.2,53.7,6.2,62.6,54.7,0
2024-25,regular-season,-,48,34,240.6,113.8,20.6,44.8,35.4,37.3,19.4,36.3,19.4,62.2,1.4,47.0,5.8,56.6,53.6,0
2024-25,regular-season,-,52,30,241.2,114.3,24.8,46.6,29.6,37.9,21.2,35.6,19.7,61.2,4.0,51.9,6.6,54.7,52.3,0
2024-25,regular-season,-,50,32,242.1,117.4,28.3,52.5,31.5,39.6,23.3,39.8,20.0,66.7,4.4,56.1,6.7,60.1,56.2,0
2024-25,regular-season,-,50,32,241.5,112.9,26.4,48.2,25.5,40.4,24.0,37.8,20.5,65.4,4.1,58.7,6.5,58.6,55.4,0
2024-25,regular-season,-,50,32,240.6,113.4,25.3,50.0,30.8,38.2,20.9,37.7,19.4,69.1,3.5,45.6,5.9,56.0,55.7,0
2024-25,regular-season,-,48,34,240.3,121.7,32.3,49.6,34.1,38.0,17.4,40.3,21.0,66.3,3.0,55.8,4.9,57.1,55.4,0
2024-25,regular-season,-,37,45,243.1,110.6,26.4,49.4,32.1,38.2,20.7,39.6,17.9,63.3,2.3,39.9,5.3,52.8,54.4,0
2024-25,regular-season,-,48,34,240.9,115.5,24.5,51.3,33.9,40.5,23.0,40.3,15.9,68.0,4.5,51.7,5.0,63.2,56.8,0
2024-25,regular-season,-,49,33,241.8,114.3,27.6,47.7,29.5,38.4,24.0,37.3,18.1,66.3,2.1,46.4,4.8,61.2,55.4,0
2024-25,regular-season,-,21,61,240.9,109.8,28.8,44.7,27.8,37.2,21.3,36.6,17.7,63.1,1.4,50.0,5.7,59.8,51.9,0
2024-25,regular-season,-,51,31,242.4,115.8,29.5,50.5,28.9,38.8,22.6,40.2,19.2,66.3,3.5,52.0,5.9,60.5,55.6,0
2024-25,regular-season,-,68,14,240.3,120.5,32.9,50.8,36.4,40.5,24.3,40.6,16.5,68.0,0.7,39.0,5.7,58.3,56.0,0
2024-25,regular-season,-,41,41,240.6,105.4,25.6,46.9,27.3,33.5,18.3,36.1,19.0,66.4,1.7,48.0,5.9,57.0,51.0,0
2024-25,regular-season,-,24,58,241.5,109.6,29.7,49.8,27.9,36.2,21.7,36.8,14.4,61.4,2.5,51.8,4.0,58.7,52.7,0
2024-25,regular-season,-,36,46,241.8,113.6,27.0,51.2,37.6,40.9,25.5,42.9,13.7,63.8,1.8,42.5,5.9,57.3,56.1,0
2024-25,regular-season,-,36,46,241.2,110.9,29.6,47.2,30.0,35.1,18.1,36.7,19.1,62.5,0.9,50.0,4.5,55.0,52.1,0
2024-25,regular-season,-,40,42,242.4,115.7,26.2,51.6,31.5,37.5,25.1,41.8,19.6,66.0,4.3,52.0,6.5,58.9,54.8,0
2024-25,regular-season,-,34,48,240.6,113.9,26.0,48.9,33.7,36.9,19.6,37.9,18.8,65.5,2.0,52.4,6.2,58.7,54.4,0
2024-25,regular-season,-,30,52,241.5,110.9,23.6,44.4,32.1,37.2,14.8,37.0,24.4,62.2,2.3,48.7,8.3,56.8,52.2,0
2024-25,regular-season,-,17,65,241.5,111.9,26.7,46.4,31.5,36.2,18.1,35.3,20.8,66.1,1.4,49.4,5.9,55.5,53.3,0
2024-25,regular-season,-,18,64,240.6,108.0,24.6,45.1,29.6,34.3,19.2,35.2,17.6,62.1,1.9,52.2,6.7,53.2,51.2,0
2024-25,playoffs,-,6,5,242.3,105.7,22.5,45.4,27.7,38.5,23.7,33.2,16.7,64.2,2.8,27.5,4.7,57.6,52.8,0
2024-25,playoffs,-,5,4,240.0,119.4,31.8,52.5,27.6,36.5,25.6,38.2,16.1,62.8,1.7,71.4,4.7,51.4,55.1,0
2024-25,playoffs,-,7,7,243.6,107.0,18.6,48.7,28.6,34.2,20.0,40.3,20.1,54.4,6.6,47.4,7.4,47.1,51.4,0
2024-25,playoffs,-,2,4,240.0,106.7,25.2,46.2,24.7,37.0,21.5,36.5,18.8,66.2,2.7,37.5,5.3,55.0,51.1,0
2024-25,playoffs,-,5,7,240.0,103.1,22.8,44.6,30.5,33.1,20.0,38.9,14.9,58.7,0.7,37.5,4.5,52.5,51.1,0
2024-25,playoffs,-,3,4,240.0,104.0,25.6,44.7,24.0,38.1,21.4,38.4,18.4,62.0,3.7,50.0,8.4,61.9,51.0,0
2024-25,playoffs,-,15,8,242.2,114.1,28.4,50.7,32.8,43.8,24.7,40.4,15.5,63.8,3.0,50.0,5.8,61.4,56.2,0
2024-25,playoffs,-,3,4,243.6,108.3,27.9,55.1,25.6,38.8,23.0,39.8,20.0,67.0,1.0,33.3,7.1,57.5,55.7,0
2024-25,playoffs,-,1,4,240.0,100.4,24.0,52.4,30.4,39.1,22.0,33.6,12.4,48.0,1.8,30.0,5.2,71.4,52.5,0
2024-25,playoffs,-,0,4,240.0,100.5,31.0,46.2,26.3,35.3,20.3,34.6,18.8,72.1,2.0,16.7,4.0,77.8,47.6,0
2024-25,playoffs,-,0,4,240.0,95.5,24.8,52.6,33.0,36.0,19.8,33.7,9.0,78.3,3.5,63.6,2.0,33.3,52.9,0
2024-25,playoffs,-,1,4,245.0,110.2,28.2,53.5,34.6,39.2,19.8,33.9,16.8,65.5,1.6,26.7,3.4,63.6,53.5,0
2024-25,playoffs,-,9,6,240.0,109.1,32.1,52.2,29.1,39.6,19.7,34.1,14.3,61.8,2.9,61.3,3.3,53.3,53.9,0
2024-25,playoffs,-,10,8,242.8,109.6,30.8,50.8,23.2,36.4,25.6,38.7,17.1,64.9,5.1,52.2,3.8,52.0,51.9,0
2024-25,playoffs,-,16,7,241.1,114.7,31.3,47.7,30.0,36.2,23.1,39.4,16.9,68.0,1.0,52.9,5.9,66.7,52.2,0
2024-25,playoffs,-,1,4,240.0,93.6,29.2,50.4,19.2,29.7,23.8,37.5,13.4,59.2,3.4,62.5,4.2,57.1,47.0,0
2024-25,play-in,-,0,2,252.5,104.5,33.5,35.8,21.0,27.5,14.0,29.7,19.0,68.0,0.0,0.0,6.0,54.5,46.2,0
2024-25,play-in,-,0,1,240.0,90.0,26.0,45.8,14.0,21.7,22.0,34.8,12.0,85.7,0.0,0.0,4.0,100,45.8,0
2024-25,play-in,-,1,1,240.0,113.0,29.5,51.2,33.0,39.7,22.0,48.7,21.0,57.1,3.0,50.0,7.5,70.0,55.9,0
2024-25,play-in,-,1,0,240.0,121.0,19.0,33.3,35.0,33.3,16.0,37.5,24.0,73.3,0.0,0.0,8.0,66.7,54.7,0
2024-25,play-in,-,1,1,240.0,118.0,28.0,38.5,29.5,46.5,21.0,40.9,23.5,66.7,1.0,0.0,4.0,80.0,54.6,0
2024-25,play-in,-,2,0,252.5,116.0,32.5,64.3,31.5,37.9,29.0,48.0,17.5,62.5,2.0,25.0,5.5,50.0,57.8,0
2024-25,play-in,-,1,0,240.0,120.0,20.0,41.2,29.0,32.3,16.0,31.8,32.0,93.3,0.0,0.0,2.0,0.0,54.4,0
2024-25,play-in,-,0,1,240.0,106.0,26.0,40.0,17.0,26.1,38.0,50.0,16.0,61.5,0.0,0.0,3.0,50.0,53.4,0
2025-26,regular-season,-,16,19,241.4,119.3,26.1,48.2,38.8,39.8,15.7,38.9,21.7,68.4,2.5,52.2,7.0,63.7,56.2,0
2025-26,regular-season,-,21,12,240.0,117.0,28.5,54.1,31.4,37.5,32.6,42.3,18.8,69.9,0.6,56.3,4.0,74.0,56.0,0
2025-26,regular-season,-,10,21,240.0,109.2,26.4,48.2,33.8,35.3,16.1,35.0,19.6,69.5,0.8,47.4,5.9,63.1,53.3,0
2025-26,regular-season,-,11,22,242.3,115.8,32.2,46.5,34.5,38.3,18.2,34.0,17.9,68.9,0.7,42.9,4.7,59.8,54.0,0
2025-26,regular-season,-,16,17,241.5,118.8,31.4,49.0,38.7,37.9,11.1,37.9,18.3,64.7,1.5,41.2,5.9,55.9,55.1,0
2025-26,regular-season,-,19,16,241.4,119.6,24.8,51.9,33.0,35.7,21.9,37.4,22.4,65.8,1.2,44.4,6.5,55.0,54.5,0
2025-26,regular-season,-,12,23,243.6,113.6,32.9,49.6,26.0,34.7,20.8,39.6,18.1,65.0,1.7,49.1,6.0,57.1,52.8,0
2025-26,regular-season,-,23,10,242.3,125.1,18.6,48.6,33.7,41.7,21.2,42.6,26.6,68.3,7.7,60.6,12.3,66.7,59.0,0
2025-26,regular-season,-,24,9,241.5,118.3,27.6,48.3,25.5,35.3,17.0,38.4,25.4,63.9,3.4,53.1,8.2,57.4,54.0,0
2025-26,regular-season,-,18,16,241.5,115.6,22.6,49.5,38.5,37.1,17.8,36.1,20.7,65.1,1.4,51.4,5.5,60.5,54.7,0
2025-26,regular-season,-,21,10,244.8,120.5,27.6,50.6,32.4,41.2,21.9,41.8,22.5,60.3,4.8,58.3,7.3,57.1,56.1,0
2025-26,regular-season,-,6,28,241.5,110.1,31.1,47.6,29.9,34.4,21.9,38.8,16.3,60.5,2.6,50.0,5.0,52.6,50.3,0
2025-26,regular-season,-,12,21,241.5,112.3,23.3,47.8,28.1,37.5,23.7,39.8,20.1,64.7,5.2,58.1,7.0,64.4,55.2,0
2025-26,regular-season,-,20,11,240.0,116.8,28.5,56.9,24.7,37.5,27.0,41.5,23.0,70.7,3.4,56.9,6.9,63.0,56.9,0
2025-26,regular-season,-,15,18,241.5,115.9,26.5,45.4,33.6,36.9,19.3,38.1,22.7,62.9,5.0,53.5,4.7,61.6,53.0,0
2025-26,regular-season,-,18,14,240.8,120.9,33.9,48.6,33.0,38.1,17.6,41.1,18.0,64.8,2.4,50.0,4.9,64.2,54.2,0
2025-26,regular-season,-,14,19,241.5,113.3,24.8,51.5,36.9,41.9,20.2,39.2,15.2,67.8,3.6,51.0,4.6,54.6,57.4,0
2025-26,regular-season,-,21,13,242.2,118.8,29.5,51.4,30.7,38.3,22.4,38.3,18.0,69.7,3.0,57.5,4.9,68.3,55.5,0
2025-26,regular-season,-,8,27,242.9,115.6,34.3,45.9,23.6,35.4,17.5,34.6,20.3,67.9,2.7,43.8,4.7,56.6,52.0,0
2025-26,regular-season,-,23,10,240.0,121.2,31.2,48.9,36.3,39.2,23.8,40.3,14.7,65.4,2.3,50.0,3.8,67.9,56.3,0
2025-26,regular-season,-,29,5,242.9,122.1,33.2,51.2,33.6,37.2,23.6,45.8,18.4,72.8,1.5,52.5,6.0,63.5,57.0,0
2025-26,regular-season,-,19,15,241.5,116.6,34.0,49.4,26.6,37.2,16.6,32.4,20.2,68.4,1.6,58.1,4.1,50.4,52.8,0
2025-26,regular-season,-,18,14,243.9,116.6,29.1,46.5,32.0,38.0,19.6,34.5,16.2,59.3,2.1,47.4,3.8,54.7,52.3,0
2025-26,regular-season,-,19,14,240.8,115.1,25.8,47.6,31.0,39.0,28.2,39.9,19.3,60.5,1.6,51.4,5.8,58.3,54.2,0
2025-26,regular-season,-,14,20,241.5,116.2,29.8,46.0,31.6,34.7,16.2,34.0,19.5,66.5,1.0,54.2,4.7,60.7,52.2,0
2025-26,regular-season,-,8,26,242.2,110.9,24.4,45.3,26.2,37.3,25.2,40.0,19.9,62.3,2.8,52.2,8.5,57.5,52.1,0
2025-26,regular-season,-,24,9,240.8,119.9,30.8,52.4,33.7,37.7,19.0,39.5,18.8,67.5,2.0,48.0,4.8,56.9,55.8,0
2025-26,regular-season,-,20,15,241.4,113.8,24.7,47.7,32.6,36.4,18.6,40.5,20.9,66.5,2.3,43.2,7.1,57.7,53.8,0
2025-26,regular-season,-,12,21,243.8,119.8,26.2,48.8,35.2,38.3,16.9,34.9,19.1,62.3,1.6,45.0,7.4,62.5,53.7,0
2025-26,regular-season,-,8,24,241.6,113.2,25.6,45.2,28.3,37.8,26.3,40.6,19.3,67.7,2.0,52.6,6.7,60.7,53.4,0
2025-26,ist,-,2,2,240.0,117.0,24.5,47.0,33.3,34.1,10.0,30.4,25.8,68.7,3.0,44.4,7.8,73.3,53.2,0
2025-26,ist,-,2,2,240.0,110.3,31.0,53.5,32.8,38.8,31.3,41.5,15.8,58.3,0.5,33.3,2.5,66.7,52.5,0
2025-26,ist,-,1,3,240.0,105.3,27.0,48.8,31.0,34.4,15.3,32.4,15.8,66.7,0.5,33.3,2.8,44.4,52.2,0
2025-26,ist,-,1,3,246.3,116.5,36.0,46.3,29.5,32.8,19.3,32.6,21.0,73.3,0.0,0.0,6.3,70.6,50.5,0
2025-26,ist,-,1,3,240.0,117.0,36.8,52.0,29.0,30.3,11.8,40.0,18.5,68.9,0.5,33.3,5.5,66.7,54.2,0
2025-26,ist,-,2,2,240.0,123.0,21.8,46.1,34.5,39.2,21.0,36.0,22.3,61.3,1.5,66.7,6.0,50.0,53.9,0
2025-26,ist,-,1,3,252.5,117.0,27.8,49.0,33.5,37.7,20.5,39.4,20.0,73.3,0.0,0.0,4.8,60.0,54.2,0
2025-26,ist,-,2,2,240.0,121.0,15.8,52.3,32.0,40.0,20.8,48.6,21.5,61.0,6.0,61.5,10.0,57.1,59.9,0
2025-26,ist,-,2,2,240.0,115.5,23.8,42.9,18.5,26.0,22.8,50.7,21.8,65.3,4.3,50.0,7.8,63.6,52.7,0
2025-26,ist,-,1,3,240.0,109.0,20.8,47.7,32.3,33.6,21.8,39.5,22.5,63.6,1.3,66.7,4.0,41.7,52.0,0
2025-26,ist,-,2,2,240.0,115.8,24.8,50.6,36.3,37.0,21.5,39.6,19.3,53.1,4.0,50.0,6.5,52.4,52.1,0
2025-26,ist,-,1,3,240.0,107.8,29.3,48.9,28.5,32.0,19.0,39.5,17.8,66.0,2.5,44.4,4.0,50.0,50.1,0
2025-26,ist,-,2,2,252.5,121.0,25.5,49.3,20.0,30.8,32.3,42.7,20.5,66.0,4.0,50.0,9.5,75.0,55.8,0
2025-26,ist,-,4,1,240.0,123.6,32.2,63.8,28.0,42.9,27.6,42.4,22.2,71.8,3.0,55.6,6.2,56.5,62.4,0
2025-26,ist,-,3,1,246.3,118.8,28.0,53.7,40.0,42.6,21.3,38.9,22.0,62.7,4.5,61.5,3.5,38.5,56.1,0
2025-26,ist,-,2,2,240.0,127.3,37.3,53.2,30.5,36.3,17.3,43.1,21.8,53.3,2.8,40.0,3.0,46.2,54.4,0
2025-26,ist,-,2,1,248.3,127.3,24.0,59.6,46.0,48.9,18.0,35.9,19.0,75.0,3.0,36.4,4.0,83.3,64.5,0
2025-26,ist,-,2,2,240.0,119.8,30.5,59.7,30.8,43.2,21.8,36.5,19.0,66.0,2.8,80.0,5.5,81.8,56.8,0
2025-26,ist,-,0,4,246.3,117.8,33.5,49.5,32.0,39.1,18.0,35.8,15.5,66.7,1.8,28.6,3.8,42.9,54.7,0
2025-26,ist,-,5,1,240.0,126.8,33.7,51.7,34.8,41.2,28.0,48.4,14.7,68.0,2.2,41.7,4.0,60.0,60.0,0
2025-26,ist,-,5,1,240.0,126.5,27.0,50.0,37.8,44.1,23.3,49.2,18.5,67.1,0.0,0.0,6.2,55.6,60.4,0
2025-26,ist,-,5,1,240.0,120.2,33.3,50.0,31.3,40.3,16.3,32.0,19.2,69.0,1.0,25.0,5.3,65.0,55.2,0
2025-26,ist,-,1,3,240.0,107.8,31.3,50.5,31.0,42.0,11.8,24.4,10.0,61.3,1.5,33.3,2.8,45.5,53.1,0
2025-26,ist,-,3,2,240.0,110.4,20.8,42.2,31.2,37.0,23.6,37.8,23.6,70.6,0.4,0.0,5.8,61.9,53.3,0
2025-26,ist,-,2,2,240.0,113.5,28.5,48.1,25.3,29.1,17.5,40.9,25.0,64.7,0.3,0.0,6.5,78.6,51.7,0
2025-26,ist,-,0,4,240.0,107.5,20.8,39.5,32.8,41.6,19.5,33.3,24.5,66.2,2.8,62.5,10.8,66.7,50.8,0
2025-26,ist,-,5,1,240.0,121.0,24.8,45.2,38.3,39.9,22.3,39.2,16.0,57.4,1.7,42.9,3.8,44.4,53.6,0
2025-26,ist,-,4,1,240.0,111.8,24.4,47.9,30.4,35.1,17.4,42.4,20.6,66.7,3.8,41.2,7.2,63.2,51.9,0
2025-26,ist,-,1,3,240.0,108.3,24.0,52.1,31.5,33.1,17.0,37.7,17.3,52.9,1.5,100,7.8,64.7,50.0,0
2025-26,ist,-,1,3,240.0,110.8,27.5,52.4,26.8,34.9,25.0,41.7,12.0,62.9,2.0,80.0,4.8,58.3,54.3,0
